in:roti	Roti / chapati, whole wheat	in	297	9.8	50	7	1 small roti:30|1 medium roti:40|1 large roti:55
in:phulka	Phulka, no ghee	in	265	9.5	54	1.5	1 phulka:30
in:roti_ghee	Roti with ghee	in	340	9	48	12	1 medium roti:45
in:paratha	Paratha, plain	in	326	7	45	13	1 paratha:80
in:aloo_paratha	Aloo paratha	in	250	5	34	10	1 paratha:120
in:paneer_paratha	Paneer paratha	in	275	9	30	13	1 paratha:120
in:puri	Puri	in	400	6	42	23	1 puri:25
in:naan	Naan	in	290	9	50	6	1 naan:90
in:butter_naan	Butter naan	in	320	8.5	48	10	1 naan:100
in:bhatura	Bhatura	in	370	7	45	18	1 bhatura:80
in:thepla	Methi thepla	in	300	8	42	11	1 thepla:40
in:rice_cooked	Rice, white, cooked	in	130	2.7	28	0.3	1 katori:150|1 cup:180|1 plate:250
in:basmati_cooked	Basmati rice, cooked	in	121	3.5	25	0.4	1 katori:150|1 cup:180
in:brown_rice_cooked	Brown rice, cooked	in	112	2.6	23	0.9	1 katori:150
in:jeera_rice	Jeera rice	in	165	3	28	4.5	1 katori:150
in:veg_pulao	Veg pulao	in	160	3.5	25	5	1 katori:180
in:chicken_biryani	Chicken biryani	in	175	9	20	6.5	1 plate:350|1 katori:200
in:veg_biryani	Veg biryani	in	155	3.5	24	5	1 plate:300
in:khichdi	Khichdi, moong dal	in	120	4.5	19	3	1 katori:200
in:curd_rice	Curd rice	in	115	3	17	3.5	1 katori:200
in:lemon_rice	Lemon rice	in	165	3	26	5.5	1 katori:180
in:dal_toor	Toor dal, cooked with tadka	in	110	6	15	3	1 katori:150
in:dal_moong	Moong dal, cooked	in	100	6.5	14	2	1 katori:150
in:dal_masoor	Masoor dal, cooked	in	105	7	14	2.5	1 katori:150
in:dal_makhani	Dal makhani	in	160	6.5	14	8.5	1 katori:150
in:dal_fry	Dal fry	in	125	6	14	5	1 katori:150
in:rajma	Rajma curry	in	140	6	18	5	1 katori:150
in:chole	Chole / chana masala	in	160	7	20	6	1 katori:150
in:sambar	Sambar	in	65	3	8	2.2	1 katori:150
in:rasam	Rasam	in	35	1	5	1.2	1 katori:150
in:kadhi	Kadhi	in	90	3	7	5.5	1 katori:150
in:paneer	Paneer, raw	in	265	18	3.5	20	1 cube:15|100 g block:100
in:paneer_butter_masala	Paneer butter masala	in	220	8	9	17	1 katori:150
in:palak_paneer	Palak paneer	in	155	7.5	6	11	1 katori:150
in:paneer_bhurji	Paneer bhurji	in	220	13	5	16	1 katori:120
in:paneer_tikka	Paneer tikka	in	240	15	6	17	1 piece:30|1 plate:180
in:matar_paneer	Matar paneer	in	170	7.5	10	11	1 katori:150
in:aloo_sabzi	Aloo sabzi, dry	in	120	2	16	5.5	1 katori:120
in:aloo_gobi	Aloo gobi	in	100	2.5	11	5	1 katori:120
in:bhindi	Bhindi masala	in	110	2.5	9	7	1 katori:120
in:baingan_bharta	Baingan bharta	in	95	2	8	6	1 katori:120
in:mixed_veg	Mixed veg sabzi	in	95	3	10	5	1 katori:120
in:cabbage_sabzi	Cabbage sabzi	in	75	2	8	4	1 katori:120
in:palak_sabzi	Palak sabzi	in	70	3	5	4.5	1 katori:120
in:chicken_curry	Chicken curry, home style	in	150	14	4	9	1 katori:150|1 piece with gravy:120
in:butter_chicken	Butter chicken	in	180	12	6	12	1 katori:150
in:tandoori_chicken	Tandoori chicken	in	165	25	3	6	1 leg piece:120|1 plate:250
in:chicken_tikka	Chicken tikka	in	170	26	3	6	1 piece:30|1 plate:180
in:chicken_breast_cooked	Chicken breast, grilled	in	165	31	0	3.6	1 breast:150
in:egg_curry	Egg curry	in	140	8	5	10	1 katori with 2 eggs:200
in:egg_bhurji	Egg bhurji	in	185	12	3	14	2 egg bhurji:120
in:omelette	Masala omelette	in	175	11	3	13	1 egg omelette:70|2 egg omelette:130
in:boiled_egg	Egg, boiled	in	155	12.6	1.1	10.6	1 egg:50|1 egg white:33
in:fish_curry	Fish curry	in	140	15	4	7	1 katori:150
in:fish_fry	Fish fry	in	220	20	6	13	1 piece:90
in:mutton_curry	Mutton curry	in	210	16	4	14	1 katori:150
in:keema	Mutton keema	in	230	17	5	16	1 katori:150
in:idli	Idli	in	115	4	24	0.5	1 idli:40
in:dosa	Plain dosa	in	168	3.9	29	3.7	1 dosa:80
in:masala_dosa	Masala dosa	in	165	3.5	25	6	1 dosa:160
in:uttapam	Uttapam	in	160	4	27	4	1 uttapam:120
in:medu_vada	Medu vada	in	300	9	28	17	1 vada:40
in:upma	Upma	in	150	4	22	5	1 katori:180
in:poha	Poha	in	180	3.5	30	5	1 plate:180
in:pongal	Ven pongal	in	150	4	20	6	1 katori:180
in:dhokla	Dhokla	in	160	6	22	5	1 piece:35
in:besan_chilla	Besan chilla	in	180	9	18	8	1 chilla:80
in:moong_chilla	Moong dal chilla	in	150	9	16	5	1 chilla:80
in:sabudana_khichdi	Sabudana khichdi	in	210	2.5	35	7	1 plate:180
in:samosa	Samosa	in	290	5	30	17	1 samosa:70
in:kachori	Kachori	in	400	7	40	24	1 kachori:50
in:vada_pav	Vada pav	in	290	6	38	12	1 vada pav:150
in:pav_bhaji	Pav bhaji, bhaji only	in	130	3	15	7	1 katori:150
in:pav	Pav bun	in	270	8.5	50	4	1 pav:40
in:pakora	Onion pakora	in	330	7	30	20	1 piece:20
in:bhel_puri	Bhel puri	in	180	4	28	6	1 plate:150
in:pani_puri	Pani puri	in	160	3	25	5	6 pieces:120
in:maggi	Instant noodles, masala, cooked	in	140	3	19	6	1 packet cooked:230
in:curd	Curd / dahi, full fat	in	62	3.2	4.5	3.4	1 katori:150|1 cup:200
in:curd_low_fat	Curd / dahi, low fat	in	45	3.8	5	1	1 katori:150
in:raita	Raita	in	60	2.5	5	3	1 katori:120
in:buttermilk	Buttermilk / chaas	in	25	1.5	2.5	1	1 glass:250
in:lassi_sweet	Sweet lassi	in	100	3	15	3	1 glass:250
in:milk_toned	Milk, toned	in	58	3.1	4.7	3	1 glass:250|1 cup:200
in:milk_full	Milk, full cream	in	68	3.2	4.8	4	1 glass:250|1 cup:200
in:chai	Chai with milk and sugar	in	45	1.5	7	1.5	1 cup:150|1 small cup:100
in:coffee_milk	Filter coffee with milk and sugar	in	50	1.5	7.5	1.7	1 cup:150
in:ghee	Ghee	in	900	0	0	100	1 tsp:5|1 tbsp:14
in:oil	Cooking oil	in	884	0	0	100	1 tsp:5|1 tbsp:14
in:butter	Butter	in	717	0.9	0.1	81	1 tsp:5|1 tbsp:14
in:peanuts_roasted	Peanuts, roasted	in	585	24	21	50	1 handful:30|1 tbsp:9
in:chana_roasted	Roasted chana	in	370	21	58	5.5	1 handful:30
in:makhana	Makhana, roasted	in	350	10	75	1	1 cup:15
in:sprouts	Moong sprouts	in	30	3	6	0.2	1 katori:100
in:whey	Whey protein powder	in	380	78	8	5	1 scoop:32
in:soya_chunks	Soya chunks, dry	in	345	52	33	0.5	1 katori dry:50
in:soya_chunks_cooked	Soya chunks curry	in	120	12	9	4	1 katori:150
in:tofu	Tofu, firm	in	145	15.5	3	9	100 g block:100
in:gulab_jamun	Gulab jamun	in	380	5	55	15	1 piece:40
in:jalebi	Jalebi	in	450	4	70	17	1 piece:25
in:rasgulla	Rasgulla	in	186	4	40	2	1 piece:50
in:kheer	Rice kheer	in	140	3.5	20	5	1 katori:150
in:halwa_suji	Suji halwa	in	360	4	45	18	1 katori:100
in:laddoo_besan	Besan laddoo	in	500	9	55	28	1 laddoo:40
in:barfi	Kaju barfi	in	470	9	55	24	1 piece:20
in:banana	Banana	in	89	1.1	23	0.3	1 small:90|1 medium:120
in:mango	Mango	in	60	0.8	15	0.4	1 cup sliced:165|1 whole:200
in:apple	Apple	in	52	0.3	14	0.2	1 medium:180
in:papaya	Papaya	in	43	0.5	11	0.3	1 cup:145
in:guava	Guava	in	68	2.6	14	1	1 guava:100
in:chikoo	Chikoo / sapota	in	83	0.4	20	1.1	1 chikoo:100
in:dates	Dates	in	282	2.5	75	0.4	1 date:8
fd:321358	Hummus, commercial	usda	229	7.35	14.9	17.1	2 tablespoon:33.9
fd:321359	Milk, reduced fat, fluid, 2% milkfat, with added vitamin A and vitamin D	usda	50	3.35	4.91	1.9	1 cup:227|1 fl oz:30.5|1 quart:976
fd:321360	Tomatoes, grape, raw	usda	27	0.83	5.51	0.63	5 tomatoes:49.7|1 cup:152
fd:321611	Beans, snap, green, canned, regular pack, drained solids	usda	21	1.04	4.11	0.39	1 cup drained:129
fd:321900	Broccoli, raw	usda	32	2.57	6.29	0.34	1 cup chopped:76
fd:322228	Milk, lowfat, fluid, 1% milkfat, with added vitamin A and vitamin D	usda	43	3.38	5.19	0.95	1 cup:233|1 fl oz:30.5|1 quart:976
fd:322559	Milk, nonfat, fluid, with added vitamin A and vitamin D (fat free or skim)	usda	34	3.43	4.89	0.08	1 cup:229|1 fl oz:30.6|1 quart:980
fd:322892	Milk, whole, 3.25% milkfat, with added vitamin D	usda	60	3.28	4.67	3.2	1 cup:229|1 fl oz:30.5|1 tablespoon:15|1 quart:976
fd:323121	Frankfurter, beef, unheated	usda	314	11.7	2.89	28	1 piece:48.6
fd:323294	Nuts, almonds, dry roasted, with salt added	usda	620	20.4	16.2	57.8	1 cup whole:135
fd:323444	Cheese, ricotta, whole milk	usda	157	7.81	6.86	11	0.2 cup:64.6|0.5 cup:129|1 cup:258
fd:323505	Kale, raw	usda	35	2.92	4.42	1.49	1 cup pieces of ~1":20.6
fd:323604	Egg, whole, raw, frozen, pasteurized	usda	150	12.3	0.91	10.3	1 oz:28.4
fd:323697	Egg, white, raw, frozen, pasteurized	usda	48	10.1	0.74	0.16	1 oz:28.4
fd:323793	Egg, white, dried	usda	376	79.9	6.02	0.65	1 tablespoon:7|1 cup sifted:107
fd:324038	Sauce, salsa, ready-to-serve	usda	29	1.44	6.74	0.19	2 tablespoon:35.7
fd:324157	Sausage, breakfast sausage, beef, pre-cooked, unprepared	usda	328	13.3	3.37	28.7	1 link:18.6
fd:324317	Onion rings, breaded, par fried, frozen, prepared, heated in oven	usda	288	4.52	36.3	14.4	1 piece:20.2
fd:324653	Pickles, cucumber, dill or kosher dill	usda	12	0.48	1.99	0.43	1 spear:40.4
fd:324860	Peanut butter, smooth style, with salt	usda	597	22.5	22.3	51.1	2 tablespoon:32|1 cup:258
fd:325036	Cheese, parmesan, grated	usda	421	29.6	12.4	28	1 tablespoon:7.6
fd:325198	Cheese, pasteurized process, American, vitamin D fortified	usda	366	18	5.27	30.6	1 slice:20.6
fd:325287	Grapefruit juice, white, canned or bottled, unsweetened	usda	37	0.55	7.59	0.7	1 cup:257
fd:325430	Peaches, yellow, raw	usda	42	0.91	10.1	0.27	1 cup slices with skin:154|1 fruit small (2-1/2" dia):147|1 fruit medium (2-2/3" dia):161|1 fruit large (2-3/4" dia):173|1 fruit extra large (3" dia):225|1 serving NLEA:147
fd:325524	Seeds, sunflower seed kernels, dry roasted, with salt added	usda	612	21	17.1	56.1	1 cup:127
fd:325658	Sausage, Italian, pork, mild, cooked, pan-fried	usda	322	18.2	2.15	26.2	1 link medium:86.6
fd:325871	Bread, white, commercially prepared	usda	270	9.43	49.2	3.59	1 slice:27.3
fd:325992	Sausage, turkey, breakfast links, mild, raw	usda	169	16.7	0.93	10.4	1 link:27.9|1 package:450
fd:326135	Cheese, swiss	usda	393	27	1.44	31	1 slice regular:21.9|1 slice thin:10.9
fd:326196	Kale, frozen, cooked, boiled, drained, without salt	usda	36	2.94	5.3	1.21	1 cup cooked:118
fd:326458	Carrots, frozen, unprepared (Includes foods for USDA's Food Distribution Program)	usda	37	0.81	7.92	0.47	
fd:326698	Mustard, prepared, yellow	usda	61	4.25	5.3	3.38	1 teaspoon:6|1 cup:249
fd:326905	Figs, dried, uncooked	usda	249	3.3	63.9	0.92	1 cup:149|1 each:8.4
fd:327046	Kiwifruit, green, raw	usda	58	1.06	14	0.44	
fd:327198	Melons, cantaloupe, raw	usda	34	0.82	8.16	0.18	1 cup cubes:160|1 cup diced:156|1 each large (about 6-1/2" dia):814|1 wedge large (1/8 of large melon):102|1 each medium (about 5" dia):552|1 wedge medium (1/8 of medium melon):69
fd:327357	Nectarines, raw	usda	39	1.06	9.18	0.28	1 cup slices:143|1 each 2-1/3" dia:129|1 each 2-1/2" dia:142|1 each 2-3/4" dia:156|1 serving NLEA:140
fd:327501	Oranges, raw, navels (Includes foods for USDA's Food Distribution Program)	usda	47	0.91	11.8	0.15	1 cup sections no membranes:165|1 each 2-7/8" dia:140
fd:327699	Strawberries, raw	usda	31	0.64	7.63	0.22	
fd:327923	Lettuce, cos or romaine, raw	usda	17	1.24	3.24	0.26	1 bunch:581
fd:328637	Cheese, cheddar	usda	408	23.3	2.44	34	1 slice:17|1 cup shredded:105
fd:328841	Cheese, cottage, lowfat, 2% milkfat	usda	84	11	4.31	2.3	1 cup:220
fd:329370	Cheese, mozzarella, low moisture, part-skim	usda	298	23.7	4.44	20.4	1 cup:86.2
fd:329490	Egg, whole, dried	usda	575	48.1	1.87	39.8	1 oz:28.4|1 cup sifted:85|1 tablespoon:5
fd:329596	Egg, yolk, raw, frozen, pasteurized	usda	296	15.6	0.59	25.1	1 oz:28.4
fd:329716	Egg, yolk, dried	usda	654	34.2	1.07	55.5	1 oz:28.4|1 cup sifted:67|1 tablespoon:4
fd:329830	Cheese, dry white, queso seco	usda	326	24.5	2.07	24.3	1 cup grated:97.3
fd:330137	Yogurt, Greek, plain, nonfat	usda	61	10.3	3.64	0.37	1 container:156
fd:330415	Yogurt, Greek, strawberry, nonfat	usda	83	8.06	12.2	0.15	1 container 5.3 oz:150
fd:330458	Oil, coconut	usda	833	0	0.84	99.1	1 tablespoon liquid oil:11.6
fd:330869	Turkey, ground, 93% lean, 7% fat, pan-broiled crumbles	usda	220	27.1	0	11.6	1 paired cooked w crumbles:155
fd:331897	Chicken, broilers or fryers, drumstick, meat only, cooked, braised	usda	156	23.9	0	5.95	1 drumstick without skin:94.7|1 drumstick with skin:104
fd:331960	Chicken, broiler or fryers, breast, skinless, boneless, meat only, cooked, braised	usda	166	32.1	0	3.24	1 piece:174
fd:332282	Sauce, pasta, spaghetti/marinara, ready-to-serve	usda	45	1.41	8.05	1.48	1 serving 1/2 cup:135
fd:332397	Ham, sliced, pre-packaged, deli meat (96%fat free, water added)	usda	106	16.7	0.27	3.73	1 slice:13.5
fd:332597	Pears, raw, bartlett (Includes foods for USDA's Food Distribution Program)	usda	57	0.38	15.1	0.16	1 cup slices:140|1 each small:148|1 each medium:178|1 each large:230
fd:332791	Olives, green, Manzanilla, stuffed with pimiento	usda	130	1.15	4.96	12.9	1 olive:3.2
fd:332864	Sausage, pork, chorizo, link or ground, cooked, pan-fried	usda	346	19.3	2.63	28.1	1 link medium:80.4|1 link long:186|1 cup ground:185
fd:333008	Cookies, oatmeal, soft, with raisins	usda	430	5.79	69.6	14.3	1 cookie:27
fd:333281	Tomatoes, canned, red, ripe, diced	usda	18	0.84	3.32	0.5	1 cup:245
fd:333374	Fish, haddock, raw	usda	74	16.3	0	0.45	1 fillet:176
fd:333476	Fish, pollock, raw	usda	56	12.3	0	0.41	1 fillet:177
fd:334194	Fish, tuna, light, canned in water, drained solids	usda	90	19	0.08	0.94	1 can drained solids:107|1 can total can contents:142
fd:334247	Sugars, granulated	usda	385	0	99.6	0.32	1 teaspoon:4|1 cup:188
fd:334462	Restaurant, Chinese, sweet and sour pork	usda	260	8.88	25.5	13.6	1 order:611|3 pieces:41.8
fd:334536	Restaurant, Chinese, fried rice, without meat	usda	174	3.84	32.5	3.19	1 cup:133
fd:334628	Restaurant, Latino, tamale, pork	usda	174	7.38	15.8	9.04	1 piece:142
fd:334720	Restaurant, Latino, pupusas con frijoles (pupusas, bean)	usda	229	5.59	31.5	9.01	1 piece:126
fd:334849	Beef, loin, top loin steak, boneless, lip-on, separable lean only, trimmed to 1/8" fat, choice, raw	usda	155	22.8	0	6.39	1 steak raw:284
fd:334897	Beef, loin, tenderloin roast, separable lean only, boneless, trimmed to 0" fat, select, cooked, roasted	usda	176	27.7	0	6.36	1 roast cooked:462
fd:334898	Beef, round, eye of round roast, boneless, separable lean only, trimmed to 0" fat, select, raw	usda	122	23.4	0	2.48	1 roast raw:690
fd:334963	Beef, round, top round roast, boneless, separable lean only, trimmed to 0" fat, select, raw	usda	123	23.7	0	2.41	1 roast raw:788
fd:335061	Beef, short loin, t-bone steak, bone-in, separable lean only, trimmed to 1/8" fat, choice, cooked, grilled	usda	219	27.3	0	11.4	1 steak cooked:360
fd:335109	Beef, short loin, porterhouse steak, separable lean only, trimmed to 1/8" fat, select, raw	usda	145	22.7	0	5.32	1 steak raw:525
fd:335240	Bread, whole-wheat, commercially prepared	usda	254	12.3	43.1	3.55	1 slice:32.1
fd:746764	Carrots, frozen, unprepared	usda	37	0.81	7.92	0.47	
fd:746771	Oranges, raw, navels	usda	47	0.91	11.8	0.15	1 cup sections no membranes:165|1 each 2-7/8" dia:140
fd:746773	Pears, raw, bartlett	usda	57	0.38	15.1	0.16	1 cup slices:140|1 each small:148|1 each medium:178|1 each large:230
fd:746952	Ham, sliced, restaurant	usda	121	19.6	2.36	3.68	1 slice:16.2
fd:747429	Cheese, American, restaurant	usda	375	17.5	6.35	31.1	1 slice:16
fd:747693	Ketchup, restaurant	usda	117	1.11	26.8	0.55	
fd:747997	Eggs, Grade A, Large, egg white	usda	55	10.7	2.36	0	1 egg white:34
fd:748236	Eggs, Grade A, Large, egg yolk	usda	334	16.2	1.02	28.8	1 egg yolk:17
fd:748967	Eggs, Grade A, Large, egg whole	usda	148	12.4	0.96	9.96	1 egg whole without shell:50.3
fd:749420	Pork, cured, bacon, cooked, restaurant	usda	500	40.9	2.1	36.5	1 slice:6.3
fd:789890	Flour, wheat, all-purpose, enriched, bleached	usda	366	10.9	77.3	1.48	
fd:789951	Flour, wheat, all-purpose, enriched, unbleached	usda	358	13.1	73.2	1.48	
fd:790018	Flour, wheat, all-purpose, unenriched, unbleached	usda	362	12	74.6	1.7	
fd:790085	Flour, whole wheat, unenriched	usda	370	15.1	71.2	2.73	
fd:790146	Flour, bread, white, enriched, unbleached	usda	363	14.3	72.8	1.65	
fd:790214	Flour, rice, white, unenriched	usda	359	6.94	79.8	1.3	
fd:790276	Flour, corn, yellow, fine meal, enriched	usda	364	6.2	80.8	1.74	
fd:790577	Onions, red, raw	usda	44	0.94	9.93	0.1	1 Onion Edible:197
fd:790646	Onions, yellow, raw	usda	38	0.83	8.61	0.05	1 Onion Edible:143
fd:790774	Bananas, overripe, raw	usda	85	0.73	20.1	0.22	1 Banana Peeled:110
fd:790991	Bananas, ripe and slightly ripe, raw	usda	97	0.74	23	0.29	1 Banana Peeled:115
fd:1104647	Garlic, raw	usda	143	6.62	28.2	0.38	
fd:1104705	Flour, soy, defatted	usda	366	51.1	32.9	3.33	
fd:1104766	Flour, soy, full-fat	usda	452	38.6	27.9	20.7	
fd:1104812	Flour, rice, brown	usda	365.25	7.19	75.5	3.85	
fd:1104867	Flour, rice, glutinous	usda	358	6.69	80.1	1.16	
fd:1104913	Flour, pastry, unenriched, unbleached	usda	358	8.75	77.2	1.64	
fd:1104962	Onions, white, raw	usda	35	0.89	7.68	0.13	
fd:1105430	Apples, red delicious, with skin, raw	usda	62	0.19	14.8	0.21	
fd:1105547	Apples, honeycrisp, with skin, raw	usda	60	0.1	14.7	0.1	
fd:1105664	Apples, granny smith, with skin, raw	usda	59	0.27	14.2	0.14	
fd:1105781	Apples, gala, with skin, raw	usda	61	0.13	14.8	0.15	
fd:1105897	Apples, fuji, with skin, raw	usda	65	0.15	15.7	0.16	
fd:1750337	Soy milk, unsweetened, plain, shelf stable	usda	38.485	3.54688	1.29313	2.125	
fd:1750338	Almond milk, unsweetened, plain, shelf stable	usda	14.5562	0.554688	0.337112	1.221	
fd:1750344	Mushroom, lion's mane	usda	35.1074	2.5	7.5897	0.2563	
fd:1750345	Mushroom, oyster	usda	33.3197	2.89875	6.94125	0.1875	
fd:1750346	Mushrooms, shiitake	usda	36.3916	2.41438	8.17062	0.195	
fd:1750347	Mushrooms, white button	usda	24.8733	2.89062	4.07937	0.3708	
fd:1750352	Spinach, baby	usda	20.7285	2.85188	2.40632	0.6188	
fd:1750353	Spinach, mature	usda	21.5797	2.90625	2.64135	0.6044	
fd:1750354	Tomato, roma	usda	18.9544	0.695625	3.83747	0.425	
fd:2003586	Flour, 00	usda	365.611	11.4	74.4462	1.52	
fd:2003587	Flour, spelt, whole grain	usda	340.583	14.475	70.723	2.543	
fd:2003588	Flour, semolina, coarse and semi-coarse	usda	365.031	11.7312	73.8234	1.597	
fd:2003589	Flour, semolina, fine	usda	365.957	13.3313	71.9857	1.838	
fd:2003590	Apple juice, with added vitamin C, from concentrate, shelf stable	usda	47.2318	0.0859375	11.364	0.2863	
fd:2003591	Orange juice, no pulp, not fortified, from concentrate, refrigerated	usda	45.723	0.734375	10.3406	0.325	
fd:2003592	Grape juice, purple, with added vitamin C, from concentrate, shelf stable	usda	64.514	0.257812	15.6228	0.2875	
fd:2003593	Grape juice, white, with added vitamin C, from concentrate, shelf stable	usda	64.6406	0.09375	15.8438	0.265	
fd:2003594	Cranberry juice, not fortified, from concentrate, shelf stable	usda	31.2988	0	7.26375	0.3375	
fd:2003595	Grapefruit juice, red, not fortified, not from concentrate, refrigerated	usda	39.8308	0.570312	9.10219	0.2669	
fd:2003596	Tomato juice, with added ingredients, from concentrate, shelf stable	usda	19.9279	0.859375	4.32062	0.2875	
fd:2003597	Orange juice, no pulp, not fortified, not from concentrate, refrigerated	usda	44.9608	0.8125	10.0124	0.3563	
fd:2003598	Mushroom, portabella	usda	26.0248	2.75	4.6583	0.3117	
fd:2003599	Mushroom, king oyster	usda	38.4604	2.40625	8.50065	0.3075	
fd:2003600	Mushroom, enoki	usda	36.715	2.41688	8.14142	0.245	
fd:2003601	Mushroom, crimini	usda	23.7226	3.09375	4.01455	0.1967	
fd:2003602	Mushroom, maitake	usda	30.9735	2.20312	6.60438	0.265	
fd:2003603	Mushroom, beech	usda	32.9954	2.18	6.7593	0.4494	
fd:2003604	Mushroom, pioppini	usda	31.2365	3.5	5.7637	0.24	
fd:2257044	Soy milk, sweetened, plain, refrigerated	usda	40.705	2.77687	2.99613	1.957	
fd:2257045	Almond milk, unsweetened, plain, refrigerated	usda	19.33	0.65625	0.67075	1.558	
fd:2257046	Oat milk, unsweetened, plain, refrigerated	usda	48.3298	0.796875	5.10032	2.749	
fd:2258586	Carrots, mature, raw	usda	44.9786	0.94125	10.2675	0.3506	
fd:2258587	Carrots, baby, raw	usda	38.251	0.805	9.0787	0.1375	
fd:2258588	Peppers, bell, green, raw	usda	19.6921	0.715	4.7781	0.1063	
fd:2258589	Peppers, bell, yellow, raw	usda	26.581	0.819375	6.60173	0.1211	
fd:2258590	Peppers, bell, red, raw	usda	26.9884	0.895625	6.65318	0.1256	
fd:2258591	Peppers, bell, orange, raw	usda	27.3843	0.881875	6.70312	0.1556	
fd:2259792	Buttermilk, low fat	usda	42.918	3.46498	4.81152	1.081	
fd:2259793	Yogurt, plain, whole milk	usda	77.3185	3.82417	5.57493	4.484	
fd:2259794	Yogurt, Greek, plain, whole milk	usda	94.5071	8.77888	4.75402	4.394	
fd:2259795	Cheese, parmesan, grated, refrigerated	usda	404.763	30.1391	4.33188	29.5	
fd:2259796	Cheese, feta, whole milk, crumbled	usda	273.472	19.7078	5.58318	19.08	
fd:2261420	Flour, almond	usda	577.625	26.2437	16.2492	50.23	
fd:2261421	Flour, oat, whole grain	usda	386.429	13.1687	69.9172	6.309	
fd:2261422	Flour, potato	usda	352.682	8.1125	79.9422	0.9513	
fd:2262072	Peanut butter, creamy	usda	589.383	23.9912	22.7038	49.43	
fd:2262073	Sesame butter, creamy	usda	648.374	19.7054	14.179	62.4	
fd:2262074	Almond butter, creamy	usda	602.51	20.7873	21.2367	53.04	
fd:2262075	Flaxseed, ground	usda	514.443	18.0359	34.3551	37.28	
fd:2263888	Raspberries, raw	usda	51.4124	1.00812	12.9044	0.1875	
fd:2263889	Blueberries, raw	usda	57.3846	0.703125	14.5718	0.3063	
fd:2263890	Grapes, red, seedless, raw	usda	77.1519	0.914375	20.1968	0.1638	
fd:2263891	Grapes, green, seedless, raw	usda	71.9393	0.89875	18.6038	0.2325	
fd:2263892	Applesauce, unsweetened, with added vitamin C	usda	46.4205	0.273438	12.2616	0.1625	
fd:2346384	Cottage cheese, full fat, large or small curd	usda	104.574	11.6244	4.59964	4.225	
fd:2346385	Cream cheese, full fat, block	usda	336.732	5.78985	4.55615	33.49	
fd:2346386	Cream, heavy	usda	335.893	2.01799	3.79951	35.56	
fd:2346387	Cream, sour, full fat	usda	192.744	3.07069	5.55551	17.99	
fd:2346388	Lettuce, iceberg, raw	usda	14.4554	0.7425	3.36875	0.07375	
fd:2346389	Lettuce, romaine, green, raw	usda	17.4583	0.976875	4.05558	0.07125	
fd:2346390	Lettuce, leaf, red, raw	usda	14.6848	0.883125	3.26057	0.1063	
fd:2346391	Lettuce, leaf, green, raw	usda	18.4931	1.09375	4.06615	0.1563	
fd:2346392	Nuts, pine nuts, raw	usda	642.992	15.7039	18.5921	61.27	
fd:2346393	Nuts, almonds, whole, raw	usda	583.597	21.4504	20.0346	51.09	
fd:2346394	Nuts, walnuts, English, halves, raw	usda	678.664	14.5644	10.9096	69.74	
fd:2346395	Nuts, pecans, halves, raw	usda	699.596	9.9587	12.6993	73.28	
fd:2346396	Oats, whole grain, rolled, old fashioned	usda	378.866	13.4964	68.6576	5.89	
fd:2346397	Oats, whole grain, steel cut	usda	379.208	12.5112	69.7508	5.8	
fd:2346398	Pineapple, raw	usda	54.0466	0.460938	14.0915	0.2113	
fd:2346399	Cherries, sweet, dark red, raw	usda	63.2908	1.03937	16.1631	0.1925	
fd:2346400	Beans, snap, green, raw	usda	33.5679	1.96875	7.41245	0.275	
fd:2346401	Potatoes, russet, without skin, raw	usda	80.9524	2.27375	17.7712	0.36	
fd:2346402	Potatoes, red, without skin, raw	usda	73.3734	2.0625	16.27	0.2475	
fd:2346403	Potatoes, gold, without skin, raw	usda	71.5752	1.8125	15.9624	0.2638	
fd:2346404	Sweet potatoes, orange flesh, without skin, raw	usda	77.3573	1.57812	17.3279	0.375	
fd:2346405	Celery, raw	usda	14.8322	0.492188	3.31651	0.1625	
fd:2346406	Cucumber, with peel, raw	usda	13.9349	0.625	2.9525	0.1775	
fd:2346407	Cabbage, green, raw	usda	27.8695	0.96125	6.38375	0.2275	
fd:2346408	Cabbage, red, raw	usda	29.9438	1.2425	6.7899	0.2138	
fd:2512371	Flour, amaranth	usda	377.961	13.2093	68.7787	6.236	
fd:2512372	Flour, quinoa	usda	378.394	11.9223	69.5246	6.601	
fd:2512373	Flour, sorghum	usda	363.859	8.27277	77.3912	3.586	
fd:2512374	Flour, buckwheat	usda	334.302	8.88492	75.0181	2.484	
fd:2512375	Flour, rye	usda	350.962	8.3952	77.1618	1.908	
fd:2512376	Flour, barley	usda	357.192	8.72168	77.3983	2.45	
fd:2512377	Flour, cassava	usda	358.557	0.918225	87.313	0.4938	
fd:2512378	Buckwheat, whole grain	usda	331.601	11.0653	71.1307	3.039	
fd:2512379	Millet, whole grain	usda	380.606	10.0218	74.4462	4.194	
fd:2512380	Rice, brown, long grain, unenriched, raw	usda	368.358	7.25305	76.688	3.306	
fd:2512381	Rice, white, long grain, unenriched, raw	usda	369.637	7.03885	80.3131	1.033	
fd:2514743	Beef, ground, 90% lean meat / 10% fat, raw	usda	190.135	18.1562	0	12.85	
fd:2514744	Beef, ground, 80% lean meat / 20% fat, raw	usda	247.813	17.5312	0	19.44	
fd:2514745	Pork, ground, raw	usda	233.442	17.8062	0	17.49	
fd:2514746	Chicken, ground, with additives, raw	usda	138.128	17.9125	0	7.161	
fd:2514747	Turkey, ground, 93% lean/ 7% fat, raw	usda	157.59	17.3438	0	9.591	
fd:2515373	Nuts, brazilnuts, raw	usda	620.951	15.0368	21.6422	57.43	
fd:2515374	Nuts, cashew nuts, raw	usda	533.478	17.4423	36.2887	38.86	
fd:2515375	Nuts, hazelnuts or filberts, raw	usda	602.395	13.4938	26.5012	53.49	
fd:2515376	Peanuts, raw	usda	550.622	23.205	26.498	43.28	
fd:2515377	Flour, chestnut	usda	384.581	5.28675	80.4502	4.636	
fd:2515378	Nuts, macadamia nuts, raw	usda	668.544	7.7857	24.0943	64.93	
fd:2515379	Nuts, pistachio nuts, raw	usda	560.688	20.5057	27.6943	45.02	
fd:2515380	Seeds, pumpkin seeds (pepitas), raw	usda	514.839	29.9079	18.6751	40.03	
fd:2515381	Seeds, sunflower seed, kernel, raw	usda	570.651	18.8733	24.5007	48.44	
fd:2515382	Flour, coconut	usda	423.627	16.1385	58.9025	15.28	
fd:2644281	Beans, cannellini, dry	usda	336.595	21.5625	59.7955	2.199	
fd:2644282	Chickpeas, (garbanzo beans, bengal gram), dry	usda	371.995	21.275	60.358	6.274	
fd:2644283	Lentils, dry	usda	350.933	23.5688	62.1713	1.925	
fd:2644284	Blackeye pea, dry	usda	345.57	21.225	61.836	2.419	
fd:2644285	Beans, black, canned, sodium added, drained and rinsed	usda	115.282	6.9125	19.8135	1.273	
fd:2644286	Beans, navy, canned, sodium added, drained and rinsed	usda	115.827	6.56875	19.9833	1.398	
fd:2644287	Beans, cannellini, canned, sodium added, drained and rinsed	usda	112.097	7.4125	18.8185	1.169	
fd:2644288	Chickpeas (garbanzo beans, bengal gram), canned, sodium added, drained and rinsed	usda	132.972	7.01875	20.3203	3.096	
fd:2644289	Beans, kidney, dark red, canned, sodium added, sugar added, drained and rinsed	usda	123.171	7.8	21.03	1.256	
fd:2644290	Beans, kidney, light red, canned, sodium added, sugar added, drained and rinsed	usda	123.514	7.30625	21.4468	1.299	
fd:2644291	Peas, green, sweet, canned, sodium added, sugar added, drained and rinsed	usda	77.7989	4.73438	12.7076	1.153	
fd:2644292	Beans, pinto, canned, sodium added, drained and rinsed	usda	113.597	6.69375	19.6002	1.266	
fd:2644293	Blackeye pea, canned, sodium added, drained and rinsed	usda	112.882	6.925	19.1659	1.296	
fd:2644294	Beans, great northern, canned, sodium added, drained and rinsed	usda	113.663	7.03125	19.3287	1.266	
fd:2646168	Pork, loin, boneless, raw	usda	173.723	21.1187	0	9.469	
fd:2646169	Pork, loin, tenderloin, boneless, raw	usda	125.021	21.5813	0	3.899	
fd:2646170	Chicken, breast, boneless, skinless, raw	usda	112.202	22.525	0	1.934	
fd:2646171	Chicken, thigh, boneless, skinless, raw	usda	149.306	18.6125	0	7.916	
fd:2646172	Beef, ribeye, steak, boneless, choice, raw	usda	259.611	18.7437	0	20.04	
fd:2646173	Beef, round, top round, boneless, choice, raw	usda	146.437	21.475	0.852	5.703	
fd:2646174	Beef, chuck, roast, boneless, choice, raw	usda	237.097	18.4	0	17.8	
fd:2646175	Beef, flank, steak, boneless, choice, raw	usda	169.563	20.1313	0	9.399	
fd:2647437	Yogurt, plain, nonfat	usda	50.0744	4.22675	8.07675	0.0875	
fd:2647438	Cheese, monterey jack, solid	usda	390.738	22.6171	1.8979	32.63	
fd:2647439	Cheese, pasteurized process cheese food or product, American, singles	usda	307.896	15.5672	8.1898	23.86	
fd:2647440	Cheese, provolone, sliced	usda	356.9	23.4529	2.45312	28.13	
fd:2647441	Cheese, oaxaca, solid	usda	298.114	22.145	2.40202	22.1	
fd:2647442	Cheese, queso fresco, solid	usda	297.417	18.8848	2.9572	23.36	
fd:2647443	Cheese, cotija, solid	usda	351.761	23.8357	2.72432	27.24	
fd:2684440	Fish, salmon, sockeye, wild caught, raw	usda	136.222	22.3	0	4.936	
fd:2684441	Fish, salmon, Atlantic, farm raised, raw	usda	203.106	20.3188	0	13.11	
fd:2684442	Fish, tilapia, farm raised, raw	usda	99.9573	19	0	2.479	
fd:2684443	Crustaceans, shrimp, farm raised, raw	usda	75.6994	15.5687	0.48495	0.8013	
fd:2684444	Fish, cod, Atlantic, wild caught, raw	usda	70.4771	16.0688	0	0.6675	
fd:2684445	Fish, catfish, farm raised, raw	usda	133.787	16.4688	0	7.308	
fd:2684446	Crustaceans, crab, blue swimming, lump, pasteurized, refrigerated	usda	86.0211	18.65	0	0.8075	
fd:2685568	Squash, summer, green, zucchini, includes skin, raw	usda	16	0.984375	3.27	0.205	
fd:2685569	Squash, summer, yellow, includes skin, raw	usda	19	0.890625	4.39	0.135	
fd:2685570	Squash, winter, butternut, raw	usda	41.7165	1.14875	10.5075	0.1675	
fd:2685571	Squash, winter, acorn, raw	usda	41.9911	1.25	10.48	0.1825	
fd:2685572	Cabbage, bok choy, raw	usda	17.0032	1.02375	3.51495	0.2338	
fd:2685573	Cauliflower, raw	usda	22.8524	1.64062	4.72307	0.2375	
fd:2685574	Collards, raw	usda	38.7581	2.96875	7.02225	0.77	
fd:2685575	Brussels sprouts, raw	usda	48.7787	3.98438	9.61562	0.565	
fd:2685576	Beets, raw	usda	40.9653	1.6875	8.787	0.3025	
fd:2685577	Eggplant, raw	usda	22.3586	0.851875	5.39933	0.12	
fd:2685578	Tomatoes, whole, canned, solids and liquids, with salt added	usda	19.1494	0.8675	4.2874	0.2063	
fd:2685579	Tomato, sauce, canned, with salt added	usda	29.104	1.35187	6.33162	0.3825	
fd:2685580	Tomato, paste, canned, without salt added	usda	88.5345	4.23438	20.1881	0.7325	
fd:2685581	Tomatoes, crushed, canned	usda	32.3137	1.4375	7.137	0.3975	
fd:2685582	Tomato, puree, canned	usda	34.7603	1.57812	8.03688	0.265	
fd:2710815	Apricot, with skin, raw	usda	43.4791	0.96125	10.2387	0.405	
fd:2710816	Melons, honeydew, raw	usda	32.9353	0.53125	8.14995	0.2163	
fd:2710817	Plantains, ripe, raw	usda	122.79	1.15625	30.9521	0.8933	
fd:2710818	Plantains, underripe, raw	usda	144.508	1.22938	33.5873	0.685	
fd:2710819	Chia seeds, dry, raw	usda	490.096	17.013	38.273	32.89	
fd:2710820	Bulgur, dry, raw	usda	349.302	11.7562	75.8817	2.421	
fd:2710821	Wild rice, dry, raw	usda	358.553	12.7875	75.6695	1.704	
fd:2710822	Arugula, baby, raw	usda	25.9079	1.64875	5.36825	0.325	
fd:2710823	Asparagus, green, raw	usda	23.5292	1.4375	5.1012	0.2163	
fd:2710824	Avocado, Hass, peeled, raw	usda	206.049	1.8125	8.3235	20.31	
fd:2710825	Rice, black, unenriched, raw	usda	360.539	7.56875	77.1882	3.438	
fd:2710826	Corn, sweet, yellow and white kernels, fresh, raw	usda	72.8577	2.78938	14.6896	1.626	
fd:2710827	Einkorn, grain, dry, raw	usda	345.68	15.1172	68.6538	3.811	
fd:2710828	Farro, pearled, dry, raw	usda	344.005	12.6394	72.1316	3.103	
fd:2710829	Fonio, grain, dry, raw	usda	376.891	7.16875	81.3053	1.693	
fd:2710830	Khorasan, grain, dry, raw	usda	347.791	14.7557	71.7943	2.8	
fd:2710831	Kiwifruit (kiwi), green, peeled, raw	usda	58.4892	1.00812	13.8181	0.64	
fd:2710832	Mandarin, seedless, peeled, raw	usda	55.6401	1.03937	13.4218	0.4575	
fd:2710833	Mango, Tommy Atkins, peeled, raw	usda	61.6358	0.5625	15.265	0.5725	
fd:2710834	Mango, Ataulfo, peeled, raw	usda	70.6388	0.6875	17.3962	0.6813	
fd:2710835	Corn flour, masa harina, white or yellow, dry, raw	usda	366.03	7.5625	76.6895	4.34	
fd:2710836	Pear, Anjou, green, with skin, raw	usda	57.3204	0.3125	14.7674	0.3713	
fd:2710837	Plum, black, with skin, raw	usda	52.7471	0.578125	13.4556	0.2825	
fd:2710838	Rice, red, unenriched, dry, raw	usda	360	8.5625	76.1545	3.44	
fd:2710839	Sorghum bran, white, unenriched, dry, raw	usda	364.503	11.1687	68.6953	9.259	
fd:2710840	Sorghum flour, white, pearled, unenriched, dry, raw	usda	349.558	10.2125	73.5065	3.238	
fd:2710841	Sorghum grain, white, pearled, unenriched, dry, raw	usda	338.39	10.25	74.872	3.265	
fd:2710842	Sorghum, whole grain, white, dry, raw	usda	340.989	10.0813	73.5738	4.219	
fd:2710843	Plantains, overripe, raw	usda	117.296	1.16688	29.1914	0.99	
fd:2727566	Chicken, drumstick, meat and skin, raw	usda	130.122	18.3562	-0.47505	5.94	
fd:2727567	Chicken, thigh, meat and skin, raw	usda	192.793	17.1062	-0.17255	13.35	
fd:2727568	Chicken, wing, meat and skin, raw	usda	172.792	18.4062	-0.45875	10.64	
fd:2727569	Chicken, breast, meat and skin, raw	usda	132.836	21.4062	-0.42825	4.777	
fd:2727570	Lamb, ground, raw	usda	241.727	17.4625	-0.2508	18.64	
fd:2727571	Bison, ground, raw	usda	164.412	19.8813	-0.14955	8.88	
fd:2727572	Beef, short loin (NY strip steak), raw	usda	196.005	21.325	0.2212	11.54	
fd:2727573	Beef, tenderloin steak, raw	usda	149.001	21.0938	0.18025	6.456	
fd:2727574	Beef, top sirloin steak, raw	usda	146.163	21.975	0.218	5.708	
fd:2727575	Pork, chop, center cut, raw	usda	144.617	22.8125	-0.5625	5.475	
fd:2727576	Pork, belly, with skin, raw	usda	385.362	15.2	-0.705	35.83	
sr:167512	Pillsbury Golden Layer Buttermilk Biscuits, Artificial Flavor, refrigerated dough	usda	307	5.88	41.18	13.24	1 serving:34
sr:167513	Pillsbury, Cinnamon Rolls with Icing, refrigerated dough	usda	330	4.34	53.42	11.27	1 serving 1 roll with icing:44
sr:167514	Kraft Foods, Shake N Bake Original Recipe, Coating for Pork, dry	usda	377	6.1	79.8	3.7	1 serving:28
sr:167515	George Weston Bakeries, Thomas English Muffins	usda	232	8	46	1.8	1 serving:57
sr:167516	Waffles, buttermilk, frozen, ready-to-heat	usda	273	6.58	41.05	9.22	1 waffle, square:39|1 waffle, round:38
sr:167517	Waffle, buttermilk, frozen, ready-to-heat, toasted	usda	309	7.42	48.39	9.49	1 oz:28|1 waffle round (4" dia):33
sr:167518	Waffle, buttermilk, frozen, ready-to-heat, microwaved	usda	289	6.92	44.16	9.4	1 waffle:35
sr:167519	Waffle, plain, frozen, ready-to-heat, microwave	usda	298	6.71	45.41	9.91	1 waffle, round (4"dia):32
sr:167520	Pie Crust, Cookie-type, Graham Cracker, Ready Crust	usda	501	5.1	64.3	24.83	1 oz:28.4|1 crust:183
sr:167521	Pie Crust, Cookie-type, Chocolate, Ready Crust	usda	484	6.08	64.48	22.42	1 crust:182
sr:167522	Pie, Dutch Apple, Commercially Prepared	usda	290	2.17	44.54	11.5	0.12 pie 1 pie (1/8 of 9" pie):131|1 slice:137|1 pie:1137|1 oz:28.4
sr:167523	Pie crust, deep dish, frozen, unbaked, made with enriched flour	usda	468	5.52	46.79	28.74	1 pie crust (average weight):225
sr:167524	Waffles, chocolate chip, frozen, ready-to-heat	usda	297	5.8	45.68	10.1	2 waffles:70
sr:167525	Tostada shells, corn	usda	474	6.15	64.43	23.38	1 piece:12.3|3 pieces (mean serving weight, aggregated over brands):37
sr:167526	Bread, salvadoran sweet cheese (quesadilla salvadorena)	usda	374	7.12	47.84	17.12	1 serving (approximate serving size):55|1 cake square (average weight of whole item):399
sr:167527	Bread, pound cake type, pan de torta salvadoran	usda	390	7.06	51.29	17.45	1 serving:55|1 cake square:622
sr:167528	Pastry, Pastelitos de Guava (guava pastries)	usda	379	5.48	47.76	18.5	1 piece:86
sr:167529	Crackers, snack, Goya Crackers	usda	433	14.25	64.35	13.35	1 serving (1 NLEA serving - about 4 crackers):30|1 cracker:12.7
sr:167530	Crackers, cream, Gamesa Sabrosas	usda	484	7.01	64.55	20.37	11 crackers (1 NLEA serving):31|1 cracker:3.1
sr:167531	Crackers, cream, La Moderna Rikis Cream Crackers	usda	464	7.19	64.88	19.5	1 crackers (1 NLEA serving):32|1 cracker:3.1
sr:167532	Bread, white wheat	usda	238	10.66	43.91	2.15	1 slice:28
sr:167533	Bagels, wheat	usda	250	10.2	48.89	1.53	1 bagel:98
sr:167534	Cream puff, eclair, custard or cream filled, iced	usda	334	4.41	37.43	18.52	4 oz:113
sr:167535	Tortillas, ready-to-bake or -fry, flour, shelf stable	usda	297	8.01	49.27	7.58	1 tortilla:49|1 package:484
sr:167536	Snacks, beef jerky, chopped and formed	usda	410	33.2	11	25.6	1 oz:28.4|1 piece, large:20|1 oz:28.4
sr:167537	Snacks, corn-based, extruded, chips, plain	usda	539	6.17	57.27	33.36	1 oz:28|1 oz:28.4|1 bag (7 oz):198
sr:167538	Snacks, corn-based, extruded, chips, barbecue-flavor	usda	523	7	56.2	32.7	1 oz:28.4|1 bag (7 oz):198
sr:167539	Snacks, corn-based, extruded, cones, plain	usda	510	5.8	62.9	26.9	1 oz:28.4
sr:167540	Snacks, fruit leather, pieces	usda	359	1	82.82	2.68	1 oz:28.4|1 package:27|1 packet (.75 oz):21
sr:167541	Snacks, fruit leather, rolls	usda	371	0.1	85.8	3	1 large:21|1 small:14
sr:167542	Snacks, granola bars, hard, plain	usda	471	10.1	64.4	19.8	1 bar:21|1 bar (1 oz):28|1 bar:25
sr:167543	Snacks, granola bars, hard, almond	usda	495	7.7	62	25.5	1 oz:28.4|1 bar:24
sr:167544	Snacks, granola bars, soft, uncoated, raisin	usda	448	7.6	66.4	17.8	1 bar (1.5 oz):43|1 bar (1 oz):28
sr:167545	Snacks, granola bars, soft, coated, milk chocolate coating, chocolate chip	usda	466	5.8	63.8	24.9	1 bar (1.25 oz):35|1 bar (1 oz):28
sr:167546	Candies, honey-combed, with peanut butter	usda	473	8.72	67.41	20.18	1 serving:40
sr:167547	Snacks, granola bars, soft, coated, milk chocolate coating, peanut butter	usda	508	10.2	53.4	31.1	1 oz:28.4|1 bar:37
sr:167548	Snacks, granola bars, soft, uncoated, peanut butter and chocolate chip	usda	432	9.8	62.2	20	1 bar (1 oz):28
sr:167549	Snacks, popcorn, oil-popped, microwave, regular flavor, no trans fat	usda	583	7.29	45.06	43.55	1 cup:11|1 oz:28.4
sr:167550	Snacks, popcorn, cakes	usda	384	9.7	80.1	3.1	1 cake:10|2 cakes:20
sr:167551	Snacks, popcorn, caramel-coated, with peanuts	usda	400	6.4	80.7	7.8	1 oz (approx 2/3 cup):28.4|2 oz:57
sr:167552	Snacks, popcorn, caramel-coated, without peanuts	usda	431	3.8	79.1	12.8	1 oz:28.4
sr:167553	Snacks, potato chips, made from dried potatoes, reduced fat	usda	502	4.56	64.76	26.14	1 oz:28.4|1 can (6 oz):170
sr:167554	Snacks, potato chips, made from dried potatoes, sour-cream and onion-flavor	usda	547	6.6	51.3	37	1 oz:28.4|1 can (6.75 oz):198
sr:167555	Snacks, pretzels, hard, plain, salted	usda	384	10.04	80.39	2.93	1 oz:28.4|1 twists:60
sr:167556	Snacks, pretzels, hard, confectioner's coating, chocolate-flavor	usda	457	7.5	70.9	16.7	1 oz:28.4|1 pretzel:11
sr:167557	Snacks, rice cakes, brown rice, sesame seed	usda	392	7.6	81.5	3.8	1 cake:9|2 cakes:18
sr:167558	Snacks, tortilla chips, plain, white corn, salted	usda	472	7.1	67.78	20.68	1 oz:28.4|1 bag:213
sr:167559	Snacks, tortilla chips, nacho cheese	usda	519	7.36	60.81	27.42	1 oz:28.4
sr:167560	Snacks, tortilla chips, ranch-flavor	usda	501	7.19	62.74	24.63	1 oz:28.4|1 bag (7 oz):198
sr:167561	Snacks, trail mix, regular	usda	462	13.8	44.9	29.4	1 cup:150|1 oz:28.4|1.5 oz:42
sr:167562	Candies, ALMOND JOY Candy Bar	usda	479	4.13	59.51	26.93	1 package 1.76 oz:49|1 bar snack size:19
sr:167563	Candies, TWIZZLERS CHERRY BITES	usda	338	2.97	79.38	1.7	18 pieces:40
sr:167564	Candies, NESTLE, BIT-O'-HONEY Candy Chews	usda	388	2	80.89	7.5	1 serving 6 pieces:40
sr:167565	Candies, NESTLE, BUTTERFINGER Bar	usda	459	5.4	72.9	18.9	1 serving 2.1 oz bar:60|1 serving 1 fun size bar 0.65 oz:18|1 serving 0.75 oz bar:21|1 bar bite size:7|1 bar king size:108|1 Butterfinger BB's:26
sr:167566	Candies, caramels, chocolate-flavor roll	usda	387	1.59	87.73	3.31	1 piece:6.6|1 bar 2.25 oz:64|1 serving 6 pieces:40
sr:167567	Baking chocolate, unsweetened, liquid	usda	472	12.1	36.2	47.7	1 oz:28.4
sr:167568	Baking chocolate, unsweetened, squares	usda	642	14.32	28.42	52.31	1 oz square Bakers:29|1 cup, grated:132|0.5 oz Hersheys:14.2
sr:167569	Candies, confectioner's coating, yogurt	usda	522	5.87	63.94	27	1 cup chips:170
sr:167570	Candies, confectioner's coating, peanut butter	usda	529	18.3	46.88	29.8	1 cup chips:168|1 oz:28.4
sr:167571	Candies, white chocolate	usda	539	5.87	59.24	32.09	1 bar (3 oz):85|1 tbsp:14|1 cup chips:170
sr:167572	Ice creams, vanilla, light	usda	180	4.78	29.46	4.83	1 serving 1/2 cup:76
sr:167573	Ice creams, vanilla, rich	usda	249	3.5	22.29	16.2	0.5 cup:107
sr:167574	Desserts, flan, caramel custard, prepared-from-recipe	usda	145	4.53	22.78	4.03	0.5 cup:153|1 recipe yield:1531
sr:167575	Ice creams, vanilla	usda	207	3.5	23.6	11	1 serving 1/2 cup:66
sr:167576	Ice creams, vanilla, light, soft-serve	usda	126	4.9	21.8	2.6	1 serving 1/2 cup:88
sr:167577	Sherbet, orange	usda	144	1.1	30.4	2	0.5 cup (4 fl oz):74|1 bar (2.75 fl oz):66
sr:167578	Candies, fudge, peanut butter, prepared-from-recipe	usda	387	3.78	77.75	6.59	1 piece:16
sr:167579	Candies, fudge, vanilla, prepared-from-recipe	usda	383	1.05	82.15	5.45	1 oz:28.4
sr:167580	Candies, fudge, vanilla with nuts	usda	435	3	74.61	13.69	1 oz:28.4
sr:167581	Candies, NESTLE, GOOBERS Chocolate Covered Peanuts	usda	512	9.7	53	34	1 package 1.375 oz:39|1 serving 0.25 cup:41|1 serving fun size:48
sr:167582	Candies, NESTLE, BABY RUTH Bar	usda	475	5.4	64.8	21.6	1 serving 2.1 oz bar:60|1 serving fun size bar 0.65 oz:18
sr:167583	Candies, TWIZZLERS Strawberry Twists Candy	usda	348	2.56	79.16	2.32	4 pieces 1.6oz:45
sr:167584	Syrups, table blends, pancake, with butter	usda	291	0	72.43	0.09	1 serving 1/4 cup:73
sr:167585	Ice creams, chocolate, light	usda	187	5	25.7	7.19	1 serving:68|1 unit:100
sr:167586	Candies, NESTLE, CHUNKY Bar	usda	519	7.5	60.4	27.5	1 serving 1.4 oz bar:40
sr:167587	Candies, milk chocolate	usda	535	7.65	59.4	29.66	1 bar, miniature:7|1 bar (1.55 oz):44|1 cup chips:168
sr:167588	Puddings, banana, dry mix, instant, prepared with 2% milk	usda	105	2.76	19.74	1.7	0.5 cup From 19191:147
sr:167589	Puddings, banana, dry mix, regular, prepared with 2% milk	usda	101	2.9	18.43	1.73	0.5 cup From 19211:142
sr:167590	Andrea's, Gluten Free Soft Dinner Roll	usda	257	5.65	40.24	8.2	1 roll:69
sr:167591	Crunchmaster, Multi-Grain Crisps, Snack Crackers, Gluten-Free	usda	456	10.91	67.18	15.92	3 crackers:3.9
sr:167592	Glutino, Gluten Free Cookies, Chocolate Vanilla Creme	usda	474	2.19	76.03	17.89	3 cookies:44
sr:167593	Glutino, Gluten Free Cookies, Vanilla Creme	usda	487	2.19	77.34	18.79	3 cookies:45
sr:167594	Pepperidge Farm, Goldfish, Baked Snack Crackers, Original	usda	467	9.42	65.81	18.42	1 goldfish:5.2
sr:167595	Pepperidge Farm, Goldfish, Baked Snack Crackers, Parmesan	usda	459	11.16	64.7	17.29	1 goldfish:5.3
sr:167596	Pepperidge Farm, Goldfish, Baked Snack Crackers, Pizza	usda	469	9.67	65.11	18.93	1 goldfish:5.1
sr:167597	Rudi's, Gluten-Free Bakery, Original Sandwich Bread	usda	320	3.13	52.83	10.7	1 slice:34
sr:167598	Udi's, Gluten Free, Soft & Delicious White Sandwich Bread	usda	298	5.4	51.15	8.02	1 slice:28
sr:167599	Udi's, Gluten Free, Soft & Hearty Whole Grain Bread	usda	309	7.25	49.09	9.34	1 slice:25
sr:167600	Udi's, Gluten Free, Whole Grain Dinner Rolls	usda	329	11.8	44.29	11.6	1 roll:44
sr:167601	Van's, Gluten Free, Totally Original Pancakes	usda	215	3.31	40.32	4.55	1 pancake:48|1 box:352
sr:167602	Seaweed, Canadian Cultivated EMI-TSUNOMATA, dry	usda	259	15.34	46.24	1.39	0.25 cup:5
sr:167603	Seaweed, Canadian Cultivated EMI-TSUNOMATA, rehydrated	usda	31	1.86	5.62	0.17	0.25 cup:25
sr:167604	Potatoes, hash brown, refrigerated, unprepared	usda	84	1.75	19.16	0.08	1 cup unprepared:159
sr:167605	Potatoes, hash brown, refrigerated, prepared, pan-fried in canola oil	usda	242	3.24	33.99	10.3	1 cup prepared:130
sr:167606	Sweet Potatoes, french fried, frozen as packaged, salt added in processing	usda	182	2.16	35.58	8.92	12 fries:51
sr:167607	Moose, meat, raw (Alaska Native)	usda	103	22.3	0	1.5	
sr:167608	Mashu roots, raw (Alaska Native)	usda	135	5.8	22.6	2.4	
sr:167609	Moose, liver, braised (Alaska Native)	usda	155	24.38	3.43	4.89	
sr:167610	Seal, bearded (Oogruk), meat, raw (Alaska Native)	usda	110	26.7	0	0.4	
sr:167611	Oil, bearded seal (Oogruk) (Alaska Native)	usda	899	0.56	0	99.6	
sr:167612	Oopah (tunicate), whole animal (Alaska Native)	usda	67	11.7	0	2.2	
sr:167613	Owl, horned, flesh, raw (Alaska Native)	usda	136	22.7	0	5	
sr:167614	Fish, salmon, king, chinook, smoked and canned (Alaska Native)	usda	150	23.2	0	5.9	
sr:167615	Fish, salmon, king, chinook, smoked, brined (Alaska Native)	usda	430	39.9	0	30	
sr:167616	Fish, salmon, king, chinook, liver (Alaska Native)	usda	156	16.6	4.3	8	
sr:167617	Duck, scoter, white-winged, meat (Alaska Native)	usda	84	20.2	0	0.4	
sr:167618	Sea cucumber, yane (Alaska Native)	usda	56	13	0	0.4	
sr:167619	Squirrel, ground, meat (Alaska Native)	usda	111	19.3	0	3.8	
sr:167620	Tea, tundra, herb and laborador combination (Alaska Native)	usda	1	0	0.2	0	
sr:167621	Walrus, meat, dried (Alaska Native)	usda	251	57	0	2.6	
sr:167622	Deer (venison), sitka, raw (Alaska Native)	usda	116	21.5	0	2.66	
sr:167623	Whale, bowhead, subcutaneous fat (blubber) (Alaska Native)	usda	870	0.4	0	96.5	
sr:167624	Whale, bowhead, skin and subcutaneous fat (muktuk) (Alaska Native)	usda	465	12.6	0	46.1	
sr:167625	Oil, whale, bowhead (Alaska Native)	usda	900	0	0	100	
sr:167626	Fish, whitefish, broad, liver (Alaska Native)	usda	104	11	5.1	4.4	
sr:167627	Mush, blue corn with ash (Navajo)	usda	54	0.66	11.74	0.49	
sr:167628	Cornmeal, blue (Navajo)	usda	398	10.4	76.93	5.44	
sr:167629	Melon, banana (Navajo)	usda	21	0.84	4.06	0.2	
sr:167630	Chilchen (Red Berry Beverage) (Navajo)	usda	44	0.81	8.68	0.63	
sr:167631	Corn, dried (Navajo)	usda	386	9.88	74.93	5.22	
sr:167632	Squash, Indian, cooked, boiled (Navajo)	usda	16	0.31	3.22	0.15	1 oz:28.4
sr:167633	Bread, kneel down (Navajo)	usda	195	4.29	39.47	2.21	1 oz:28.4
sr:167634	Mutton, cooked, roasted (Navajo)	usda	234	33.43	0.08	11.09	1 oz:28.4
sr:167635	Frybread, made with lard (Navajo)	usda	330	6.69	48.26	12.22	1 piece:152
sr:167636	Tamales (Navajo)	usda	153	6.28	18.12	6.12	1 piece:186
sr:167637	Stew, steamed corn (Navajo)	usda	112	8.82	10.8	3.75	
sr:167638	Fish, halibut, raw, with skin (Alaska Native)	usda	116	20.53	1.81	2.92	
sr:167639	Fish, salmon, coho (silver), raw (Alaska Native)	usda	140	22.56	0	5.57	
sr:167640	Blueberries, wild, raw (Alaska Native)	usda	61	1.22	12.31	0.76	
sr:167641	Oil, spotted seal (Alaska Native)	usda	894	0	0	99.32	
sr:167642	Fish, salmon, red, canned, bones removed (Alaska Native)	usda	161	27.31	0	5.76	
sr:167643	Fish, whitefish, eggs (Alaska Native)	usda	104	14.66	4.89	2.88	
sr:167644	Caribou, rump meat, half dried (Alaska Native)	usda	255	52.06	0	5.23	
sr:167645	Fish, salmon, red, (sockeye), canned, smoked (Alaska Native)	usda	206	35.19	0	7.26	
sr:167646	Fish, salmon, red, (sockeye), kippered (Alaska Native)	usda	141	24.5	0	4.75	
sr:167647	Fish, salmon, king, with skin, kippered, (Alaska Native)	usda	209	23.19	0	12.95	
sr:167648	Fish, sheefish, raw (Alaska Native)	usda	115	22.25	0	2.84	
sr:167649	Buffalo, free range, top round steak, raw (Shoshone Bannock)	usda	97	21.44	0	1.3	
sr:167650	Seal, bearded (Oogruk), meat, partially dried (Alaska Native)	usda	270	62.38	0	2.31	
sr:167651	Buffalo, free range, top round steak, cooked (Shoshone Bannock)	usda	146	32.51	0	1.8	
sr:167652	Elk, free range, roast, eye of round, raw (Shoshone Bannock)	usda	98	19.74	0	2.1	
sr:167653	Corn, dried, yellow (Northern Plains Indians)	usda	419	14.48	66.27	10.64	1 oz:28.4
sr:167654	Smelt, dried (Alaska Native)	usda	386	56.19	0	17.9	
sr:167655	Frybread, made with lard (Apache)	usda	309	8.38	46.01	10.14	
sr:167656	Corned beef and potatoes in tortilla (Apache)	usda	224	7.91	29.35	8.31	
sr:167657	ON THE BORDER, soft taco with ground beef, cheese and lettuce	usda	229	13.19	19.28	11.05	1 serving varied from 2-3 tacos per serving:324
sr:167658	Restaurant, Mexican, soft taco with ground beef, cheese and lettuce	usda	219	12.56	17.92	10.81	1 serving varied from 1 to 3 tacos per serving:281|1 taco:134|2 taco:279|3 taco:389
sr:167659	Restaurant, Latino, chicken and rice, entree, prepared	usda	174	12.02	20.03	5.06	1 cup:141
sr:167660	Restaurant, Latino, empanadas, beef, prepared	usda	335	11.31	31.19	18.37	1 piece:89
sr:167662	Restaurant, Latino, pupusas con queso (pupusas, cheese)	usda	256	11.72	22.39	13.25	1 piece:117
sr:167663	Restaurant, Latino, pupusas del cerdo (pupusas, pork)	usda	232	11.51	23.02	10.43	1 piece:122
sr:167664	Restaurant, Latino, tamale, corn	usda	186	3.48	26.68	7.21	1 piece:166
sr:167665	Restaurant, Mexican, spanish rice	usda	185	3.28	31.16	5.29	1 cup:116
sr:167666	Restaurant, Mexican, refried beans	usda	156	6.91	16.79	6.77	1 cup:148
sr:167667	Restaurant, Chinese, egg rolls, assorted	usda	250	8.28	27.29	11.94	1 piece:89
sr:167669	CRACKER BARREL, steak fries	usda	255	3.26	30.87	13.18	1 serving:198
sr:167670	CRACKER BARREL, grilled sirloin steak	usda	203	31.52	0	8.52	1 steak:151
sr:167671	CRACKER BARREL, macaroni n' cheese plate, from kid's menu	usda	192	6.46	15.58	11.51	1 serving:257|1 cup:149
sr:167672	DENNY'S, french fries	usda	282	3.41	35.2	14.13	1 serving:165
sr:167673	DENNY'S, top sirloin steak	usda	182	28.9	0.14	7.34	1 steak:107
sr:167674	Restaurant, Chinese, lemon chicken	usda	252	11.87	20.61	13.55	1 order:623|3 pieces:73
sr:167675	Restaurant, Chinese, general tso's chicken	usda	295	12.9	23.99	16.36	1 order:535|3 pieces:53
sr:167676	Restaurant, Chinese, kung pao chicken	usda	129	9.76	6.87	6.98	1 order:604
sr:167677	Restaurant, Chinese, vegetable lo mein, without meat	usda	121	4.77	20.16	2.35	1 order:741|1 cup:136
sr:167678	Restaurant, Chinese, chicken and vegetables	usda	95	8.18	5.38	4.56	1 order:693|1 cup:153
sr:167679	Restaurant, Chinese, orange chicken	usda	262	14.46	22.46	12.68	1 order:648|3 pieces:63
sr:167680	Restaurant, Italian, spaghetti with meat sauce	usda	121	5.79	16.4	3.59	1 serving:554
sr:167681	Beverages, fruit-flavored drink, dry powdered mix, low calorie, with aspartame	usda	218	0.45	87.38	0.04	1 tsp:8
sr:167682	Pectin, liquid	usda	11	0	2.1	0	1 fl oz assumed specific gravity of honey:28.4
sr:167683	Frozen novelties, ice cream type, vanilla ice cream, light, no sugar added, chocolate coated	usda	221	6.4	26.11	10.1	1 bar:78
sr:167684	Creamy dressing, made with sour cream and/or buttermilk and oil, reduced calorie	usda	160	1.5	7	14	1 tbsp:15|1 cup:245
sr:167685	Bologna, beef and pork, low fat	usda	230	11.5	2.6	19.3	1 cup pieces:138|1 cubic inch:14|1 slice, medium:28|1 slice, thick:43|1 slice, thin:14
sr:167686	Milk dessert, frozen, milk-fat free, chocolate	usda	167	4.3	37.7	1	1 cup:137
sr:167687	Whipped topping, frozen, low fat	usda	224	3	23.6	13.1	1 cup:75
sr:167688	Cream substitute, powdered, light	usda	431	1.9	73.4	15.7	1 cup:94|1 packet:3
sr:167689	Candies, MARS SNACKFOOD US, M&M's Peanut Butter Chocolate Candies	usda	529	10.16	56.89	29.32	1 serving 1.63 oz singles bag:46|1 cup:203|1 piece:2.2
sr:167691	Vegetable oil-butter spread, reduced calorie	usda	465	0	0	53	1 tbsp:13|1 cup:207
sr:167692	Salad dressing, blue or roquefort cheese dressing, light	usda	86	2.1	13.2	2.7	1 tbsp:16|1 cup:249
sr:167693	Salad dressing, french dressing, reduced calorie	usda	227	0.4	27	13	1 tbsp:16|1 cup:260
sr:167694	Sausage, turkey and pork, fresh, bulk, patty or link, cooked	usda	307	22.7	0.7	23	1 cup, cooked:130|1 oz:28|1 oz cooked, yield:21|1 patty, cooked:25
sr:167695	Mayonnaise, made with tofu	usda	322	5.95	3.06	31.79	1 tbsp:15|1 cup:240
sr:167696	Frankfurter, beef, low fat	usda	140	12	1.6	9.5	1 frankfurter:57|1 cup, sliced:151
sr:167697	Milk, buttermilk, fluid, cultured, reduced fat	usda	56	4.1	5.3	2	1 cup:245|1 fl oz:30.6
sr:167698	Pork sausage rice links, brown and serve, cooked	usda	407	13.7	2.36	37.63	2 links 1 NLEA serving:45|3 links 1 NLEA serving:60
sr:167699	Salad dressing, blue or roquefort cheese dressing, fat-free	usda	115	1.52	25.6	1.01	1 tbsp:17|1 cup:265
sr:167700	Salad Dressing, mayonnaise-like, fat-free	usda	84	0.2	15.5	2.7	1 tbsp:16|1 cup:256
sr:167701	Candies, MARS SNACKFOOD US, MILKY WAY Midnight Bar	usda	443	3.2	71.22	17.5	1 serving 1.76 oz bar:50|1 bar fun size:19|1 serving 5 miniatures:41
sr:167702	Oil, flaxseed, cold pressed	usda	884	0.11	0	99.98	1 tbsp:13.6|1 cup:218
sr:167703	Cheese, cottage, lowfat, 1% milkfat, lactose reduced	usda	74	12.4	3.2	1	4 oz:113|1 cup:227
sr:167704	Salad dressing, bacon and tomato	usda	326	1.8	2	35	1 tbsp:15|1 cup:240
sr:167705	Cheese, parmesan, low sodium	usda	451	41.6	3.7	29.99	1 cup, grated:100|1 tbsp:5
sr:167706	Jams, preserves, marmalade, reduced sugar	usda	151	0	37.6	0.1	1 tablespoon:17
sr:167707	Beverages, fruit-flavored drink, powder, with high vitamin C with other added vitamins, low calorie	usda	227	0.25	91	0.16	1 tsp:2
sr:167708	Tomato and vegetable juice, low sodium	usda	22	0.6	4.59	0.1	1 cup:242|1 fl oz:30.2
sr:167709	Turkey, wing, smoked, cooked, with skin, bone removed	usda	221	27.4	0	12.41	3 oz with bone, cooked (yield after bone removed):85|1 cubic inch, boneless:17
sr:167710	Turkey, drumstick, smoked, cooked, with skin, bone removed	usda	200	27.9	0	9.8	3 oz with bone, cooked (yield after bone removed):85|1 cubic inch, boneless:17
sr:167711	Beverages, Chocolate-flavored drink, whey and milk based	usda	49	0.64	10.68	0.4	1 cup:244|1 fl oz:30.5
sr:167712	Pork, cured, bacon, cooked, broiled, pan-fried or roasted, reduced sodium	usda	541	37.04	1.43	41.78	3 oz:85|1 slice cooked:8
sr:167713	Turkey, light or dark meat, smoked, cooked, skin and bone removed	usda	162	29.3	0	5	3 oz:85|1 medium slice (approx 3" x 2" x 1/4"):28|1 thick slice (approx 3" x 2" x 3/8"):42
sr:167714	Hearts of palm, raw	usda	115	2.7	25.61	0.2	
sr:167715	Cereals ready-to-eat, POST, Shredded Wheat n' Bran, spoon-size	usda	339	10.93	80.65	2.06	1.25 cup (1 NLEA serving):59
sr:167716	Cheese, cottage, lowfat, 1% milkfat, with vegetables	usda	67	10.9	3	1	4 oz:113|1 cup:226
sr:167717	Yeast extract spread	usda	185	23.88	20.42	0.9	1 tsp:6
sr:167719	Chicken, meatless, breaded, fried	usda	234	21.28	8.51	12.77	1 cup, diced:130|1 cup pieces:168|1 piece:36
sr:167721	Frozen novelties, juice type, juice with cream	usda	115	1.41	24.11	1.41	2.5 oz:71
sr:167722	Tofu yogurt	usda	94	3.5	15.96	1.8	1 cup:262
sr:167723	Alcoholic beverage, rice (sake)	usda	134	0.5	5	0	1 fl oz:29.1
sr:167724	Millet, puffed	usda	354	13	80	3.4	1 cup:21
sr:167725	Cereals ready-to-eat, OAT BRAN FLAKES, HEALTH VALLEY	usda	380	10	78	3	1 cup (1 NLEA serving):50
sr:167727	Beverages, ABBOTT, ENSURE PLUS, ready-to-drink	usda	141	5.16	19.88	4.52	1 cup:252|1 fl oz:31.5
sr:167730	Milk, imitation, non-soy	usda	46	1.6	5.3	2	1 cup:244|1 fl oz:30.5
sr:167734	Breakfast bar, corn flake crust with fruit	usda	376	4.4	72.8	7.5	1 oz:28.4|1 bar:37
sr:167735	Cheese, mozzarella, low sodium	usda	280	27.5	3.1	17.1	1 cup, diced:132|1 cup, shredded:113|1 cubic inch:18|1 slice (1 oz):28
sr:167736	Mayonnaise dressing, no cholesterol	usda	688	0	0.3	77.8	1 tbsp:15|1 cup:239
sr:167737	Oil, corn, peanut, and olive	usda	884	0	0	100	1 tablespoon:14|1 teaspoon:4.5
sr:167738	Pie fillings, blueberry, canned	usda	181	0.41	44.38	0.2	1 serving:151|1 cup:262
sr:167739	Beverages, Cocktail mix, non-alcoholic, concentrated, frozen	usda	287	0.08	71.6	0.01	1 fl oz:36|1 serving 2 fl oz:71|1 can 10 fl oz:355
sr:167740	Puddings, chocolate flavor, low calorie, regular, dry mix	usda	365	10.08	74.42	3	1 serving:9.9|1 package:40
sr:167741	Puddings, all flavors except chocolate, low calorie, regular, dry mix	usda	351	1.6	86.04	0.1	1 serving:113|1 cup:260
sr:167742	Mollusks, scallop, (bay and sea), cooked, steamed	usda	111	20.54	5.41	0.84	3 oz:85
sr:167743	Syrup, Cane	usda	269	0	73.14	0	1 serving:21
sr:167744	Mollusks, snail, raw	usda	90	16.1	2	1.4	3 oz:85
sr:167745	Turtle, green, raw	usda	89	19.8	0	0.5	3 oz:85
sr:167746	Lemons, raw, without peel	usda	29	1.1	9.32	0.3	1 cup, sections:212|1 fruit (2-1/8" dia):58|1 fruit (2-3/8" dia):84|1 wedge or slice (1/8 of one 2-1/8" dia lemon):7|1 NLEA serving:58
sr:167747	Lemon juice, raw	usda	22	0.35	6.9	0.24	1 cup:244|1 fl oz:30.5|1 lemon yields:48|1 wedge yields:5.9
sr:167748	Lemon juice from concentrate, canned or bottled	usda	17	0.45	5.62	0.07	1 tbsp:15|1 tsp:5|1 fl oz:30.5|1 cup:244
sr:167749	Lemon peel, raw	usda	47	1.5	16	0.3	1 tbsp:6|1 tsp:2
sr:167750	Prickly pears, raw	usda	41	0.73	9.57	0.51	1 cup:149|1 fruit without refuse:103
sr:167751	Plums, dried (prunes), stewed, without added sugar	usda	107	0.96	28.08	0.16	1 cup, pitted:248
sr:167752	Plums, dried (prunes), stewed, with added sugar	usda	124	1.09	32.88	0.22	1 cup, pitted:248
sr:167753	Prune juice, canned	usda	71	0.61	17.45	0.03	1 cup:256|1 fl oz:32
sr:167754	Pummelo, raw	usda	38	0.76	9.62	0.04	1 cup, sections:190|1 fruit without refuse:609
sr:167756	Raspberries, canned, red, heavy syrup pack, solids and liquids	usda	91	0.83	23.36	0.12	1 cup:256
sr:167757	Raspberries, frozen, red, sweetened	usda	103	0.7	26.16	0.16	1 cup, thawed:250|1 package (10 oz):284
sr:167758	Rhubarb, raw	usda	21	0.9	4.54	0.2	1 cup, diced:122|1 stalk:51
sr:167759	Sapodilla, raw	usda	83	0.44	19.96	1.1	1 cup, pulp:241|1 sapodilla:170
sr:167760	Sapote, mamey, raw	usda	124	1.45	32.1	0.46	1 cup 1" pieces:175|1 fruit without refuse:558
sr:167761	Soursop, raw	usda	66	1	16.84	0.3	1 cup, pulp:225|1 fruit (7" x 5-1/4" dia):625
sr:167763	Tamarinds, raw	usda	239	2.8	62.5	0.6	1 cup, pulp:120|1 fruit (3" x 1"):2
sr:167764	Fruit salad, (pineapple and papaya and banana and guava), tropical, canned, heavy syrup, solids and liquids	usda	86	0.41	22.36	0.1	1 cup:257
sr:167765	Watermelon, raw	usda	30	0.61	7.55	0.15	1 cup, balls:154|1 cup, diced:152|1 melon (15" long x 7-1/2" dia):4518|1 wedge (approx 1/16 of melon):286|1 watermelon balls:122|1 NLEA serving:280
sr:167766	Maraschino cherries, canned, drained	usda	165	0.22	41.97	0.21	1 cherry (NLEA serving):5
sr:167767	Pineapple, canned, juice pack, drained	usda	60	0.51	15.56	0.11	1 cup, chunks:181|1 cup, crushed:195|1 cup, sliced:162|1 spear:26
sr:167768	Apricots, canned, heavy syrup, drained	usda	83	0.64	21.31	0.11	1 cup, halves:219|1 cup, whole:182
sr:167769	Cherries, sour, canned, water pack, drained	usda	42	0.69	10.45	0.21	1 cup:168
sr:167770	Cherries, sweet, canned, pitted, heavy syrup, drained	usda	83	0.73	21.07	0.21	1 cup:179
sr:167771	Apple juice, canned or bottled, unsweetened, with added ascorbic acid	usda	46	0.1	11.3	0.13	1 cup:248|1 fl oz:31
sr:167772	Applesauce, canned, unsweetened, with added ascorbic acid	usda	42	0.17	11.27	0.1	1 cup:244
sr:167773	Applesauce, canned, sweetened, with salt	usda	76	0.18	19.91	0.18	1 cup:255
sr:167774	Grapefruit juice, pink, raw	usda	39	0.5	9.2	0.1	1 cup:247|1 fruit yields:196
sr:167775	Apple juice, frozen concentrate, unsweetened, diluted with 3 volume water, with added ascorbic acid	usda	47	0.14	11.54	0.1	1 cup:239|1 fl oz:29.9
sr:167777	Pears, raw, red anjou	usda	62	0.33	14.94	0.14	1 small:126|1 medium:157|1 large:223|1 cup, sliced:140
sr:167778	Pears, raw, bosc (Includes foods for USDA's Food Distribution Program)	usda	67	0.36	16.1	0.09	1 cup, sliced:140|1 small:159|1 medium:179|1 large:219
sr:167779	Pears, raw, green anjou (Includes foods for USDA's Food Distribution Program)	usda	66	0.44	15.79	0.1	1 cup, sliced:140|1 small:172|1 medium:202|1 large:242
sr:167780	Prune puree	usda	257	2.1	65.1	0.2	2 tbsp:36
sr:167781	Candied fruit	usda	322	0.34	82.74	0.07	
sr:167782	Abiyuch, raw	usda	69	1.5	17.6	0.1	0.5 cup:114
sr:167783	Rowal, raw	usda	111	2.3	23.9	2	0.5 cup:114
sr:167784	Guava nectar, canned, with added ascorbic acid	usda	63	0.09	16.25	0.06	1 cup:251
sr:167785	Mango nectar, canned	usda	51	0.11	13.12	0.06	1 cup:251
sr:167786	Tamarind nectar, canned	usda	57	0.09	14.73	0.12	1 cup:251
sr:167787	Pomegranate juice, bottled	usda	54	0.15	13.13	0.29	1 cup:249|1 fl oz:31.4
sr:167788	Nance, canned, syrup, drained	usda	95	0.56	22.79	1.28	3 fruit without pits:11.1
sr:167789	Nance, frozen, unsweetened	usda	73	0.66	16.97	1.16	1 cup without pits, thawed:112|3 fruit without pits, thawed:9.8
sr:167790	Naranjilla (lulo) pulp, frozen, unsweetened	usda	25	0.44	5.9	0.22	1 cup thawed:120
sr:167791	Horned melon (Kiwano)	usda	44	1.78	7.56	1.26	1 cup:233|1 fruit (4-2/3" long x 2-3/4" dia):209
sr:167792	Orange Pineapple Juice Blend	usda	51	0.41	12.2	0.08	8 fl oz:246
sr:167793	Apples, raw, fuji, with skin (Includes foods for USDA's Food Distribution Program)	usda	63	0.2	15.22	0.18	1 cup, sliced:109|1 large:236|1 medium:192|1 small:158
sr:167794	Orange juice, chilled, includes from concentrate, with added calcium and vitamins A, D, E	usda	49	0.68	11.54	0.12	1 cup:249|1 fl oz:31.1
sr:167795	Fruit juice smoothie, NAKED JUICE, MIGHTY MANGO	usda	63	0.42	15	0	8 fl oz:240
sr:167796	Fruit juice smoothie, NAKED JUICE, GREEN MACHINE	usda	53	0.6	12.53	0.26	1 cup:275
sr:167797	Fruit juice smoothie, BOLTHOUSE FARMS, BERRY BOOST	usda	46	0.63	10.9	0.02	1 cup:252
sr:167798	Fruit juice smoothie, BOLTHOUSE FARMS, GREEN GOODNESS	usda	56	0.63	13.04	0.33	1 cup:230
sr:167799	Fruit juice smoothie, BOLTHOUSE FARMS, strawberry banana	usda	52	0.44	12.37	0.3	1 cup:233
sr:167800	Apple juice, canned or bottled, unsweetened, with added ascorbic acid, calcium, and potassium	usda	48	0.12	11.49	0.17	6 fl oz:177|1 fl oz:295
sr:167801	Lemon juice from concentrate, bottled, CONCORD	usda	24	0.4	5.37	0.07	1 tbsp:15|1 tsp:5.2
sr:167802	Lemon juice from concentrate, bottled, REAL LEMON	usda	17	0.47	5.66	0.07	1 tbsp:15|1 tsp:5
sr:167803	Cranberry sauce, whole, canned, OCEAN SPRAY	usda	158	0.75	40.4	0.05	0.25 cup:70
sr:167804	Cranberry sauce, jellied, canned, OCEAN SPRAY	usda	160	1.05	40.61	0.04	0.25 cup:70
sr:167805	Ruby Red grapefruit juice blend (grapefruit, grape, apple), OCEAN SPRAY, bottled, with added vitamin C	usda	44	0.5	10.53	0.1	8 fl oz:248
sr:167806	Baobab powder	usda	250	3.69	79.65	0.47	
sr:167807	Cherry juice, tart	usda	59	0.31	13.7	0.54	1 cup:269|1 fl oz:31.5
sr:167808	Raspberries, puree, seedless	usda	41	1.02	7.99	0.87	
sr:167809	Raspberries, puree, with seeds	usda	55	1.1	11.51	0.97	
sr:167810	Pork, fresh, composite of trimmed leg, loin, shoulder, and spareribs, (includes cuts to be cured), separable lean and fat, raw	usda	211	18.22	0	14.79	1 oz:28.4|1 lb:453.6
sr:167811	Pork, fresh, backfat, raw	usda	812	2.92	0	88.69	4 oz:113|1 lb:453.6
sr:167812	Pork, fresh, belly, raw	usda	518	9.34	0	53.01	4 oz:113|1 lb:453.6
sr:167813	Pork, fresh, separable fat, raw	usda	632	9.25	0	65.7	1 oz:28.4|4 oz:113
sr:167814	Pork, fresh, leg (ham), rump half, separable lean and fat, raw	usda	182	20.27	0	10.63	4 oz:113|1 lb:453.6
sr:167815	Pork, fresh, leg (ham), rump half, separable lean and fat, cooked, roasted	usda	209	27.03	0	10.32	1 cup, diced:135|3 oz:85
sr:167816	Pork, fresh, leg (ham), rump half, separable lean only, raw (Includes foods for USDA's Food Distribution Program)	usda	120	21.81	0	2.93	4 oz:113|1 lb:453.6|1 roast:3952
sr:167817	Pork, fresh, leg (ham), rump half, separable lean only, cooked, roasted	usda	165	28.86	0	4.62	3 oz:85|1 roast:3027
sr:167818	Pork, fresh, loin, whole, separable lean and fat, raw	usda	198	19.74	0	12.58	4 oz:113|1 chop, excluding refuse (yield from 1 raw chop, with refuse, weighing 151 g):117
sr:167819	Pork, fresh, loin, whole, separable lean and fat, cooked, braised	usda	239	27.23	0	13.62	3 oz:85|1 chop, excluding refuse (yield from 1 raw chop, with refuse, weighing 151 g):89
sr:167820	Pork, fresh, loin, whole, separable lean and fat, cooked, broiled	usda	242	27.32	0	13.92	3 oz:85|1 chop, excluding refuse (yield from 1 raw chop, with refuse, weighing 151 g):87
sr:167821	Pork, fresh, loin, whole, separable lean and fat, cooked, roasted	usda	248	27.09	0	14.65	3 oz:85|1 chop, excluding refuse (yield from 1 raw chop, with refuse, weighing 151 g):89
sr:167822	Pork, fresh, loin, blade (chops or roasts), bone-in, separable lean and fat, raw	usda	194	19.56	0	12.27	4 oz:113|1 chop:263
sr:167823	Pork, fresh, loin, blade (chops), bone-in, separable lean and fat, cooked, braised	usda	255	26.54	0	15.71	3 oz:85|1 chop:206
sr:167824	Pork, fresh, loin, blade (chops), bone-in, separable lean and fat, cooked, broiled	usda	231	23.72	0	14.35	3 oz:85|1 chop:219
sr:167825	Pork, fresh, loin, blade (roasts), bone-in, separable lean and fat, cooked, roasted	usda	254	24.29	0	16.71	3 oz:85|1 roast:830
sr:167826	Pork, fresh, loin, center loin (chops), bone-in, separable lean and fat, cooked, braised	usda	242	28.21	0	13.51	3 oz:85|1 chop:187
sr:167827	Pork, fresh, loin, center loin (chops), bone-in, separable lean and fat, cooked, broiled	usda	209	25.61	0	11.06	3 oz:85|1 chop without refuse (Yield from 1 cooked chop, with refuse, weighing 209g):157
sr:167828	Pork, fresh, loin, center loin (roasts), bone-in, separable lean and fat, cooked, roasted	usda	231	27.01	0	12.8	3 oz:85|1 roast:900
sr:167829	Pork, fresh, loin, center loin (chops), bone-in, separable lean only, raw	usda	127	21.99	0	3.71	4 oz:113|1 chop without refuse (Yield from 1 raw chop, with refuse, weighing 259g):178
sr:167830	Pork, fresh, loin, center rib (chops), bone-in, separable lean and fat, cooked, braised	usda	261	26.66	0	16.28	3 oz:85|1 chop:187
sr:167831	Pork, fresh, loin, center rib (chops), bone-in, separable lean and fat, cooked, broiled	usda	222	24.42	0	13.04	1 chop without refuse (Yield from 1 cooked chop, with refuse, weighing 172g):112|3 oz:85
sr:167832	Pork, fresh, loin, center rib (roasts), bone-in, separable lean and fat, cooked, roasted	usda	248	26.99	0	14.68	3 oz:85|1 roast:783
sr:167833	Pork, fresh, loin, center rib (chops or roasts), bone-in, separable lean only, raw	usda	136	21.79	0	4.8	4 oz:113|1 chop, excluding refuse (yield from 1 raw chop, with refuse, weighing 151 g):86
sr:167834	Pork, fresh, loin, sirloin (chops), bone-in, separable lean and fat, cooked, braised	usda	234	28.81	0	12.31	3 oz:85|1 chop:180
sr:167835	Pork, fresh, loin, sirloin (chops), bone-in, separable lean and fat, cooked, broiled	usda	222	26.96	0	11.82	3 oz:85|1 chop:195
sr:167836	Pork, fresh, loin, sirloin (roasts), bone-in, separable lean and fat, cooked, roasted	usda	230	26.64	0	12.87	3 oz:85|1 roast without refuse (Yield from 1 cooked roast, with refuse, weighing 1515g):1046
sr:167837	Pork, fresh, loin, sirloin (chops or roasts), bone-in, separable lean only, raw	usda	129	21.65	0	4.02	4 oz:113|1 lb:453.6|1 roast without refuse (Yield from 1 raw roast, with refuse, weighing 1818g):1217
sr:167838	Pork, fresh, loin, sirloin (chops), bone-in, separable lean only, cooked, braised	usda	195	31	0	6.9	3 oz:85|1 chop:180
sr:167839	Pork, fresh, loin, top loin (chops), boneless, separable lean and fat, raw	usda	155	21.55	0	6.94	4 oz:113|1 chop:185
sr:167840	Pork, fresh, loin, top loin (chops), boneless, separable lean and fat, cooked, braised	usda	200	29.2	0	8.31	1 chop:135
sr:167841	Pork, fresh, loin, top loin (chops), boneless, separable lean and fat, cooked, broiled	usda	196	26.62	0	9.14	1 chop:145|3 oz:85
sr:167842	Pork, fresh, loin, top loin (roasts), boneless, separable lean and fat, cooked, roasted	usda	192	26.45	0	8.82	3 oz:85|1 roast:848
sr:167843	Pork, fresh, shoulder, whole, separable lean and fat, raw	usda	236	17.18	0	17.99	4 oz:113|1 lb:453.6
sr:167844	Pork, fresh, shoulder, whole, separable lean and fat, cooked, roasted	usda	292	23.28	0	21.39	1 cup, diced:135|3 oz:85
sr:167845	Pork, fresh, shoulder, whole, separable lean only, raw	usda	148	19.55	0	7.14	1 oz:28.4|1 lb:453.6
sr:167846	Pork, fresh, shoulder, whole, separable lean only, cooked, roasted	usda	230	25.33	0	13.54	1 cup, diced:135|3 oz:85
sr:167847	Pork, fresh, shoulder, arm picnic, separable lean only, cooked, braised	usda	194	26.76	0	8.87	3 oz:85|1 roast:2252
sr:167848	Pork, fresh, shoulder, arm picnic, separable lean only, cooked, roasted	usda	228	26.68	0	12.62	3 oz:85|1 piece, cooked, excluding refuse (yield from 1 lb raw meat with refuse):191
sr:167849	Pork, fresh, shoulder, (Boston butt), blade (steaks), separable lean and fat, raw	usda	186	17.42	0	12.36	4 oz:113|1 steak without refuse (Yield from 1 raw steak, with refuse, weighing 380g):288|1 lb:453.6
sr:167850	Pork, fresh, shoulder, (Boston butt), blade (steaks), separable lean and fat, cooked, braised	usda	267	25.07	0	17.69	3 oz:85|1 steak without refuse (Yield from 1 cooked steak, with refuse, weighing 249g):185
sr:167851	Pork, fresh, shoulder, blade, boston (steaks), separable lean and fat, cooked, broiled	usda	259	25.58	0	16.61	3 oz:85|1 steak, excluding refuse (yield from 1 raw steak, with refuse, weighing 300 g):169
sr:167852	Pork, fresh, shoulder, blade, boston (roasts), separable lean only, cooked, roasted	usda	232	24.21	0	14.3	3 oz:85|1 piece, cooked, excluding refuse (yield from 1 lb raw meat with refuse):238
sr:167853	Pork, fresh, spareribs, separable lean and fat, raw	usda	277	15.47	0	23.4	4 oz:113
sr:167854	Pork, fresh, spareribs, separable lean and fat, cooked, braised	usda	397	29.06	0	30.3	3 oz:85|1 piece, cooked, excluding refuse (yield from 1 lb raw meat with refuse):177
sr:167855	Pork, fresh, composite of trimmed retail cuts (leg, loin, and shoulder), separable lean only, cooked	usda	201	27.51	0	9.21	3 oz:85|1 piece, cooked, excluding refuse (yield from 1 lb raw meat with refuse):231
sr:167856	Pork, fresh, variety meats and by-products, chitterlings, cooked, simmered	usda	233	12.49	0	20.32	3 oz:85
sr:167857	Pork, fresh, variety meats and by-products, ears, frozen, raw	usda	234	22.45	0.6	15.1	1 oz:28.4|1 ear:113
sr:167858	Pork, fresh, variety meats and by-products, ears, frozen, cooked, simmered	usda	166	15.95	0.2	10.8	1 ear (yield after cooking):111|1 unit, cooked (yield from 1 lb raw meat):422
sr:167859	Pork, fresh, variety meats and by-products, feet, raw	usda	212	23.16	0	12.59	4 oz:113
sr:167860	Pork, fresh, variety meats and by-products, kidneys, cooked, braised	usda	151	25.4	0	4.7	1 cup:140|3 oz:85
sr:167861	Pork, fresh, variety meats and by-products, leaf fat, raw	usda	857	1.76	0	94.16	1 oz:28.4|4 oz:113
sr:167862	Pork, fresh, variety meats and by-products, liver, raw	usda	134	21.39	2.47	3.65	1 oz:28.4|4 oz:113
sr:167863	Pork, fresh, variety meats and by-products, liver, cooked, braised	usda	165	26.02	3.76	4.4	3 oz:85
sr:167864	Pork, fresh, variety meats and by-products, lungs, raw	usda	85	14.08	0	2.72	1 oz:28.4|1 lb:453.6
sr:167865	Pork, fresh, variety meats and by-products, spleen, raw	usda	100	17.86	0	2.59	1 oz:28.4|4 oz:113
sr:167866	Pork, fresh, variety meats and by-products, spleen, cooked, braised	usda	149	28.2	0	3.2	3 oz:85
sr:167867	Pork, fresh, variety meats and by-products, stomach, raw	usda	159	16.85	0	10.14	1 oz:28.4|4 oz:113
sr:167868	Pork, fresh, loin, blade (chops), bone-in, separable lean only, cooked, pan-fried	usda	222	26.38	0	12.14	3 oz:85|1 chop:215
sr:167869	Canadian bacon, unprepared	usda	110	20.31	1.34	2.62	3 oz:85|2 slices (6 per 6-oz pkg.):57|1 package (6 oz):170
sr:167870	Pork, cured, feet, pickled	usda	140	11.63	0.01	10.02	3 oz:85|1 lb:453.6
sr:167871	Pork, cured, ham, boneless, extra lean (approximately 5% fat), roasted	usda	145	20.93	1.5	5.53	1 cup:140|3 oz:85
sr:167872	Pork, cured, ham, boneless, regular (approximately 11% fat), roasted	usda	178	22.62	0	9.02	1 cup:140|3 oz:85
sr:167873	Pork, cured, ham, patties, unheated	usda	315	12.78	1.69	28.19	1 oz:28.4|1 patty:65
sr:167874	Pork, cured, ham, steak, boneless, extra lean, unheated	usda	122	19.56	0	4.25	1 oz:28.4|1 slice:57
sr:167875	Pork, cured, ham, whole, separable lean and fat, unheated	usda	246	18.49	0.06	18.52	1 cup:140|1 oz:28.4
sr:167876	Pork, cured, ham, whole, separable lean only, unheated	usda	147	22.32	0.05	5.71	3 oz:85|1 cup:140
sr:167877	Pork, cured, separable fat (from ham and arm picnic), unheated	usda	579	5.68	0.09	61.41	1 oz:28.4|3 oz:85
sr:167878	Pork, cured, separable fat (from ham and arm picnic), roasted	usda	591	7.64	0	61.86	1 oz:28.4|3 oz:85
sr:167879	Pork, cured, shoulder, arm picnic, separable lean and fat, roasted	usda	280	20.43	0	21.35	1 cup:140|3 oz:85
sr:167880	Pork, cured, shoulder, arm picnic, separable lean only, roasted	usda	170	24.94	0	7.04	1 cup:140|3 oz:85
sr:167881	Pork, fresh, variety meats and by-products, tail, cooked, simmered	usda	396	17	0	35.8	3 oz:85|1 piece, cooked, excluding refuse (yield from 1 lb raw meat with refuse):275
sr:167882	Pork, fresh, loin, center loin (chops), bone-in, separable lean only, cooked, pan-fried	usda	195	29.56	0	7.66	3 oz:85|1 chop:172
sr:167883	Pork, fresh, loin, center rib (chops), bone-in, separable lean only, cooked, pan-fried	usda	211	28.84	0	9.73	3 oz:85|1 chop:169
sr:167884	Pork, fresh, loin, blade (chops), bone-in, separable lean and fat, cooked, pan-fried	usda	256	25.02	0	16.56	3 oz:85|1 chop:215
sr:167885	Pork, cured, ham, extra lean and regular, canned, unheated	usda	144	17.97	0	7.46	3 oz:85|1 cup:140
sr:167886	Pork, cured, ham, extra lean and regular, canned, roasted	usda	167	20.94	0.49	8.43	1 cup:140|3 oz:85
sr:167887	Pork, fresh, loin, top loin (chops), boneless, separable lean and fat, cooked, pan-fried	usda	196	29.36	0	7.86	3 oz:85|1 chop:142
sr:167888	Pork, fresh, composite of trimmed retail cuts (leg, loin, shoulder, and spareribs), separable lean and fat, raw	usda	216	18.95	0	14.95	1 oz:28.4|1 lb:453.6
sr:167889	Pork, fresh, loin, center rib (chops or roasts), boneless, separable lean and fat, raw	usda	211	19.9	0	14.01	4 oz:113|1 chop, excluding refuse (yield from 1 raw chop, with refuse, weighing 113 g):101
sr:167890	Pork, fresh, loin, center rib (chops), boneless, separable lean and fat, cooked, braised	usda	255	26.29	0	15.79	3 oz:85|1 chop, excluding refuse (yield from 1 raw chop, with refuse, weighing 113 g):81
sr:167891	Pork, fresh, loin, center rib (chops), boneless, separable lean and fat, cooked, broiled	usda	260	27.63	0	15.76	3 oz:85|1 chop, excluding refuse (yield from 1 raw chop, with refuse, weighing 113 g):80
sr:167892	Pork, fresh, loin, center rib (chops), boneless, separable lean and fat, cooked, pan-fried	usda	273	25.82	0	18.05	3 oz:85|1 chop, excluding refuse (yield from 1 raw chop, with refuse, weighing 113 g):75
sr:167893	Pork, fresh, loin, center rib (chops), boneless, separable lean only, cooked, pan-fried	usda	224	27.68	0	11.8	3 oz:85|1 chop, excluding refuse (yield from 1 raw chop, with refuse, weighing 113 g):66
sr:167894	Pork, fresh, loin, center rib (roasts), boneless, separable lean only, cooked, roasted	usda	214	28.81	0	10.13	3 oz:85|1 piece, cooked, excluding refuse (yield from 1 lb raw meat with refuse):283
sr:167895	Pork, fresh, loin, country-style ribs, separable lean and fat, raw	usda	189	19.34	0	11.82	4 oz:113|1 rib without refuse (Yield from 1 raw rib, with refuse, weighing 196g):128
sr:167896	Pork, fresh, loin, country-style ribs, separable lean and fat, cooked, braised	usda	273	26.49	0	17.71	1 rib without refuse (Yield from 1 cooked rib, with refuse, weighing 140g):86|3 oz:85
sr:167897	Pork, fresh, loin, country-style ribs, separable lean and fat, bone-in, cooked, roasted	usda	359	21.75	0	29.46	1 rack:138
sr:167898	Pork, fresh, loin, sirloin (chops), boneless, separable lean and fat, cooked, braised	usda	171	28.41	0	5.47	3 oz:85|1 chop, excluding refuse (yield from 1 raw chop, with refuse, weighing 113 g):82
sr:167899	Pork, fresh, loin, sirloin (chops), boneless, separable lean and fat, cooked, broiled	usda	170	28.19	0	5.53	3 oz:85|1 chop:159
sr:167900	Pork, fresh, loin, sirloin (roasts), boneless, separable lean and fat, cooked, roasted	usda	192	29.62	0	7.32	3 oz:85|1 roast:638
sr:167901	Pork, fresh, loin, sirloin (chops or roasts), boneless, separable lean only, raw	usda	121	22.81	0	2.59	4 oz:113|1 chop:210
sr:167902	Pork, fresh, ground, raw	usda	263	16.88	0	21.19	1 oz:28.4|4 oz:113
sr:167903	Pork, fresh, ground, cooked	usda	297	25.69	0	20.77	3 oz:85
sr:167904	Pork, fresh, loin, tenderloin, separable lean and fat, cooked, broiled	usda	201	29.86	0	8.11	3 oz:85|1 chop, excluding refuse (yield from 1 raw chop, with refuse, weighing 113 g):76
sr:167905	Pork, fresh, loin, tenderloin, separable lean and fat, cooked, roasted	usda	147	26.04	0	3.96	3 oz:85|1 roast:402
sr:167906	Pork, fresh, composite of trimmed retail cuts (loin and shoulder blade), separable lean and fat, cooked	usda	235	26.07	0	13.66	3 oz:85|1 piece, cooked, excluding refuse (yield from 1 lb raw meat with refuse):261
sr:167907	Pork, fresh, composite of trimmed retail cuts (loin and shoulder blade), separable lean only, raw	usda	144	21.23	0	5.88	1 oz:28.4|1 lb:453.6
sr:167908	Pork, fresh, composite of trimmed retail cuts (loin and shoulder blade), separable lean only, cooked	usda	211	29.47	0	9.44	3 oz:85|1 piece, cooked, excluding refuse (yield from 1 lb raw meat with refuse):236
sr:167909	HORMEL, Cure 81 Ham	usda	106	18.43	0.21	3.59	1 serving:84
sr:167910	HORMEL ALWAYS TENDER, Pork Tenderloin, Teriyaki-Flavored	usda	119	18.2	4.63	3.07	4 oz:112
sr:167911	HORMEL Canadian Style Bacon	usda	122	16.88	1.87	4.94	1 serving:56
sr:167912	Pork, fresh, loin, top loin (chops), boneless, separable lean only, with added solution, cooked, pan-broiled	usda	169	28.95	0	5	3 oz:85|1 chop boneless:150
sr:167913	Pork, fresh, loin, top loin (chops), boneless, separable lean and fat, with added solution, cooked, pan-broiled	usda	190	28.35	0	7.66	3 oz:85|1 chop boneless (yield from 189g raw meat):150
sr:167914	Pork, cured, bacon, cooked, baked	usda	548	35.73	1.35	43.27	3 oz:85|1 slice cooked:8.1
sr:167915	Pork, cured, ham -- water added, rump, bone-in, separable lean only, heated, roasted	usda	121	21.41	0.87	3.56	3 serving (3 oz):85|1 roast rump:2970
sr:167916	Pork, cured, ham -- water added, rump, bone-in, separable lean only, unheated	usda	95	15.43	0.67	3.48	3 oz:85
sr:167917	Pork, cured, ham -- water added, shank, bone-in, separable lean only, heated, roasted	usda	128	20.92	1.2	4.43	3 oz (3 oz):85|1 roast shank:3054
sr:167918	Pork, cured, ham -- water added, slice, bone-in, separable lean only, heated, pan-broil	usda	131	22.04	1.48	4.3	3 oz (3 oz):85|1 slice:436
sr:167919	Pork, cured, ham with natural juices, rump, bone-in, separable lean only, heated, roasted	usda	137	24.14	0.48	4.25	3 oz (3 oz):85|1 roast rump:2673
sr:167920	Pork, cured, ham with natural juices, shank, bone-in, separable lean only, heated, roasted	usda	145	24.95	0.34	4.97	1 serving (3 oz):85|1 roast shank:3170
sr:167921	Pillsbury Grands, Buttermilk Biscuits, refrigerated dough	usda	293	6.16	42.41	11.34	1 biscuit:34
sr:167922	Heinz, Weight Watcher, Chocolate Eclair, frozen	usda	241	4.4	40.3	6.9	1 eclair, frozen:59
sr:167923	Interstate Brands Corp, Wonder Hamburger Rolls	usda	273	8.07	50.84	4.15	1 serving:43
sr:167924	Nabisco, Nabisco Snackwell's Fat Free Devil's Food Cookie Cakes	usda	305	5	74.25	1.09	1 serving:16
sr:167925	Crackers, cheese, sandwich-type with cheese filling	usda	490	8.92	58.76	24.41	6 cracker 1 cracker = 6.5g:39|1 sandwich:6.5
sr:167926	Pancakes, plain, frozen, ready-to-heat, microwave (includes buttermilk)	usda	239	5.88	43.33	4.73	1 oz:28.4|1 pancake:38|1 serving (3 pancakes):144
sr:167927	Toaster Pastries, fruit, frosted (include apples, blueberry, cherry, strawberry)	usda	385	4.01	71.83	9.02	1 piece:53|1 oz:28.4
sr:167928	Toaster pastries, fruit, toasted (include apple, blueberry, cherry, strawberry)	usda	409	4.7	72.7	11.03	1 pastry:51
sr:167929	Muffin, blueberry, commercially prepared, low-fat	usda	255	4.23	50.05	4.22	1 muffin small:71|1 oz:28.4
sr:167930	Pie crust, refrigerated, regular, baked	usda	506	3.41	58.52	28.69	1 pie crust:198
sr:167931	Pie crust, deep dish, frozen, baked, made with enriched flour	usda	521	6.1	52.47	31.84	1 pie crust (average weight):202
sr:167932	Pie crust, refrigerated, regular, unbaked	usda	445	2.97	51.11	25.46	1 pie crust (average weight):229
sr:167933	Crackers, whole-wheat, reduced fat	usda	416	11.34	75.52	7.59	1 serving:29|1 cracker:4.2|6 Triscuits, regular size:29
sr:167934	Crackers, wheat, reduced fat	usda	444	9.34	71.52	13.37	1 serving:29|1 cracker:1.8|16 crackers, Wheat Thins:29
sr:167935	Bread, pan dulce, sweet yeast bread	usda	367	9.42	56.38	11.58	1 slice (average weight of 1 slice):63
sr:167936	Keikitos (muffins), Latino bakery item	usda	467	6.81	53.16	25.24	1 piece:42
sr:167937	Cake, pound, Bimbo Bakeries USA, Panque Casero, home baked style	usda	418	6.62	48.94	21.7	1 slice:39|1 loaf:311
sr:167938	Pan Dulce, La Ricura, Salpora de Arroz con Azucar, cookie-like, contains wheat flour and rice flour	usda	445	8.81	66.28	16.11	1 piece (1 serving):42
sr:167939	Garlic bread, frozen	usda	350	8.36	41.72	16.61	1 slice presliced:43|1 slice:59
sr:167940	Cinnamon buns, frosted (includes honey buns)	usda	452	4.45	48.6	26.61	1 bun:65
sr:167941	Crackers, cheese, reduced fat	usda	418	10	68.19	11.67	1 serving:30
sr:167942	Crackers, saltines, whole wheat (includes multi-grain)	usda	398	7.14	68.25	10.71	1 serving:14
sr:167943	Bread, potato	usda	266	12.5	47.07	3.13	1 slice:32
sr:167944	Bread, cheese	usda	408	10.42	44.83	20.83	1 slice:48
sr:167945	Focaccia, Italian flatbread, plain	usda	249	8.77	35.82	7.89	1 piece:57
sr:167946	SCHIFF,TIGER'S MILK BAR	usda	387	16.8	56.46	14.29	1 bar:35
sr:167947	Candies, TOBLERONE, milk chocolate with honey and almond nougat	usda	489	5.71	61.21	28.57	1 bar:35
sr:167948	Snacks, corn-based, extruded, onion-flavor	usda	499	7.7	65.1	22.6	1 oz:28.4|2 oz:57
sr:167949	Snacks, corn-based, extruded, puffs or twists, cheese-flavor	usda	567	5.46	54.54	36.54	1 oz crunchy (about 21 pieces):28.4|1 oz puffs (about 13 pieces):28.4
sr:167950	Snacks, KRAFT, CORNNUTS, plain	usda	446	8.5	71.86	15.64	1 oz:28.4|2 oz:57|1 cup:85
sr:167951	Snacks, crisped rice bar, chocolate chip	usda	404	5.1	73	13.5	1 bar (1 oz):28
sr:167952	Snacks, granola bars, hard, chocolate chip	usda	438	7.3	72.1	16.3	1 oz:28.4|1 bar:24
sr:167953	Fruit syrup	usda	341	0	85.13	0	1 cup:334|0.25 cup:84
sr:167954	Snacks, granola bars, soft, uncoated, plain	usda	443	7.4	67.3	17.2	1 bar (1 oz):28
sr:167955	Snacks, granola bars, soft, uncoated, peanut butter	usda	426	10.5	64.4	15.8	1 bar (1 oz):28
sr:167956	Topping, SMUCKER'S MAGIC SHELL	usda	609	2.94	50.07	44.1	2 tablespoon:34
sr:167957	Syrup, fruit flavored	usda	261	0	65.1	0.02	1 serving:20
sr:167958	Snacks, oriental mix, rice-based	usda	506	17.31	51.62	25.58	1 oz:28.4|2 oz:57
sr:167959	Snacks, popcorn, air-popped	usda	387	12.94	77.78	4.54	1 cup:8|1 oz:28.4
sr:167960	Snacks, popcorn, cheese-flavor	usda	526	9.3	51.6	33.2	1 cup:11|1 oz:28.4
sr:167961	Snacks, pork skins, plain	usda	544	61.3	0	31.3	1 oz:28.4|0.5 oz:14.2
sr:167962	Snacks, potato chips, barbecue-flavor	usda	487	6.51	55.92	31.06	1 oz:28.4|1 bag (7 oz):198
sr:167963	Snacks, potato chips, sour-cream-and-onion-flavor	usda	531	8.1	51.5	33.9	1 oz:28.4|1 bag (7 oz):198
sr:167964	Snacks, M&M MARS, COMBOS Snacks Cheddar Cheese Pretzel	usda	463	9.85	66.5	16.92	1 oz:28.4|1 pieces:30
sr:167965	Snacks, pretzels, hard, whole-wheat including both salted and unsalted	usda	362	11.1	81.3	2.6	1 oz:28.4|2 oz:57
sr:167966	Snacks, rice cracker brown rice, plain	usda	387	8.2	81.5	2.8	1 cake:9|2 cakes:18
sr:167967	Snacks, rice cakes, brown rice, buckwheat	usda	380	9	80.1	3.5	1 cake:9|2 cakes:18
sr:167968	Snacks, trail mix, tropical	usda	442	6.3	65.6	17.1	1 cup:140|1 oz:28.4|1.5 oz:42
sr:167969	Snacks, trail mix, regular, with chocolate chips, salted nuts and seeds	usda	484	14.2	44.9	31.9	1 cup:146|1 oz:28.4|1.5 oz:42
sr:167970	Snacks, tortilla chips, taco-flavor	usda	480	7.9	63.1	24.2	1 oz:28.4|1 bag (8 oz):227
sr:167971	Candies, TOOTSIE ROLL, chocolate-flavor roll	usda	387	1.59	87.73	3.31	1 serving 6 pieces:40|1 piece:6.6
sr:167972	Candies, butterscotch	usda	391	0.03	90.4	3.3	1 oz:28.4|3 pieces:16
sr:167973	Candies, carob, unsweetened	usda	540	8.15	56.29	31.36	1 oz:28.4|1 bar (3 oz):87
sr:167974	Candies, caramels	usda	382	4.6	77	8.1	1 package (2.5 oz):71|1 piece:10.1
sr:167975	Candies, CARAMELLO Candy Bar	usda	462	6.19	63.81	21.19	1 bar 1.25 oz:35|1 bar 1.6 oz:45|6 blocks:43
sr:167976	Candies, semisweet chocolate	usda	480	4.2	63.9	30	1 serving:14.5|1 cup large chips:182|1 cup mini chips:173|1 oz (approx 60 pcs):28.4|1 cup chips (6 oz package):168
sr:167977	Candies, sweet chocolate	usda	507	3.9	60.4	34.2	1 oz:28.4|1 bar (1.45 oz):41
sr:167978	Candies, sweet chocolate coated fondant	usda	366	2.2	80.4	9.3	1 patty, large:43|1 patty, small:11
sr:167979	Candies, HERSHEY'S GOLDEN ALMOND SOLITAIRES	usda	569	11.97	46.85	37.13	13 pieces:41
sr:167980	Candies, confectioner's coating, butterscotch	usda	539	2.2	67.1	29.05	1 cup chips:170|1 oz:28.4
sr:167981	Ice creams, french vanilla, soft-serve	usda	222	4.1	22.2	13	0.5 cup (4 fl oz):86
sr:167982	Candies, YORK Peppermint Pattie	usda	384	2.19	80.99	7.17	1 patty 1.5 oz:43
sr:167983	Candies, TWIZZLERS NIBS CHERRY BITS	usda	347	2.3	79.37	2.64	27 pieces:40
sr:167984	Candies, SYMPHONY Milk Chocolate Bar	usda	531	8.51	58.01	30.57	1 bar 1.5 oz:42|1 bar 2.4 oz:68
sr:167985	Candies, 5TH AVENUE Candy Bar	usda	482	8.78	62.68	23.98	1 bar 2 oz:56|1 bar snack size:16
sr:167986	Candies, fondant, prepared-from-recipe	usda	373	0	93.18	0.02	1 oz:28.4
sr:167987	Candies, fudge, chocolate, prepared-from-recipe	usda	410	2.39	76.7	10.41	1 piece:17
sr:167988	Candies, fudge, chocolate, with nuts, prepared-from-recipe	usda	460	4.38	68.15	18.93	1 oz:28.4
sr:167989	Candies, gumdrops, starch jelly pieces	usda	396	0	98.9	0	1 cup gumdrops:182|1 gumdrops:36|1 gummy bears:22|1 gummy dinosaurs:63|1 gummy fish:50|1 gummy worms:74
sr:167990	Candies, hard	usda	394	0	98	0.2	1 oz:28.4|1 piece:6|1 piece, small:3
sr:167991	Candies, jellybeans	usda	375	0	93.55	0.05	1 small:11|1 large (1 oz):28
sr:167992	Candies, KIT KAT Wafer Bar	usda	518	6.51	64.59	25.99	1 bar (1.5 oz):42|1 bar, miniature (.35 oz):10|1 bar (1.625 oz):46|1 bar (2.8 oz):78|1 bar (3.375 oz):96
sr:167993	Candies, KRACKEL Chocolate Bar	usda	523	6.62	64.34	26.58	1 bar 1.45 oz:41|1 bar 2 oz:56|3 blocks:37
sr:167994	Candies, MARS SNACKFOOD US, MARS Almond Bar	usda	467	8.1	62.7	23	1 bar (1.76 oz):50
sr:167995	Candies, marshmallows	usda	318	1.8	81.3	0.2	1 cup of miniature:50|1 miniatures:7|1 regular:7.2
sr:167996	Candies, halavah, plain	usda	469	12.49	60.49	21.52	1 oz:28.4
sr:167997	Candies, NESTLE, OH HENRY! Bar	usda	462	7.7	65.5	23	1 bar 2 oz:57|1 serving fun size bar:26
sr:167998	Puddings, chocolate, dry mix, instant, prepared with 2% milk	usda	105	3.15	18.89	1.92	0.5 cup From 19211:142
sr:167999	Baking chocolate, mexican, squares	usda	426	3.64	77.41	15.59	1 tablet:20
sr:168000	Chocolate-flavored hazelnut spread	usda	539	5.41	62.36	29.73	1 serving 2 TBSP:37
sr:168001	Candies, milk chocolate coated peanuts	usda	519	13.1	49.7	33.5	1 cup:149|1 pieces:40
sr:168002	Glutino, Gluten Free Wafers, Lemon Flavored	usda	515	0	74.39	24.18	3 cookies:30
sr:168003	Glutino, Gluten Free Wafers, Milk Chocolate	usda	541	4.06	62.82	30.42	3 cookies:23
sr:168004	Mary's Gone Crackers, Original Crackers, Organic Gluten Free	usda	446	12.06	64.29	15.63	3 crackers:7.4
sr:168005	Pepperidge Farm, Goldfish, Baked Snack Crackers, Cheddar	usda	457	11.71	66.2	16.11	1 goldfish:5.2
sr:168006	Pepperidge Farm, Goldfish, Baked Snack Crackers, Explosive Pizza	usda	458	9.56	67.2	16.82	1 goldfish:5.3
sr:168007	Sage Valley, Gluten Free Vanilla Sandwich Cookies	usda	499	3.13	71.88	22.15	3 cookies:44
sr:168008	Schar, Gluten-Free, Classic White Rolls	usda	239	3.34	50.47	2.65	1 roll:78
sr:168009	Schar, Gluten-Free, Wheat-Free, Classic White Bread	usda	240	3.81	46.13	4.47	
sr:168010	Udi's, Gluten Free, Classic French Dinner Rolls	usda	310	7.99	55.1	6.4	1 roll:36
sr:168011	Van's, Gluten Free, Totally Original Waffles	usda	248	2.99	40.54	8.22	1 waffle:47|1 box:255
sr:168012	Van's, The Perfect 10, Crispy Six Whole Grain + Four Seed Baked Crackers, Gluten Free	usda	471	7.63	67.57	18.93	3 crackers:8.4
sr:168013	Bread, multi-grain (includes whole-grain)	usda	265	13.36	43.34	4.23	1 oz:28.4|1 slice regular:26|1 slice large:41
sr:168014	Cookies, animal crackers (includes arrowroot, tea biscuits)	usda	446	6.9	74.1	13.8	1 oz:28.4|1 Arrowroot biscuit (include Arrowroot cookie):4.9|1 cracker:2.5|1 individual box (2 oz):57
sr:168015	Sweet Potatoes, french fried, crosscut, frozen, unprepared	usda	209	1.7	25.52	11.1	3 oz:85
sr:168016	Sweet Potato puffs, frozen, unprepared	usda	161	1.36	30.72	3.58	3 oz:85
sr:168017	Mouse nuts, roots (Alaska Native)	usda	81	3.9	16.1	0.1	
sr:168018	Mouse nuts, seedlings (Alaska Native)	usda	104	7.3	16.3	1.1	
sr:168019	Octopus (Alaska Native)	usda	56	12.3	0	0.8	
sr:168020	Seal, bearded (Oogruk), meat, dried (Alaska Native)	usda	351	82.6	0	2.3	
sr:168021	Fish, pike, northern, liver (Alaska Native)	usda	156	16.6	4.3	8	
sr:168022	Rhubarb, wild, leaves (Alaska Native)	usda	61	4.2	9.9	0.5	
sr:168023	Fish, salmon, tipnuk, fermented (Alaska Native)	usda	159	15.9	0	10.6	
sr:168024	Fish, salmon, king, chinook, kippered, canned (Alaska Native)	usda	266	30.7	0	15.9	
sr:168025	Seal, ringed, meat (Alaska Native)	usda	142	28.4	0	3.2	
sr:168026	Seal, ringed, liver (Alaska Native)	usda	116	18.6	2.9	3.3	
sr:168027	Soup, fish, homemade (Alaska Native)	usda	72	7.4	5.6	2.2	
sr:168028	Sourdock, young leaves (Alaska Native)	usda	42	2.3	6.5	0.7	
sr:168029	Walrus, meat, raw (Alaska Native)	usda	199	19.2	0	13.6	
sr:168030	Walrus, meat and subcutaneous fat raw (Alaska Native)	usda	282	16.3	0	24.1	
sr:168031	Walrus, liver, raw (Alaska Native)	usda	125	21	3.5	3	
sr:168032	Oil, walrus (Alaska Native)	usda	900	0	0	100	
sr:168033	Fish, whitefish, mixed species, raw (Alaska Native)	usda	131	18.9	0	6.1	
sr:168034	Fish, whitefish, broad, head, eyes, cheeks and soft bones (Alaska Native)	usda	107	18.6	0	3.6	
sr:168035	Willow, leaves in oil (Alaska Native)	usda	592	2.6	8.1	61	
sr:168036	Willow, young leaves, chopped (Alaska Native)	usda	122	6.1	20.7	1.6	
sr:168037	Corn, white, steamed (Navajo)	usda	386	9.72	75.2	5.18	
sr:168038	Cornmeal, white (Navajo)	usda	398	10.99	77.14	5.04	
sr:168039	Cornmeal, yellow (Navajo)	usda	384	9.85	72.9	5.88	
sr:168040	Squash, Indian, raw (Navajo)	usda	26	0.52	5.64	0.2	
sr:168041	Tortilla, includes plain and from mutton sandwich (Navajo)	usda	237	7.28	49.94	0.95	1 serving:197
sr:168042	Stew, dumpling with mutton (Navajo)	usda	101	8.71	8.03	3.78	1 serving:308
sr:168043	Stew, hominy with mutton (Navajo)	usda	83	6.71	9.38	2.06	1 serving:411
sr:168044	Stew, mutton, corn, squash (Navajo)	usda	103	8.62	7.27	4.34	1 serving:303
sr:168045	Fish, salmon, sockeye (red), raw (Alaska Native)	usda	153	21.94	0	7.28	
sr:168046	Fish, Salmon, Chum, raw (Alaska Native)	usda	116	20.69	0	3.67	
sr:168047	Fish, salmon, king (chinook), raw (Alaska Native)	usda	187	20.25	0	11.73	
sr:168048	Salmonberries, raw (Alaska Native)	usda	47	0.85	10.05	0.33	
sr:168049	Caribou, shoulder meat, dried (Alaska Native)	usda	271	59.38	0	3.67	
sr:168050	Caribou, hind quarter meat, raw (Alaska Native)	usda	122	22.63	0	3.37	
sr:168051	Seal, bearded (Oogruk), meat, dried, in oil (Alaska Native)	usda	367	35.31	0	25.08	
sr:168052	Fish, whitefish, dried (Alaska Native)	usda	371	62.44	0	13.44	
sr:168053	Seal, bearded (Oogruk), meat, low quadrant, raw (Alaska Native)	usda	186	23.63	0	10.17	
sr:168054	Fish, salmon, chum, dried (Alaska Native)	usda	378	62.09	0	14.38	
sr:168055	Elk, free range, ground, cooked patties (Shoshone Bannock)	usda	143	29.45	0	2.8	
sr:168056	Elk, free range, ground, raw (Shoshone Bannock)	usda	97	20.14	0	1.8	
sr:168057	Elk, free range, roast, eye of round, cooked (Shoshone Bannock)	usda	148	30.56	0	2.85	
sr:168058	Chokecherries, raw, pitted (Shoshone Bannock)	usda	156	2.89	33.88	0.98	
sr:168059	Steelhead trout, dried, flesh (Shoshone Bannock)	usda	382	77.27	0	8.06	
sr:168060	Steelhead trout, boiled, canned (Alaska Native)	usda	159	21.11	0	8.26	
sr:168061	Acorn stew (Apache)	usda	95	6.81	9.22	3.47	
sr:168062	Restaurant, Italian, chicken parmesan without pasta	usda	204	16.17	10.92	10.64	1 serving:301
sr:168063	Restaurant, Latino, arroz con leche (rice pudding)	usda	146	3.2	24.92	3.69	1 serving:283|1 cup:253
sr:168064	Restaurant, Latino, Arroz con frijoles negros (rice and black beans)	usda	151	4.64	24.4	3.85	1 serving:461|1 cup:146
sr:168065	Restaurant, Latino, Arroz con habichuelas colorados (Rice And Red Beans)	usda	142	3.96	23.74	3.46	1 serving:590|1 cup:157
sr:168066	Restaurant, Latino, Arroz con grandules (rice and pigeonpeas)	usda	182	3.5	30.75	4.98	1 serving:653|1 cup:115
sr:168068	Restaurant, Latino, black bean soup	usda	103	5.1	14.79	2.57	1 cup:246
sr:168069	Restaurant, Latino, tripe soup	usda	74	8.61	4.07	2.58	1 cup:200
sr:168070	Restaurant, Latino, arepa (unleavened cornmeal bread)	usda	219	5.48	37.14	5.38	1 piece:98
sr:168071	Restaurant, Latino, bunuelos (fried yeast bread)	usda	462	8.02	48.57	26.24	1 piece:70
sr:168072	Restaurant, Chinese, beef and vegetables	usda	105	7.08	7.29	5.3	1 order:574
sr:168073	CRACKER BARREL, chicken tenderloin platter, fried, from kid's menu	usda	294	18.67	20.24	15.41	1 serving:103|1 piece:36
sr:168074	CRACKER BARREL, country fried shrimp platter	usda	287	12.62	21.4	16.77	1 serving:149
sr:168075	CRACKER BARREL, farm raised catfish platter	usda	266	22.94	5.31	17.05	1 serving:178|1 piece:124
sr:168076	DENNY'S, mozzarella cheese sticks	usda	324	13.56	27.22	17.87	1 serving:228|1 piece:27
sr:168077	DENNY'S, golden fried shrimp	usda	319	13.88	20.93	20.01	1 piece:16|1 serving:100
sr:168078	DENNY'S, macaroni & cheese, from kid's menu	usda	150	5.19	21.16	4.92	1 serving:180|1 cup:134
sr:168079	DENNY'S, chicken nuggets, star shaped, from kid's menu	usda	377	16.27	13.59	28.57	1 serving 4 pieces in serving:67|1 piece:16
sr:168080	Restaurant, Chinese, shrimp and vegetables	usda	78	5.9	4.52	4.05	1 order:601
sr:168081	Restaurant, Chinese, sweet and sour chicken	usda	250	10.1	23.86	12.65	1 order:706|3 pieces:55
sr:168083	Restaurant, Chinese, chicken chow mein	usda	85	6.76	8.29	2.8	1 order:604
sr:168084	Restaurant, Chinese, vegetable chow mein, without meat or noodles	usda	43	1.34	5.74	1.68	1 order:777|1 cup:195
sr:168085	OLIVE GARDEN, spaghetti with meat sauce	usda	121	5.8	17.19	3.28	1 serving:525
sr:168086	CARRABBA'S ITALIAN GRILL, spaghetti with meat sauce	usda	122	5.87	15.71	3.92	1 serving:537
sr:168087	Restaurant, Chinese, sesame chicken	usda	293	14.33	26.88	14.25	1 order:547
sr:168088	Syrups, grenadine	usda	268	0	66.91	0	1 tbsp:20|1 tsp:6.7
sr:168089	Imitation cheese, american or cheddar, low cholesterol	usda	390	25	1	32	1 cup, shredded:113|1 cubic inch:18
sr:168092	Ham, turkey, sliced, extra lean, prepackaged or deli	usda	134	19.6	0.93	5.8	1 cup pieces:138|1 cubic inch:20
sr:168093	Salad dressing, peppercorn dressing, commercial, regular	usda	564	1.2	3.5	61.4	1 tbsp:13.4|1 fl oz:26
sr:168094	Mayonnaise, reduced-calorie or diet, cholesterol-free	usda	333	0.9	6.7	33.3	1 tbsp:14.6|1 cup:231
sr:168095	Granola bar, soft, milk chocolate coated, peanut butter	usda	536	9.6	54.1	31.2	1 oz:28.4
sr:168096	Salad dressing, italian dressing, reduced calorie	usda	200	0.3	6.7	20	1 tbsp:14|1 cup:216
sr:168097	Cream substitute, liquid, light	usda	71	0.8	9.1	3.5	1 fl oz:30|1 cup:242
sr:168098	Cheese, monterey, low fat	usda	313	28.2	0.7	21.6	1 cup, diced:132|1 cup, shredded:113|1 cubic inch:17|1 slice (1 oz):28
sr:168099	Creamy dressing, made with sour cream and/or buttermilk and oil, reduced calorie, fat-free	usda	107	1.4	20	2.7	1 tbsp:17|1 cup:264
sr:168100	Creamy dressing, made with sour cream and/or buttermilk and oil, reduced calorie, cholesterol-free	usda	140	1	16	8	1 tbsp:15|1 cup:234
sr:168101	Bologna, beef, low fat	usda	204	11.8	5.2	14.8	1 slice:28|1 cubic inch:14|1 slice, medium:28|1 slice, thick:43|1 slice, thin:14
sr:168102	Candies, MARS SNACKFOOD US, TWIX chocolate fudge cookie bars	usda	553	7.3	56	33.3	2 cookie 2011 label:51
sr:168103	Frozen yogurts, chocolate, nonfat milk, sweetened without sugar	usda	107	4.4	19.7	0.8	1 cup:186
sr:168104	Frozen yogurts, chocolate	usda	131	3	21.6	3.6	1 cup:174
sr:168105	Frozen yogurts, flavors other than chocolate	usda	127	3	21.6	3.6	1 cup:174
sr:168106	Papad	usda	371	25.56	59.87	3.25	
sr:168107	Rice cake, cracker (include hain mini rice cakes)	usda	392	7.1	81.1	4.3	1 cubic inch:4.2
sr:168108	Candies, MARS SNACKFOOD US, M&M's Almond Chocolate Candies	usda	522	7.53	60.5	27.76	1 serving 1.31 oz bag:37|1 serving about 1/4 cup:42|1 cup:195|1 piece:3.4
sr:168109	Salad Dressing, coleslaw, reduced fat	usda	329	0	40	20	1 tbsp:17|1 cup:269
sr:168110	Pork, cured, ham, low sodium, lean and fat, cooked	usda	172	22.3	0.3	8.3	3 oz, boneless:85|1 cubic inch, boneless:17
sr:168111	Pork, cured, ham, boneless, low sodium, extra lean (approximately 5% fat), roasted	usda	145	20.9	1.5	5.5	3 oz:85|1 lb:453
sr:168112	Salad dressing, mayonnaise and mayonnaise-type, low calorie	usda	263	0.9	23.9	19	1 tbsp:14.5|1 cup:232
sr:168113	Frozen novelties, juice type, orange	usda	95	0.5	23.17	0	1 fl oz:29.8|1 bar:74
sr:168114	Cheese, cottage, lowfat, 1% milkfat, no sodium added	usda	72	12.4	2.7	1	4 oz:113|1 cup:226
sr:168115	Mayonnaise, low sodium, low calorie or diet	usda	231	0.3	16	19.2	1 tbsp:14|1 cup:224
sr:168116	Snacks, tortilla chips, unsalted, white corn	usda	503	7.79	65.32	23.36	1 cup:26|1 bag, single serving:28|1 chips:18
sr:168117	Cranberry juice, unsweetened	usda	46	0.39	12.2	0.13	1 cup:253|1 fl oz:31.6
sr:168118	Beef, bologna, reduced sodium	usda	310	11.7	2	28.4	1 cup pieces:138|1 slice, medium:28|1 slice, thick:43|1 slice, thin:14
sr:168119	Turnip greens, canned, no salt added	usda	19	1.36	2.81	0.3	1 cup:144
sr:168120	Turkey, light or dark meat, smoked, cooked, with skin, bone removed	usda	208	28.1	0	9.7	3 oz, boneless:85|1 medium slice (approx 3" x 2" x 1/4"):28|1 thick slice (approx 3" x 2" x 3/8"):42
sr:168121	Cheese, pasteurized process, cheddar or American, low sodium	usda	376	22.2	1.6	31.19	1 cup, diced:140|1 cup, shredded:113|1 cubic inch:18|1 slice:21
sr:168122	Beverages, coffee, instant, with whitener, reduced calorie	usda	509	1.96	59.94	29.1	1 tsp dry:1.7
sr:168123	Beverages, cranberry-apple juice drink, low calorie, with vitamin C added	usda	19	0.1	4.7	0	1 cup (8 fl oz):240|1 fl oz:30
sr:168124	Cheese, swiss, low sodium	usda	374	28.4	3.4	27.4	1 slice:28|1 cubic inch:15|1 cup, shredded:108|1 cup, diced:132
sr:168126	Rolls, pumpernickel	usda	276	10.8	51.87	2.8	1 medium (2-1/2" dia):36|1 roll (pan, dinner, or small roll) (2" square, 2" high):28
sr:168127	Snacks, corn-based, extruded, chips, unsalted	usda	557	6.6	57.4	33.4	1 cup, crushed:88|1 bag, single serving:28|1 chips:18
sr:168128	Beans, baked, canned, no salt added	usda	105	4.8	20.49	0.4	1 cup:253
sr:168129	Jellyfish, dried, salted	usda	36	5.5	0	1.4	1 cup:58
sr:168130	Frozen novelties, ice cream type, chocolate or caramel covered, with nuts	usda	323	4.4	30.9	20.2	1 bar:54
sr:168131	Frankfurter, low sodium	usda	312	12	1.8	28.51	1 frankfurter:57|1 cup, sliced:151
sr:168132	Frozen novelties, ice type, pop, with low calorie sweetener	usda	24	0	5.92	0	1 serving 1.75 fl oz pop:55
sr:168136	Ice creams, chocolate, rich	usda	251	4.72	19.78	16.98	1 cup:148|1 cubic inch:10.2
sr:168137	Snacks, tortilla chips, light (baked with less oil)	usda	465	8.7	73.4	15.2	1 cup, crushed:63|1 chips:16
sr:168138	Cereals ready-to-eat, POST, HONEY BUNCHES OF OATS, honey roasted	usda	401	7.12	81.19	5.46	0.75 cup (1 NLEA serving):30
sr:168139	Popcorn, microwave, low fat and sodium	usda	429	12.6	73.39	9.5	1 oz:28.4
sr:168141	Cheese, swiss, low fat	usda	179	28.4	3.4	5.1	1 slice (1 oz):28|1 cubic inch:15|1 cup, shredded:108|1 cup, diced:132
sr:168142	Sweeteners, tabletop, fructose, liquid	usda	279	0	76.1	0	1 serving:0.1
sr:168143	Puddings, chocolate flavor, low calorie, instant, dry mix	usda	356	5.3	78.2	2.4	1 serving:9.9|1 package 1.4 oz box, 4 servings:40
sr:168145	Jellies, reduced sugar, home preserved	usda	179	0.3	46.1	0.03	1 tbsp:19|1 cup:300
sr:168146	Puddings, all flavors except chocolate, low calorie, instant, dry mix	usda	350	0.81	84.66	0.9	1 serving:8|1 package 4 servings:32
sr:168147	Vital wheat gluten	usda	370	75.16	13.79	1.85	
sr:168148	Frog legs, raw	usda	73	16.4	0	0.3	1 leg:45
sr:168149	Fish, mackerel, salted	usda	305	18.5	0	25.1	1 piece (5-1/2" x 1-1/2" x 1/2"):80|1 cubic inch, boneless:17|1 cup, cooked:136
sr:168150	Java-plum, (jambolan), raw	usda	60	0.72	15.56	0.23	1 cup:135|3 fruit:9
sr:168151	Jujube, raw	usda	79	1.2	20.23	0.2	
sr:168152	Jujube, Chinese, fresh, dried	usda	281	4.72	72.52	0.5	
sr:168154	Kumquats, raw	usda	71	1.88	15.9	0.86	1 fruit without refuse:19
sr:168155	Limes, raw	usda	30	0.7	10.54	0.2	1 fruit (2" dia):67|1 NLEA serving:67
sr:168156	Lime juice, raw	usda	25	0.42	8.42	0.07	1 cup:242|1 fl oz:30.8|1 lime yields:44
sr:168157	Lime juice, canned or bottled, unsweetened	usda	21	0.25	6.69	0.23	1 cup:246|1 fl oz:30.8
sr:168158	Blueberries, dried, sweetened	usda	317	2.5	80	2.5	0.25 cup:40
sr:168159	Prunes, canned, heavy syrup pack, solids and liquids	usda	105	0.87	27.8	0.2	1 cup:234|5 prunes with liquid:86
sr:168160	Prunes, dehydrated (low-moisture), uncooked	usda	339	3.7	89.07	0.73	1 cup:132
sr:168161	Prunes, dehydrated (low-moisture), stewed	usda	113	1.23	29.7	0.24	1 cup:280
sr:168162	Plums, dried (prunes), uncooked	usda	240	2.18	63.88	0.38	1 cup, pitted:174|1 prune, pitted:9.5
sr:168163	Quinces, raw	usda	57	0.4	15.3	0.1	1 fruit without refuse:92
sr:168164	Raisins, golden, seedless	usda	301	3.28	80.02	0.2	1 cup, packed:165|1 cup (not packed):145
sr:168165	Raisins, dark, seedless (Includes foods for USDA's Food Distribution Program)	usda	299	3.3	79.32	0.25	1 cup, packed:165|1 cup (not packed):145|1 miniature box (.5 oz):14|1 small box (1.5 oz):43|5 raisins:26|1 oz (60 raisins):28.4
sr:168166	Raisins, seeded	usda	296	2.52	78.47	0.54	1 cup, packed:165|1 cup (not packed):145
sr:168167	Rambutan, canned, syrup pack	usda	82	0.65	20.87	0.21	1 cup, drained:150|1 cup:214|1 fruit:9
sr:168168	Rhubarb, frozen, uncooked	usda	21	0.55	5.1	0.11	1 cup, diced:137
sr:168169	Rhubarb, frozen, cooked, with sugar	usda	116	0.39	31.2	0.05	1 cup:240
sr:168170	Roselle, raw	usda	49	0.96	11.31	0.64	1 cup, without refuse:57
sr:168171	Rose-apples, raw	usda	25	0.6	5.7	0.3	
sr:168172	Strawberries, canned, heavy syrup pack, solids and liquids	usda	92	0.56	23.53	0.26	1 cup:254
sr:168173	Strawberries, frozen, unsweetened (Includes foods for USDA's Food Distribution Program)	usda	35	0.43	9.13	0.11	1 cup, thawed:221|1 cup, unthawed:149|1 berry:10.6|1 package (20 oz):567
sr:168174	Strawberries, frozen, sweetened, sliced	usda	96	0.53	25.92	0.13	1 cup, thawed:255|1 package (10 oz):284
sr:168175	Sugar-apples, (sweetsop), raw	usda	94	2.06	23.64	0.29	1 cup, pulp:250|1 fruit (2-7/8" dia):155
sr:168176	Feijoa, raw	usda	61	0.71	15.21	0.42	1 cup, pureed:243|1 fruit without peel:42|1 cup 1/2" chunks:205
sr:168177	Pears, asian, raw	usda	42	0.5	10.65	0.23	1 fruit 2-1/4" high x 2-1/2" dia:122|1 fruit 3-3/8" high x 3" diameter:275
sr:168178	Fruit cocktail, canned, heavy syrup, drained	usda	70	0.47	18.8	0.1	1 cup:214
sr:168179	Blueberries, canned, light syrup, drained	usda	88	1.04	22.66	0.4	1 cup:244
sr:168180	Blueberries, wild, canned, heavy syrup, drained	usda	107	0.56	28.32	0.34	1 cup:319
sr:168181	Peaches, canned, heavy syrup, drained	usda	72	0.52	18.43	0.18	1 cup:222|1 half:73|1 slice:12.7
sr:168182	Pears, canned, heavy syrup, drained	usda	74	0.24	19.08	0.18	1 cup:201|1 half:48
sr:168183	Plums, canned, heavy syrup, drained	usda	89	0.44	23.12	0.14	1 cup, with pits, yields:183
sr:168184	Tangerines, (mandarin oranges), canned, juice pack, drained	usda	38	0.75	9.41	0.04	1 cup:189
sr:168185	Peach nectar, canned, with added ascorbic acid	usda	50	0.21	11.93	0.51	1 cup:220
sr:168186	Pear nectar, canned, with added ascorbic acid	usda	60	0.11	15.76	0.01	1 cup:250|1 fl oz:31.2
sr:168187	Pineapple juice, canned or bottled, unsweetened, with added ascorbic acid	usda	53	0.36	12.87	0.12	1 cup:250|1 fl oz:31.3
sr:168188	Apple juice, frozen concentrate, unsweetened, undiluted, with added ascorbic acid	usda	166	0.51	41	0.37	1 can (6 fl oz):211
sr:168189	Grapefruit juice, white, bottled, unsweetened, OCEAN SPRAY	usda	37	0.54	7.51	0.64	1 cup:251|8 fl oz:246
sr:168190	Jackfruit, canned, syrup pack	usda	92	0.36	23.94	0.14	1 cup, drained:178
sr:168191	Dates, medjool	usda	277	1.81	74.97	0.15	1 date, pitted:24
sr:168192	Durian, raw or frozen	usda	147	1.47	27.09	5.33	1 cup, chopped or diced:243|1 fruit:602
sr:168193	Pineapple, raw, traditional varieties	usda	45	0.55	11.82	0.13	1 cup, chunks:165|1 slice (4-2/3" dia x 3/4" thick):175|1 fruit:1002|1 NLEA serving:112
sr:168194	Pineapple, raw, extra sweet variety	usda	51	0.53	13.5	0.11	1 cup, chunks:165|1 slice (4-2/3" dia x 3/4" thick):166|1 fruit:905|1 NLEA serving:112
sr:168195	Clementines, raw	usda	47	0.85	12.02	0.15	1 fruit:74
sr:168196	Guanabana nectar, canned	usda	59	0.11	14.93	0.17	1 cup:251
sr:168197	Juice, apple and grape blend, with added ascorbic acid	usda	50	0.16	12.46	0.12	8 fl oz:250
sr:168198	Juice, apple, grape and pear blend, with added ascorbic acid and calcium	usda	52	0.17	12.96	0.12	8 fl oz:250
sr:168199	Plantains, green, fried	usda	309	1.5	49.17	11.81	1 cup:118|1 slices (1/4" thick):53
sr:168200	Plantains, yellow, fried, Latino restaurant	usda	236	1.42	40.77	7.51	1 cup:169
sr:168201	Apples, raw, red delicious, with skin (Includes foods for USDA's Food Distribution Program)	usda	59	0.27	14.06	0.2	1 cup, sliced:109|1 large:260|1 medium:212|1 small:158
sr:168202	Apples, raw, golden delicious, with skin	usda	57	0.28	13.6	0.15	1 cup, sliced:109|1 large:215|1 medium:169|1 small:129
sr:168203	Apples, raw, granny smith, with skin (Includes foods for USDA's Food Distribution Program)	usda	58	0.44	13.61	0.19	1 cup, sliced:109|1 large:206|1 medium:167|1 small:144
sr:168204	Apples, raw, gala, with skin (Includes foods for USDA's Food Distribution Program)	usda	57	0.25	13.68	0.12	1 cup, sliced:109|1 large:200|1 medium:172|1 small:157
sr:168205	Pineapple juice, canned, not from concentrate, unsweetened, with added vitamins A, C and E	usda	50	0.36	12.18	0.14	1 cup:250|1 fl oz:31.3
sr:168206	Fruit juice smoothie, NAKED JUICE, BLUE MACHINE	usda	71	0.42	16.67	0	8 fl oz:240
sr:168207	Grape juice, canned or bottled, unsweetened, with added ascorbic acid and calcium	usda	62	0.37	14.77	0.13	1 cup:253|1 fl oz:31.6
sr:168208	Fruit juice smoothie, ODWALLA, ORIGINAL SUPERFOOD	usda	50	0.63	11.51	0.36	1 cup:227
sr:168209	Raspberries, frozen, red, unsweetened	usda	56	1.15	12.55	0.81	1 cup, unthawed:140
sr:168210	Guava nectar, with sucralose, canned	usda	48	0.3	13.3	0.07	11.3 fl oz:335
sr:168211	Kiwifruit, ZESPRI SunGold, raw	usda	63	1.02	15.79	0.28	1 fruit:81
sr:168212	Cranberry juice blend, 100% juice, bottled, with added vitamin C and calcium	usda	45	0.27	10.91	0.12	6.75 fl oz:200|8 fl oz:240
sr:168213	Fruit juice smoothie, ODWALLA, strawberry banana	usda	48	0.5	11.05	0.32	1 cup:233
sr:168214	Fruit juice smoothie, NAKED JUICE, strawberry banana	usda	50	0.48	11.66	0.27	1 cup:228
sr:168215	Plantains, green, raw	usda	152	1.25	36.66	0.07	1 plantain:267
sr:168216	Plantains, green, boiled	usda	121	1.09	29.15	0.08	1 cup:137
sr:168217	Raspberry juice concentrate	usda	221	3.04	53.19	1.34	
sr:168218	Pork, fresh, composite of separable fat, with added solution, cooked	usda	585	10.06	0.32	60.42	3 oz:85
sr:168219	Pork, fresh, carcass, separable lean and fat, raw	usda	376	13.91	0	35.07	1 oz:28.4|1 lb:453.6
sr:168220	Pork, fresh, composite of trimmed retail cuts (leg, loin, shoulder), separable lean only, raw	usda	134	21.2	0	4.86	4 oz:113|1 lb:453.6
sr:168221	Pork, fresh, separable fat, cooked	usda	626	7.06	0	66.1	3 oz:85|1 oz:28.4
sr:168222	Pork, fresh, leg (ham), whole, separable lean and fat, raw	usda	245	17.43	0	18.87	4 oz:113|1 lb:453.6
sr:168223	Pork, fresh, leg (ham), whole, separable lean and fat, cooked, roasted	usda	273	26.83	0	17.61	1 cup, diced:135|3 oz:85
sr:168224	Pork, fresh, leg (ham), whole, separable lean only, raw	usda	136	20.48	0	5.41	4 oz:113|1 lb:453.6
sr:168225	Pork, fresh, leg (ham), whole, separable lean only, cooked, roasted	usda	211	29.41	0	9.44	1 cup, diced:135|3 oz:85
sr:168226	Pork, fresh, leg (ham), shank half, separable lean and fat, raw	usda	193	19.87	0	11.96	4 oz:113|1 lb:453.6|1 roast:3868
sr:168227	Pork, fresh, leg (ham), shank half, separable lean and fat, cooked, roasted	usda	232	25.96	0	13.42	3 oz:85|1 roast:2900
sr:168228	Pork, fresh, leg (ham), shank half, separable lean only, raw	usda	119	21.66	0	2.95	4 oz:113|1 lb:453.6|1 roast:3868
sr:168229	Pork, fresh, leg (ham), shank half, separable lean only, cooked, roasted	usda	175	28.69	0	5.83	3 oz:85|1 roast:2900
sr:168230	Pork, fresh, loin, whole, separable lean only, raw	usda	143	21.43	0	5.66	4 oz:113|1 chop, excluding refuse (yield from 1 raw chop, with refuse, weighing 151 g):106
sr:168231	Pork, fresh, loin, whole, separable lean only, cooked, braised	usda	204	28.57	0	9.12	3 oz:85|1 chop, excluding refuse (yield from 1 raw chop, with refuse, weighing 151 g):80
sr:168232	Pork, fresh, loin, whole, separable lean only, cooked, broiled	usda	210	28.57	0	9.8	3 oz:85|1 chop, excluding refuse (yield from 1 raw chop, with refuse, weighing 151 g):79
sr:168233	Pork, fresh, loin, whole, separable lean only, cooked, roasted	usda	209	28.62	0	9.63	3 oz:85|1 chop, excluding refuse (yield from 1 raw chop, with refuse, weighing 151 g):81
sr:168234	Pork, fresh, loin, blade (chops or roasts), bone-in, separable lean only, raw	usda	143	21.22	0	5.84	4 oz:113|1 chop:263
sr:168235	Pork, fresh, loin, blade (chops), bone-in, separable lean only, cooked, braised	usda	222	28.02	0	11.29	3 oz:85|1 chop:206
sr:168236	Pork, fresh, loin, blade (chops), bone-in, separable lean only, cooked, broiled	usda	193	24.99	0	9.56	3 oz:85|1 chop:219
sr:168237	Pork, fresh, loin, blade (roasts), bone-in, separable lean only, cooked, roasted	usda	217	25.7	0	11.89	3 oz:85|1 roast:830
sr:168238	Pork, fresh, loin, center loin (chops), bone-in, separable lean and fat, raw	usda	170	20.71	0	9.03	4 oz:113|1 chop without refuse (Yield from 1 raw chop, with refuse, weighing 259g):199
sr:168239	Pork, fresh, loin, center loin (chops), bone-in, separable lean only, cooked, braised	usda	200	30.2	0	7.86	3 oz:85|1 chop:187
sr:168240	Pork, fresh, loin, center loin (chops), bone-in, separable lean only, cooked, broiled	usda	180	26.76	0	7.29	1 chop without refuse (Yield from 1 cooked chop, with refuse, weighing 209g):146|3 oz:85
sr:168241	Pork, fresh, loin, center loin (roasts), bone-in, separable lean only, cooked, roasted	usda	194	28.58	0	7.95	3 oz:85|1 roast:900
sr:168242	Pork, fresh, loin, center rib (chops or roasts), bone-in, separable lean and fat, raw	usda	186	20.28	0	11.04	4 oz:113|1 chop without refuse (Yield from 1 raw chop, with refuse, weighing 201g):133|1 lb:453.6
sr:168243	Pork, fresh, loin, center rib (chops), bone-in, separable lean only, cooked, braised	usda	208	29.03	0	9.32	3 oz:85|1 chop:187
sr:168244	Pork, fresh, loin, center rib (chops), bone-in, separable lean only, cooked, broiled	usda	186	25.79	0	8.36	3 oz:85|1 chop, excluding refuse (yield from 1 raw chop, with refuse, weighing 151 g):67
sr:168245	Pork, fresh, loin, center rib (roasts), bone-in, separable lean only, cooked, roasted	usda	206	28.82	0	9.21	3 oz:85|1 roast:783
sr:168246	Pork, fresh, loin, sirloin (chops or roasts), bone-in, separable lean and fat, raw	usda	168	20.48	0	8.96	4 oz:113|1 lb:453.6|1 roast without refuse (Yield from 1 raw roast, with refuse, weighing 1817g):1327
sr:168247	Pork, fresh, loin, sirloin (chops), bone-in, separable lean only, cooked, broiled	usda	174	29.29	0	5.45	3 oz:85|1 chop:195
sr:168248	Pork, fresh, loin, sirloin (roasts), bone-in, separable lean only, cooked, roasted	usda	204	27.78	0	9.44	3 oz (Yield from 1 cooked roast, with refuse, weighing 1515g):85|1 roast without refuse:985
sr:168249	Pork, fresh, loin, tenderloin, separable lean only, raw	usda	109	20.95	0	2.17	4 oz:113|1 lb:453.6|1 roast:505
sr:168250	Pork, fresh, loin, tenderloin, separable lean only, cooked, roasted	usda	143	26.17	0	3.51	3 oz:85|1 piece, cooked, excluding refuse (yield from 1 lb raw meat with refuse):333|1 roast:402
sr:168251	Pork, fresh, loin, top loin (chops), boneless, separable lean only, raw	usda	127	22.41	0	3.42	4 oz:113|1 chop:185|1 lb:453.6
sr:168252	Pork, fresh, loin, top loin (chops), boneless, separable lean only, cooked, braised	usda	170	30.54	0	4.34	1 chop:135
sr:168253	Pork, fresh, loin, top loin (chops), boneless, separable lean only, cooked, broiled	usda	173	27.58	0	6.08	1 chop:145
sr:168254	Pork, fresh, loin, top loin (roasts), boneless, separable lean only, cooked, roasted	usda	173	27.23	0	6.28	3 oz:85
sr:168255	Pork, fresh, shoulder, arm picnic, separable lean and fat, raw	usda	193	18.71	0	12.51	4 oz:113|1 roast:2745
sr:168256	Pork, fresh, shoulder, arm picnic, separable lean and fat, cooked, braised	usda	235	24.88	0	14.33	3 oz:85|1 roast:2252
sr:168257	Pork, fresh, shoulder, arm picnic, separable lean and fat, cooked, roasted	usda	317	23.47	0	24.01	1 cup, diced:135|3 oz:85
sr:168258	Pork, fresh, shoulder, arm picnic, separable lean only, raw	usda	120	20.26	0	3.77	4 oz:113|1 roast:2745
sr:168259	Pork, fresh, shoulder, blade, boston (roasts), separable lean and fat, cooked, roasted	usda	269	23.11	0	18.86	3 oz:85|1 piece, cooked, excluding refuse (yield from 1 lb raw meat with refuse):262
sr:168260	Pork, fresh, shoulder, (Boston butt), blade (steaks), separable lean only, raw	usda	132	18.73	0	5.71	4 oz:113|1 steak without refuse (Yield from 1 raw steak, with refuse, weighing 379g):258
sr:168261	Pork, fresh, shoulder, (Boston butt), blade (steaks), separable lean only, cooked, braised	usda	233	26.57	0	13.2	3 oz:85|1 steak:249
sr:168262	Pork, fresh, shoulder, blade, boston (steaks), separable lean only, cooked, broiled	usda	227	26.74	0	12.54	3 oz:85|1 steak, excluding refuse (yield from 1 raw steak, with refuse, weighing 300 g):147
sr:168263	Pork, fresh, loin, center loin (chops), boneless, separable lean only, raw	usda	123	23.75	0	3.09	4 oz:113|1 chop:170
sr:168264	Pork, fresh, variety meats and by-products, brain, raw	usda	127	10.28	0	9.21	1 oz:28.4|4 oz:113
sr:168265	Pork, fresh, variety meats and by-products, brain, cooked, braised	usda	138	12.14	0	9.51	3 oz:85
sr:168266	Pork, fresh, variety meats and by-products, chitterlings, raw	usda	182	7.64	0	16.61	4 oz:113
sr:168267	Pork, fresh, variety meats and by-products, heart, raw	usda	118	17.27	1.33	4.36	1 oz:28.4|1 heart:226
sr:168268	Pork, fresh, variety meats and by-products, heart, cooked, braised	usda	148	23.6	0.4	5.05	1 cup:145|1 heart:129
sr:168269	Pork, fresh, variety meats and by-products, jowl, raw	usda	655	6.38	0	69.61	1 oz:28.4|4 oz:113
sr:168270	Pork, fresh, variety meats and by-products, kidneys, raw	usda	100	16.46	0	3.25	4 oz:113|1 kidney:233
sr:168271	Pork, fresh, variety meats and by-products, lungs, cooked, braised	usda	99	16.6	0	3.1	3 oz:85
sr:168272	Pork, fresh, variety meats and by-products, mechanically separated, raw	usda	304	15.03	0	26.54	1 oz:28.4|1 lb:453.6
sr:168273	Pork, fresh, variety meats and by-products, pancreas, raw	usda	199	18.56	0	13.24	1 oz:28.4|4 oz:113
sr:168274	Pork, fresh, variety meats and by-products, pancreas, cooked, braised	usda	219	28.5	0	10.8	3 oz:85
sr:168275	Pork, fresh, variety meats and by-products, tongue, raw	usda	225	16.3	0	17.2	1 oz:28.4|4 oz:113
sr:168276	Pork, fresh, variety meats and by-products, tongue, cooked, braised	usda	271	24.1	0	18.6	3 oz:85|1 piece, cooked, excluding refuse (yield from 1 lb raw meat with refuse):231
sr:168277	Pork, cured, bacon, unprepared	usda	393	13.66	0	37.13	4 oz:113|1 slice raw:28|1 package:442
sr:168278	Pork, cured, breakfast strips, raw or unheated	usda	388	11.74	0.7	37.16	3 oz:85|3 slices:68|1 package (12 oz):340
sr:168279	Pork, cured, ham, extra lean (approximately 4% fat), canned, unheated	usda	120	18.49	0	4.56	3 oz:85|1 cup:140
sr:168280	Pork, cured, ham, extra lean (approximately 4% fat), canned, roasted	usda	136	21.16	0.52	4.88	1 cup:140|3 oz:85
sr:168281	Pork, cured, ham, regular (approximately 13% fat), canned, roasted	usda	226	20.53	0.42	15.2	1 cup:140|3 oz:85
sr:168282	Pork, cured, ham, center slice, country-style, separable lean only, raw	usda	195	27.8	0.3	8.32	1 oz:28.4|4 oz:113
sr:168283	Pork, cured, ham, center slice, separable lean and fat, unheated	usda	203	20.17	0.05	12.9	1 oz:28.4|4 oz:113
sr:168284	Pork, cured, ham, whole, separable lean only, roasted	usda	157	25.05	0	5.5	1 cup:140|3 oz:85
sr:168285	Pork, fresh, loin, center loin (chops), boneless, separable lean only, cooked, pan-broiled	usda	162	30.02	0	4.65	3 oz:85|1 chop:137
sr:168286	Pork, fresh, loin, center loin (chops), boneless, separable lean and fat, raw	usda	201	21.14	0	12.96	4 oz:113|1 chop:170
sr:168287	Pork, cured, salt pork, raw	usda	748	5.05	0	80.5	4 oz:113|8 oz:227
sr:168288	Pork, cured, shoulder, blade roll, separable lean and fat, unheated	usda	269	16.47	0	21.98	1 oz:28.4|4 oz:113
sr:168289	Pork, cured, shoulder, blade roll, separable lean and fat, roasted	usda	287	17.28	0.37	23.48	3 oz:85|1 piece, cooked (yield from 1 lb unheated product):376
sr:168290	Pork, fresh, variety meats and by-products, feet, cooked, simmered	usda	238	21.94	0	16.05	3 oz:85
sr:168291	Pork, fresh, variety meats and by-products, tail, raw	usda	378	17.75	0	33.5	1 oz:28.4|4 oz:113
sr:168292	Pork, fresh, loin, center loin (chops), bone-in, separable lean and fat, cooked, pan-fried	usda	238	27.63	0	13.32	3 oz:85|1 chop:172
sr:168293	Pork, fresh, loin, center rib (chops), bone-in, separable lean and fat, cooked, pan-fried	usda	256	26.81	0	15.71	3 oz:85|1 chop:169
sr:168294	Pork, fresh, loin, top loin (chops), boneless, separable lean only, cooked, pan-fried	usda	172	30.46	0	4.62	1 chop:142|3 oz:85
sr:168295	Pork, cured, ham, boneless, extra lean and regular, unheated	usda	162	18.26	2.28	8.39	3 oz:85|1 cup:140|1 slice (6-1/4" x 4" x 1/16") (1 oz):28
sr:168296	Pork, cured, ham, boneless, extra lean and regular, roasted	usda	165	21.97	0.5	7.66	1 cup:140|3 oz:85
sr:168297	Pork, fresh, composite of trimmed retail cuts (leg, loin, shoulder, and spareribs), separable lean and fat, cooked	usda	238	26.36	0	13.89	3 oz:85|1 piece, cooked, excluding refuse (yield from 1 lb raw meat with refuse):247
sr:168298	Pork, fresh, loin, center loin (chops), boneless, separable lean and fat, cooked, pan-broiled	usda	229	26.68	0	13.6	3 oz:85|1 chop:137
sr:168299	Pork, fresh, backribs, separable lean and fat, raw	usda	224	19.07	0	16.33	4 oz:113
sr:168300	Pork, fresh, backribs, separable lean and fat, cooked, roasted	usda	292	23.01	0	21.51	3 oz:85
sr:168301	Pork, fresh, loin, center rib (roasts), boneless, separable lean and fat, cooked, roasted	usda	252	26.99	0	15.15	3 oz:85|1 piece, cooked, excluding refuse (yield from 1 lb raw meat with refuse):317
sr:168302	Pork, fresh, loin, center rib (chops or roasts), boneless, separable lean only, raw	usda	152	21.8	0	6.48	4 oz:113|1 chop, excluding refuse (yield from 1 raw chop, with refuse, weighing 113 g):88
sr:168303	Pork, fresh, loin, center rib (chops), boneless, separable lean only, cooked, braised	usda	211	27.95	0	10.14	3 oz:85|1 chop, excluding refuse (yield from 1 raw chop, with refuse, weighing 113 g):72
sr:168304	Pork, fresh, loin, center rib (chops), boneless, separable lean only, cooked, broiled	usda	216	29.46	0	10.05	3 oz:85|1 chop, excluding refuse (yield from 1 raw chop, with refuse, weighing 113 g):71
sr:168305	Pork, fresh, loin, country-style ribs, separable lean only, raw	usda	140	20.76	0	5.64	4 oz:113|1 rib:197
sr:168306	Pork, fresh, loin, country-style ribs, separable lean only, cooked, braised	usda	247	27.74	0	14.26	1 rib without refuse (yield from 1 cooked rib, with refuse, weighing 141g):80|3 oz:85
sr:168307	Pork, fresh, loin, country-style ribs, separable lean only, bone-in, cooked, roasted	usda	227	29.2	0	11.38	1 rack:138
sr:168308	Pork, fresh, loin, sirloin (chops or roasts), boneless, separable lean and fat, raw	usda	133	22.49	0	4.05	4 oz:113|1 chop:210
sr:168309	Pork, fresh, loin, sirloin (chops), boneless, separable lean only, cooked, braised	usda	163	28.75	0	4.5	3 oz:85|1 chop:161
sr:168310	Pork, fresh, loin, sirloin (chops), boneless, separable lean only, cooked, broiled	usda	161	28.6	0	4.36	3 oz:85|1 chop:159
sr:168311	Pork, fresh, loin, sirloin (roasts), boneless, separable lean only, cooked, roasted	usda	178	30.39	0	5.31	3 oz:85|1 roast:638
sr:168312	Pork, fresh, loin, tenderloin, separable lean and fat, raw	usda	120	20.65	0	3.53	4 oz:113|1 roast (Yield from 1 raw roast, with refuse, weighing 504g):505
sr:168313	Pork, fresh, loin, tenderloin, separable lean only, cooked, broiled	usda	187	30.42	0	6.33	3 oz:85|1 chop, excluding refuse (yield from 1 raw chop, with refuse, weighing 113 g):73
sr:168314	Pork, fresh, loin, top loin (roasts), boneless, separable lean and fat, raw	usda	166	21.34	0	8.33	4 oz:113|1 roast:2195
sr:168315	Pork, fresh, loin, top loin (roasts), boneless, separable lean only, raw	usda	132	22.39	0	4.06	4 oz:113|1 roast:2195
sr:168316	Pork, fresh, composite of trimmed retail cuts (loin and shoulder blade), separable lean and fat, raw	usda	177	20.08	0	10.14	1 oz:28.4|1 lb:453.6
sr:168317	HORMEL ALWAYS TENDER, Pork Tenderloin, Peppercorn-Flavored	usda	110	17.21	1.82	3.8	4 oz:112
sr:168318	HORMEL ALWAYS TENDER, Pork Loin Filets, Lemon Garlic-Flavored	usda	118	17.83	1.79	4.16	1 oz:28|1 serving:112|4 oz:112
sr:168319	HORMEL ALWAYS TENDER, Center Cut Chops, Fresh Pork	usda	167	18.74	0.84	9.62	1 oz:28.4|1 serving:112|4 oz:112
sr:168320	HORMEL ALWAYS TENDER, Boneless Pork Loin, Fresh Pork	usda	145	19.02	0.76	7.18	1 oz:28|1 serving:112|4 oz:112
sr:168321	Pork, cured, bacon, cooked, microwaved	usda	476	39.01	0.48	34.12	1 slice cooked:9.1
sr:168322	Pork, cured, bacon, pre-sliced, cooked, pan-fried	usda	468	33.92	1.7	35.09	3 oz:85|1 slice:11.5
sr:168323	Pork, fresh, variety meats and by-products, stomach, cooked, simmered	usda	157	21.4	0.09	7.26	3 oz:85
sr:168324	Pork, bacon, rendered fat, cooked	usda	898	0.07	0	99.5	3 oz:85
sr:168325	Pork, cured, ham and water product, slice, bone-in, separable lean only, heated, pan-broil	usda	122	20.9	1.35	3.63	3 oz (3 oz):85|1 slice:446
sr:168326	Pork, cured, ham and water product, slice, boneless, separable lean only, heated, pan-broil	usda	123	15.09	4.69	5.06	3 oz (3 oz):85|1 slice:138
sr:168327	Pork, cured, ham and water product, whole, boneless, separable lean only, heated, roasted	usda	123	13.88	4.61	5.46	3 oz:85|1 serving (3 oz):85|1 roast:1995
sr:168328	Pork, cured, ham and water product, whole, boneless, separable lean only, unheated	usda	116	14.07	4.22	4.86	3 oz:85
sr:168329	Pork, cured, ham -- water added, slice, boneless, separable lean only, heated, pan-broil	usda	119	18.82	1.75	4.09	3 oz (3 oz):85|1 slice:189
sr:168330	Pork, cured, ham with natural juices, slice, bone-in, separable lean only, heated, pan-broil	usda	150	27.75	0	4.38	3 oz (3 oz):85|1 slice:445
sr:168331	Pork, cured, ham with natural juices, spiral slice, meat only, boneless, separable lean only, heated, roasted	usda	126	22.56	1.08	3.78	3 oz:85|1 slice:145|1 roast:920|1 serving (3 oz):85
sr:168332	Pork, cured, ham and water product, rump, bone-in, separable lean only, heated, roasted	usda	131	21.28	1.15	4.7	3 oz (3 oz):85|1 roast rump:2533
sr:168333	Pork, cured, ham with natural juices, slice, boneless, separable lean only, heated, pan-broil	usda	116	20.95	1.05	3.16	3 oz (3 oz):85|1 slice:277
sr:168334	Pork, cured, ham with natural juices, whole, boneless, separable lean only, heated, roasted	usda	113	20.57	0.84	3.01	3 oz (3 oz):85|1 roast:1497
sr:168335	Pork, cured, ham with natural juices, whole, boneless, separable lean only, unheated	usda	111	19.44	1.03	3.21	3 oz:85|1 lb:453.6
sr:168336	Pork, cured, ham -- water added, shank, bone-in, separable lean only, unheated	usda	91	18.65	0.71	1.87	3 oz:85
sr:168337	Pork, cured, ham with natural juices, rump, bone-in, separable lean only, unheated	usda	122	22.71	0.43	3.47	3 oz:85
sr:168338	Pork, cured, ham with natural juices, shank, bone-in, separable lean only, unheated	usda	130	25.11	0.3	3.33	3 oz:85
sr:168339	Pork, cured, ham with natural juices, slice, bone-in, separable lean only, unheated	usda	123	24.34	0	2.87	3 oz:85|1 slice:430
sr:168340	Pork, cured, ham with natural juices, spiral slice, boneless, separable lean only, unheated	usda	109	19.25	1.22	3.26	3 oz spiral slice:85|1 lb spiral slice:453.6
sr:168341	Pork, cured, ham with natural juices, spiral slice, boneless, separable lean and fat, unheated	usda	129	18.66	1.18	5.75	3 oz spiral slice:85|1 lb spiral slice:453.6
sr:168342	Pork, cured, ham with natural juices, slice, bone-in, separable lean and fat, unheated	usda	159	22.82	0.17	7.4	3 oz:85
sr:168343	Pork, cured, ham with natural juices, shank, bone-in, separable lean and fat, unheated	usda	191	22.35	0.32	11.11	3 oz shank:85|1 lb shank:453.6
sr:168344	Pork, cured, ham with natural juices, rump, bone-in, separable lean and fat, unheated	usda	200	19.7	0.43	13.26	3 oz rump:85|1 lb rump:453.6
sr:168345	Pork, cured, ham -- water added, whole, boneless, separable lean and fat, unheated	usda	121	17.06	1.42	5.38	3 oz whole:85|1 lb whole:453.6
sr:168346	Pork, cured, ham -- water added, slice, bone-in, separable lean and fat, unheated	usda	164	15.73	1.1	10.77	3 oz:85|1 lb:453.6
sr:168347	Pork, cured, ham -- water added, shank, bone-in, separable lean and fat, unheated	usda	167	16.65	0.66	11.02	3 oz:85|1 lb:453.6
sr:168348	Pork, cured, ham -- water added, rump, bone-in, separable lean and fat, unheated	usda	172	13.99	0.8	12.5	3 oz:85|1 lb:453.6
sr:168349	Pork, cured, ham -- water added, whole, boneless, separable lean and fat, heated, roasted	usda	126	17.77	1.54	5.48	3 oz (3 oz):85|1 roast:1867
sr:168350	Pork, cured, ham and water product, rump, bone-in, separable lean and fat, heated, roasted	usda	186	19.46	1.15	11.48	3 oz (3 oz):85|1 roast rump:2533
sr:168351	Pork, cured, ham and water product, shank, bone-in, separable lean and fat, heated, roasted	usda	234	18.17	1.42	17.29	3 oz (3 oz):85|1 roast shank:3204
sr:168352	Pork, cured, ham and water product, slice, bone-in, separable lean and fat, heated, pan-broil	usda	155	19.85	1.41	7.78	3 oz (3 oz):85|1 slice:446
sr:168353	Pork, cured, ham with natural juices, slice, boneless, separable lean and fat, heated, pan-broil	usda	118	20.89	1.04	3.4	3 oz (3 oz):85|1 slice:277
sr:168354	Pork, cured, ham with natural juices, spiral slice, boneless, separable lean and fat, heated, roasted	usda	139	22.18	1.06	5.1	1 slice:145|1 roast:920|3 oz (3 oz):85
sr:168355	Pork, cured, ham with natural juices, whole, boneless, separable lean and fat, heated, roasted	usda	114	20.54	0.84	3.13	3 oz (3 oz):85|1 roast:1497
sr:168356	Pork, cured, ham, rump, bone-in, separable lean and fat, heated, roasted	usda	177	23.95	0.64	8.88	3 oz (3 oz):85|1 roast rump:2874
sr:168357	Pork, cured, ham, shank, bone-in, separable lean and fat, heated, roasted	usda	191	24.39	0.64	9.35	3 oz (3 oz):85|1 roast shank:2800
sr:168358	Pork, cured, ham, shank, bone-in, separable lean and fat, unheated	usda	177	21.61	0.41	9.85	3 oz:85|1 lb:453.6
sr:168359	Pork, cured, ham, slice, bone-in, separable lean and fat, heated, pan-broil	usda	181	25.48	0.7	8.48	3 oz (3 oz):85|1 slice:366
sr:168360	Pork, cured, ham, slice, bone-in, separable lean only, unheated	usda	130	24.36	0	3.59	3 oz (3 oz):85|1 slice:425
sr:168361	Pork, fresh, enhanced, loin, tenderloin, separable lean only, raw	usda	106	20.39	0	2.09	4 oz:113
sr:168362	Pork, fresh, shoulder, (Boston butt), blade (steaks), separable lean only, with added solution cooked, braised	usda	227	27.58	0	12.14	3 oz:85
sr:168363	Pork, fresh, shoulder, (Boston butt), blade (steaks), separable lean only, with added solution, raw	usda	122	18.29	0.18	5.36	4 oz:113
sr:168364	Pork, fresh, loin, top loin (chops), boneless, separable lean only, with added solution, cooked, broiled	usda	170	29.65	0	5.73	3 oz:85|1 chop:107
sr:168365	Pork, fresh, shoulder, (Boston butt), blade (steaks), separable lean and fat,with added solution, raw	usda	169	17.19	0.16	11.12	4 oz:113|1 steak:393
sr:168366	Pork, fresh, shoulder, (Boston butt), blade (steaks), separable lean and fat, with added solution, cooked, braised	usda	263	25.84	0.03	16.94	3 oz:85|1 steak:264
sr:168367	Pork, cured, ham, rump, bone-in, separable lean and fat, unheated	usda	176	22.27	0.52	9.38	3 oz:85
sr:168368	Pork, loin, leg cap steak, boneless, separable lean and fat, cooked, broiled	usda	158	27.57	0	4.41	3 oz:85|1 piece:194
sr:168369	Pork, Shoulder petite tender, boneless, separable lean and fat, raw	usda	128	21.65	0	3.91	1 piece:105
sr:168370	Pork, Leg sirloin tip roast, boneless, separable lean and fat, cooked, braised	usda	156	31.11	0	2.56	3 oz:85|1 piece:609
sr:168371	Pork, Leg sirloin tip roast, boneless, separable lean and fat, raw	usda	113	22.88	0	1.71	3 oz:85|1 piece:765
sr:168372	Pork, ground, 84% lean / 16% fat, raw	usda	218	17.99	0.44	16	4 oz:113
sr:168373	Pork, ground, 72% lean / 28% fat, cooked, pan-broiled	usda	377	22.59	1.08	31.42	3 oz grilled patties:85
sr:168374	Pork, ground, 84% lean / 16% fat, cooked, pan-broiled	usda	301	27.14	0	21.39	3 oz grilled patties:85
sr:168375	Pork, ground, 96% lean / 4% fat, cooked, pan-broiled	usda	185	31.69	0.57	6.2	3 oz grilled patties:85
sr:168376	Pork loin, fresh, backribs, bone-in, raw, lean only	usda	172	20.85	0	9.84	4 oz:113|1 ribs:1071
sr:168377	Pork loin, fresh, backribs, bone-in, cooked-roasted, lean only	usda	255	24.15	0	17.65	3 oz:85|1 ribs:878
sr:168378	Pork, fresh, loin, country-style ribs, separable lean only, bone-in, cooked, broiled	usda	216	27.83	0	11.65	3 oz:85|1 rack:122
sr:168379	Pork, fresh, loin, country-style ribs, separable lean only, boneless, cooked, roasted	usda	219	29.2	0	11.38	3 oz:85|1 rack:138
sr:168380	Pork, fresh, blade, (chops), boneless, separable lean and fat, cooked, broiled	usda	202	24.73	0.83	11.13	3 oz:85|1 chop:131
sr:168381	Pork, fresh, loin, blade (chops or roasts), boneless, separable lean and fat only, raw	usda	157	20.54	0.76	7.94	4 oz:113|1 chop:176
sr:168382	Bacon, pre-sliced, reduced/low sodium, unprepared	usda	407	12.53	0.83	39.27	1 slice:26|1 package:446
sr:168383	Canadian bacon, cooked, pan-fried	usda	146	28.31	1.8	2.78	1 slice:13.8
sr:168384	Alfalfa seeds, sprouted, raw	usda	23	3.99	2.1	0.69	1 cup:33|1 tbsp:3
sr:168385	Amaranth leaves, raw	usda	23	2.46	4.02	0.33	1 cup:28|1 leaf:14
sr:168386	Artichokes, (globe or french), cooked, boiled, drained, without salt	usda	53	2.89	11.95	0.34	1 artichoke, medium:120|0.5 cup hearts:84
sr:168387	Artichokes, (globe or french), frozen, unprepared	usda	38	2.63	7.75	0.43	0.33 package:84|1 package (9 oz):255
sr:168388	Artichokes, (globe or french), frozen, cooked, boiled, drained, without salt	usda	45	3.11	9.18	0.5	1 cup:168|1 package (9 oz), yields:240|0.33 package (9 oz) yields:80
sr:168389	Asparagus, raw	usda	20	2.2	3.88	0.12	1 cup:134|1 spear, small (5" long or less):12|1 spear, medium (5-1/4" to 7" long):16|1 spear, large (7-1/4" to 8-1/2"):20|1 spear, extra large (8-3/4" to 10" long):24|1 spear tip (2" long or less):3.5
sr:168390	Asparagus, cooked, boiled, drained	usda	22	2.4	4.11	0.22	0.5 cup:90|4 spears (1/2" base):60
sr:168391	Balsam-pear (bitter gourd), leafy tips, raw	usda	30	5.3	3.29	0.69	1 leaf:4|0.5 cup:24
sr:168392	Balsam-pear (bitter gourd), leafy tips, cooked, boiled, drained, without salt	usda	34	3.6	6.68	0.2	1 cup:58
sr:168393	Balsam-pear (bitter gourd), pods, raw	usda	17	1	3.7	0.17	1 cup (1/2" pieces):93|1 balsam-pear:124
sr:168394	Balsam-pear (bitter gourd), pods, cooked, boiled, drained, without salt	usda	19	0.84	4.32	0.18	1 cup (1/2" pieces):124|0.5 cup (1/2" pieces):62
sr:168395	Beans, kidney, mature seeds, sprouted, cooked, boiled, drained, without salt	usda	33	4.83	4.72	0.58	
sr:168396	Lima beans, immature seeds, raw	usda	113	6.84	20.17	0.86	1 cup:156
sr:168397	Corn, sweet, yellow, canned, drained solids, rinsed with tap water	usda	64	2.18	13.02	1.43	1 cup drained, rinsed:150|1 can drained, rinsed:266
sr:168398	Corn, sweet, yellow, frozen, kernels cut off cob, unprepared (Includes foods for USDA's Food Distribution Program)	usda	88	3.02	20.71	0.78	1 cup:136|1 package:284
sr:168399	Corn, sweet, yellow, frozen, kernels cut off cob, boiled, drained, without salt	usda	81	2.55	19.3	0.67	1 cup:165|1 package (10 oz) yields:284
sr:168400	Corn, sweet, yellow, frozen, kernels on cob, unprepared	usda	98	3.28	23.5	0.78	1 cup kernels:165|1 ear, yields:125
sr:168401	Corn, sweet, yellow, frozen, kernels on cob, cooked, boiled, drained, without salt	usda	94	3.11	22.33	0.74	1 cup kernels:165|1 ear, yields:63
sr:168402	Cowpeas (blackeyes), immature seeds, cooked, boiled, drained, without salt	usda	97	3.17	20.32	0.38	1 cup:165
sr:168403	Cowpeas (blackeyes), immature seeds, frozen, unprepared	usda	139	8.98	25.13	0.7	1 cup:160|1 package (10 oz):284
sr:168404	Cowpeas (blackeyes), immature seeds, frozen, cooked, boiled, drained, without salt	usda	132	8.49	23.76	0.66	1 cup:170
sr:168405	Cowpeas, young pods with seeds, raw	usda	44	3.3	9.5	0.3	1 cup:94|1 pod:12
sr:168406	Cowpeas, leafy tips, cooked, boiled, drained, without salt	usda	22	4.67	2.8	0.1	1 cup, chopped:53
sr:168407	Cress, garden, raw	usda	32	2.6	5.5	0.7	1 cup:50|1 sprig:1
sr:168408	Cress, garden, cooked, boiled, drained, without salt	usda	23	1.9	3.8	0.6	1 cup:135|0.5 cup:68
sr:168410	Edamame, frozen, unprepared	usda	109	11.22	7.61	4.73	1 cup:118|1 package:432
sr:168411	Edamame, frozen, prepared	usda	121	11.91	8.91	5.2	1 cup:155
sr:168412	Endive, raw	usda	17	1.25	3.35	0.2	0.5 cup, chopped:25|1 head:513
sr:168413	Escarole, cooked, boiled, drained, no salt added	usda	15	1.15	3.07	0.18	1 cup:150
sr:168414	Gourd, dishcloth (towelgourd), raw	usda	20	1.2	4.35	0.2	1 cup (1" pieces):95|1 gourd:178
sr:168415	Gourd, dishcloth (towelgourd), cooked, boiled, drained, without salt	usda	56	0.66	14.34	0.34	1 cup (1" pieces):178|0.5 cup (1" slices):89
sr:168416	Drumstick leaves, raw	usda	64	9.4	8.28	1.4	1 cup, chopped:21
sr:168417	Drumstick leaves, cooked, boiled, drained, without salt	usda	60	5.27	11.15	0.93	1 cup, chopped:42
sr:168418	Pepeao, dried	usda	298	4.82	81.03	0.44	1 cup:24
sr:168419	Jute, potherb, raw	usda	34	4.65	5.8	0.25	1 cup:28
sr:168420	Jute, potherb, cooked, boiled, drained, without salt	usda	37	3.68	7.29	0.2	1 cup:87
sr:168422	Mushrooms, Chanterelle, raw	usda	32	1.49	6.86	0.53	1 cup:54|1 piece:5.4
sr:168423	Mushrooms, morel, raw	usda	31	3.12	5.1	0.57	1 cup:66|1 piece:12.9
sr:168424	Kohlrabi, raw	usda	27	1.7	6.2	0.1	1 cup:135|1 slice:16
sr:168425	Kohlrabi, cooked, boiled, drained, without salt	usda	29	1.8	6.69	0.11	1 cup slices:165
sr:168426	Leeks, (bulb and lower leaf-portion), cooked, boiled, drained, without salt	usda	31	0.81	7.62	0.2	1 leek:124|0.25 cup, chopped or diced:26
sr:168427	Lentils, sprouted, raw	usda	106	8.96	22.14	0.55	1 cup:77
sr:168428	Lentils, sprouted, cooked, stir-fried, without salt	usda	101	8.8	21.25	0.45	
sr:168429	Lettuce, butterhead (includes boston and bibb types), raw	usda	13	1.35	2.23	0.22	1 cup, shredded or chopped:55|1 head (5" dia):163|1 leaf, large:15|1 leaf, medium:7.5|1 leaf:5
sr:168430	Lotus root, cooked, boiled, drained, without salt	usda	66	1.58	16.02	0.07	0.5 cup:60|1 slices (2-1/2" dia):89
sr:168431	Lettuce, red leaf, raw	usda	13	1.33	2.26	0.22	1 cup shredded:28|1 leaf inner:2.6|1 leaf outer:17|1 head:309|1 NLEA serving:85
sr:168432	Mountain yam, hawaii, raw	usda	67	1.34	16.3	0.1	0.5 cup, cubes:68|1 yam:420
sr:168433	Mountain yam, hawaii, cooked, steamed, without salt	usda	82	1.73	20	0.08	1 cup, cubes:145
sr:168434	Mushrooms, brown, italian, or crimini, raw	usda	22	2.5	4.3	0.1	1 cup whole:87|1 cup sliced:72|1 piece whole:20
sr:168435	Mushrooms, shiitake, stir-fried	usda	39	3.45	7.68	0.35	1 cup whole:89|1 cup sliced:97|1 piece whole:19
sr:168436	Mushrooms, shiitake, dried	usda	296	9.58	75.37	0.99	1 mushroom:3.6|4 mushrooms:15
sr:168437	Mushrooms, shiitake, cooked, without salt	usda	56	1.56	14.39	0.22	1 cup pieces:145|4 mushrooms:72
sr:168438	Mustard spinach, (tendergreen), raw	usda	22	2.2	3.9	0.3	1 cup, chopped:150
sr:168439	Mustard spinach, (tendergreen), cooked, boiled, drained, without salt	usda	16	1.7	2.8	0.2	1 cup, chopped:180
sr:168440	New Zealand spinach, raw	usda	14	1.5	2.5	0.2	1 cup, chopped:56
sr:168441	New Zealand spinach, cooked, boiled, drained, without salt	usda	12	1.3	2.13	0.17	1 cup, chopped:180
sr:168442	Potatoes, french fried, all types, salt added in processing, frozen, unprepared	usda	147	2.24	24.81	4.66	1 strip:89|1 package (9 oz):255
sr:168443	Potato wedges, frozen (Includes foods for USDA's Food Distribution Program)	usda	129	2.7	25.46	2.2	
sr:168444	Potatoes, french fried, steak fries, salt added in processing, frozen, as purchased	usda	130	2.19	23.51	3.39	1 strip:153
sr:168445	Potatoes, french fried, steak fries, salt added in processing, frozen, oven-heated	usda	148	2.57	26.98	3.76	1 strip:133
sr:168446	Potato flour	usda	357	6.9	83.1	0.34	1 cup:160
sr:168447	Pumpkin leaves, cooked, boiled, drained, without salt	usda	21	2.72	3.39	0.22	1 cup:71
sr:168448	Pumpkin, raw	usda	26	1	6.5	0.1	1 cup (1" cubes):116
sr:168449	Pumpkin, cooked, boiled, drained, without salt	usda	20	0.72	4.9	0.07	1 cup, mashed:245
sr:168450	Pumpkin, canned, without salt	usda	34	1.1	8.09	0.28	1 cup:245
sr:168451	Radishes, oriental, raw	usda	18	0.6	4.1	0.1	1 cup slices:116|1 radish (7" long):338
sr:168452	Radishes, oriental, cooked, boiled, drained, without salt	usda	17	0.67	3.43	0.24	1 cup, sliced:147
sr:168453	Radishes, oriental, dried	usda	271	7.9	63.37	0.72	1 cup:116
sr:168454	Rutabagas, raw	usda	37	1.08	8.62	0.16	1 cup, cubes:140|1 large:772|1 medium:386|1 small:192
sr:168455	Rutabagas, cooked, boiled, drained, without salt	usda	30	0.93	6.84	0.18	1 cup, cubes:170|1 cup, mashed:240
sr:168456	Seaweed, irishmoss, raw	usda	49	1.51	12.29	0.16	2 tbsp (1/8 cup):10
sr:168457	Seaweed, kelp, raw	usda	43	1.68	9.57	0.56	2 tbsp (1/8 cup):10
sr:168458	Seaweed, laver, raw	usda	35	5.81	5.11	0.28	1 sheets:26|2 tbsp (1/8 cup):10
sr:168459	Sesbania flower, raw	usda	27	1.28	6.73	0.04	1 flower:3|1 cup flowers:20
sr:168460	Soybeans, mature seeds, sprouted, cooked, steamed	usda	81	8.47	6.53	4.45	1 cup:94
sr:168461	Soybeans, mature seeds, sprouted, cooked, stir-fried	usda	125	13.1	9.4	7.1	
sr:168462	Spinach, raw	usda	23	2.86	3.63	0.39	1 cup:30|1 bunch:340|1 leaf:10|1 package (10 oz):284
sr:168463	Spinach, cooked, boiled, drained, without salt	usda	23	2.97	3.75	0.26	1 cup:180
sr:168464	Squash, summer, crookneck and straightneck, raw	usda	19	1.01	3.88	0.27	1 cup sliced:127
sr:168465	Squash, summer, crookneck and straightneck, cooked, boiled, drained, without salt	usda	19	1.04	3.79	0.39	1 cup, sliced:180|0.5 cup slices:90
sr:168466	Squash, summer, crookneck and straightneck, canned, drained, solid, without salt	usda	13	0.61	2.96	0.07	1 cup, diced:210|1 cup, mashed:240|1 cup slices:216|1 slice:8|1 can (303 x 406):241
sr:168467	Squash, summer, crookneck and straightneck, frozen, unprepared	usda	20	0.83	4.8	0.14	1 cup slices:130
sr:168468	Squash, summer, crookneck and straightneck, frozen, cooked, boiled, drained, without salt	usda	25	1.28	5.54	0.2	1 cup slices:192
sr:168469	Squash, summer, zucchini, includes skin, frozen, unprepared	usda	17	1.16	3.58	0.13	0.33 package (10 oz):95|1 package (10 oz):284|1 package (3 lb):1361
sr:168470	Squash, summer, zucchini, includes skin, frozen, cooked, boiled, drained, without salt	usda	17	1.15	3.56	0.13	1 cup:223
sr:168471	Squash, summer, zucchini, italian style, canned	usda	29	1.03	6.85	0.11	1 cup:227
sr:168473	Squash, winter, butternut, frozen, unprepared	usda	57	1.76	14.41	0.1	0.33 package (12 oz):113|1 package (12 oz):340|1 package (4 lb):1814
sr:168474	Squash, winter, butternut, frozen, cooked, boiled, without salt	usda	39	1.23	10.05	0.07	1 cup, mashed:240
sr:168475	Squash, winter, hubbard, raw	usda	40	2	8.7	0.5	1 cup, cubes:116
sr:168476	Squash, winter, hubbard, baked, without salt	usda	50	2.48	10.81	0.62	1 cup, cubes:205
sr:168477	Succotash, (corn and limas), cooked, boiled, drained, without salt	usda	115	5.07	24.38	0.8	1 cup:192
sr:168478	Succotash, (corn and limas), canned, with cream style corn	usda	77	2.64	17.61	0.54	1 cup:266
sr:168479	Succotash, (corn and limas), canned, with whole kernel corn, solids and liquids	usda	63	2.6	13.98	0.49	1 cup:255
sr:168480	Succotash, (corn and limas), frozen, unprepared	usda	93	4.31	19.94	0.89	1 cup:156|1 package (10 oz):284
sr:168481	Succotash, (corn and limas), frozen, cooked, boiled, drained, without salt	usda	93	4.31	19.95	0.89	1 cup:170
sr:168482	Sweet potato, raw, unprepared (Includes foods for USDA's Food Distribution Program)	usda	86	1.57	20.12	0.05	1 cup, cubes:133|1 sweetpotato, 5" long:130
sr:168483	Sweet potato, cooked, baked in skin, flesh, without salt	usda	90	2.01	20.71	0.15	1 cup:200|1 large:180|1 medium (2" dia, 5" long, raw):114|1 small:60
sr:168484	Sweet potato, cooked, boiled, without skin	usda	76	1.37	17.72	0.14	1 cup, mashed:328|1 medium:151
sr:168485	Sweet potato, canned, vacuum pack	usda	91	1.65	21.12	0.2	1 cup, mashed:255|1 cup pieces:200
sr:168486	Taro, cooked, without salt	usda	142	0.52	34.6	0.11	1 cup, sliced:132
sr:168487	Taro leaves, raw	usda	42	4.98	6.7	0.74	1 cup:28|1 leaf (11" x 6-1/2"):10
sr:168488	Taro leaves, cooked, steamed, without salt	usda	24	2.72	4.02	0.41	1 cup:145
sr:168489	Taro shoots, raw	usda	11	0.92	2.32	0.09	0.5 cup slices:43|1 shoot:83
sr:168490	Arrowroot, raw	usda	65	4.24	13.39	0.2	1 cup, sliced:120|1 root:33
sr:168491	Chrysanthemum leaves, raw	usda	24	3.36	3.01	0.56	1 cup, chopped:51|1 leaf:18
sr:168492	Amaranth leaves, cooked, boiled, drained, with salt	usda	21	2.11	4.11	0.18	1 cup:132
sr:168493	Arrowhead, cooked, boiled, drained, with salt	usda	78	4.49	16.14	0.1	1 corm, medium:12
sr:168494	Asparagus, frozen, cooked, boiled, drained, with salt	usda	18	2.95	1.92	0.42	1 cup:180|1 package (10 oz) yields:293|4 spears:60
sr:168495	Balsam-pear (bitter gourd), leafy tips, cooked, boiled, drained, with salt	usda	32	3.6	6.16	0.2	1 cup:58
sr:168496	Balsam-pear (bitter gourd), pods, cooked, boiled, drained, with salt	usda	19	0.84	4.32	0.18	1 cup (1/2" pieces):124
sr:168497	Bamboo shoots, cooked, boiled, drained, with salt	usda	11	1.53	1.52	0.22	1 cup (1/2" slices):120|1 shoot:144
sr:168498	Lima beans, immature seeds, frozen, fordhook, cooked, boiled, drained, with salt	usda	103	6.07	19.32	0.34	1 cup:170|1 package (10 oz) yields:311
sr:168499	Mung beans, mature seeds, sprouted, cooked, boiled, drained, with salt	usda	19	2.03	3.6	0.09	1 cup:124
sr:168500	Beans, navy, mature seeds, sprouted, cooked, boiled, drained, with salt	usda	78	7.07	15.01	0.81	
sr:168501	Beans, pinto, immature seeds, frozen, cooked, boiled, drained, with salt	usda	162	9.31	30.87	0.48	0.33 package (10 oz) yields:94|1 package (10 oz) yields:284
sr:168502	Beans, snap, green, canned, no salt added, solids and liquids	usda	15	0.8	3.5	0.1	0.5 cup:120|1 can (303 x 406):439
sr:168503	Beans, snap, yellow, canned, regular pack, solids and liquids	usda	15	0.8	3.5	0.1	0.5 cup:120|1 can (303 x 406):439
sr:168504	Beans, snap, yellow, canned, no salt added, solids and liquids	usda	15	0.8	3.5	0.1	0.5 cup:120|1 can (303 x 406):439
sr:168505	Beans, snap, green, canned, no salt added, drained solids	usda	22	1.12	4.32	0.46	1 cup:153|1 beans:62|1 can (303 x 406):262
sr:168506	Beets, cooked, boiled. drained, with salt	usda	44	1.68	9.96	0.18	0.5 cup slices:85|2 beets (2" dia, sphere):100
sr:168507	Beets, canned, no salt added, solids and liquids	usda	28	0.8	6.57	0.07	1 cup:246
sr:168508	Beet greens, cooked, boiled, drained, with salt	usda	27	2.57	5.46	0.2	1 cup (1" pieces):144
sr:168509	Borage, cooked, boiled, drained, with salt	usda	25	2.09	3.55	0.81	
sr:168510	Broccoli, cooked, boiled, drained, with salt	usda	35	2.38	7.18	0.41	0.5 cup, chopped:78|1 stalk, large (11"-12" long):280|1 stalk, medium (7-1/2" - 8" long):180|1 stalk, small (5" long):140|1 spear (about 5" long):37
sr:168511	Broccoli, frozen, chopped, cooked, boiled, drained, with salt	usda	28	3.1	5.35	0.12	1 cup:184
sr:168512	Broccoli, frozen, spears, cooked, boiled, drained, with salt	usda	28	3.1	5.35	0.11	0.5 cup:92|1 package (10 oz) yields:250
sr:168513	Brussels sprouts, cooked, boiled, drained, with salt	usda	36	2.55	7.1	0.5	1 sprout:21|0.5 cup:78
sr:168514	Cabbage, common, cooked, boiled, drained, with salt	usda	23	1.27	5.51	0.06	0.5 cup, shredded:75|1 head:1262
sr:168515	Cabbage, red, cooked, boiled, drained, with salt	usda	29	1.51	6.94	0.09	1 leaf:22|0.5 cup, shredded:75
sr:168516	Cabbage, savoy, cooked, boiled, drained, with salt	usda	24	1.8	5.41	0.09	1 cup, shredded:145
sr:168517	Cabbage, chinese (pak-choi), cooked, boiled, drained, with salt	usda	12	1.56	1.78	0.16	1 cup, shredded:170
sr:168518	Carrots, canned, no salt added, drained solids	usda	25	0.64	5.54	0.19	1 cup, sliced:146|1 cup, mashed:228|1 slice:2.8|1 can (303 x 406):284
sr:168519	Carrots, frozen, cooked, boiled, drained, with salt	usda	37	0.58	7.73	0.68	1 cup slices:146
sr:168520	Cauliflower, cooked, boiled, drained, with salt	usda	23	1.84	4.11	0.45	0.5 cup (1" pieces):62|3 flowerets:54
sr:168521	Cauliflower, frozen, cooked, boiled, drained, with salt	usda	17	1.61	3.16	0.22	1 cup (1" pieces):180
sr:168522	Chrysanthemum, garland, cooked, boiled, drained, with salt	usda	20	1.64	4.31	0.09	1 cup (1" pieces):100
sr:168523	Collards, cooked, boiled, drained, with salt	usda	33	2.71	5.65	0.72	1 cup, chopped:190
sr:168524	Collards, frozen, chopped, cooked, boiled, drained, with salt	usda	36	2.97	7.1	0.41	1 cup, chopped:170
sr:168525	Corn, sweet, yellow, cooked, boiled, drained, with salt	usda	96	3.41	20.98	1.5	1 ear small (5-1/2" to 6-1/2" long):89|1 ear medium (6-3/4" to 7-1/2" long):103|1 ear large (7-3/4" to 9" long):118|1 cup:149|1 baby ear:8|1 ear, yields:77
sr:168526	Cowpeas (blackeyes), immature seeds, cooked, boiled, drained, with salt	usda	94	3.17	19.73	0.38	1 cup:165
sr:168527	Cowpeas (blackeyes), immature seeds, frozen, cooked, boiled, drained, with salt	usda	131	8.49	23.5	0.66	1 cup:170
sr:168528	Cowpeas, young pods with seeds, cooked, boiled, drained, with salt	usda	34	2.6	7	0.3	1 cup:95
sr:168529	Cowpeas, leafy tips, cooked, boiled, drained, with salt	usda	22	4.67	2.8	0.1	1 cup, chopped:53
sr:168530	Gourd, dishcloth (towelgourd), cooked, boiled, drained, with salt	usda	54	0.66	13.75	0.34	1 cup (1" pieces):178|0.5 cup (1" slices):89
sr:168531	Drumstick leaves, cooked, boiled, drained, with salt	usda	60	5.27	11.15	0.93	1 cup, chopped:42
sr:168532	Drumstick pods, cooked, boiled, drained, with salt	usda	36	2.09	8.18	0.19	1 cup slices:118
sr:168533	Hyacinth-beans, immature seeds, cooked, boiled, drained, with salt	usda	50	2.95	9.2	0.27	1 cup:87
sr:168534	Lambsquarters, cooked, boiled, drained, with salt	usda	32	3.2	5	0.7	1 cup, chopped:180
sr:168535	Leeks, (bulb and lower leaf-portion), cooked, boiled, drained, with salt	usda	31	0.81	7.62	0.2	1 leek:124|0.25 cup, chopped:26
sr:168536	Lotus root, cooked, boiled, drained, with salt	usda	66	1.58	16.02	0.07	0.5 cup:60|1 slices (2-1/2" dia):89
sr:168537	Mushrooms, white, cooked, boiled, drained, with salt	usda	28	2.17	5.29	0.47	1 cup pieces:156|1 tbsp:9.8|1 mushroom:12
sr:168538	Corn, sweet, white, raw	usda	86	3.22	19.02	1.18	1 ear, small (5-1/2" to 6-1/2" long):73|1 ear, medium (6-3/4" to 7-1/2" long):90|1 ear, large (7-3/4" to 9" long):143|1 cup kernels:154
sr:168539	Corn, sweet, white, cooked, boiled, drained, without salt	usda	97	3.34	21.71	1.41	1 ear, small (5-1/2" to 6-1/2" long):89|1 ear, medium (6-3/4" to 7-1/2" long):103|1 ear, large (7-3/4" to 9" long):116|1 cup cut:157|1 ear, yields:77
sr:168540	Corn, sweet, white, cooked, boiled, drained, with salt	usda	97	3.34	21.71	1.41	1 ear, small (5-1/2" to 6-1/2" long):89|1 ear, medium (6-3/4" to 7-1/2" long):103|1 ear, large (7-3/4" to 9" long):118|1 cup cut:157|1 ear, yields:77
sr:168541	Corn, sweet, white, canned, whole kernel, regular pack, solids and liquids	usda	64	1.95	15.41	0.5	1 cup:256|1 can (303 x 406):482
sr:168542	Corn, sweet, white, canned, vacuum pack, regular pack	usda	79	2.41	19.44	0.5	1 cup:210|1 can (303 x 406):340
sr:168543	Corn, sweet, white, canned, vacuum pack, no salt added	usda	79	2.41	19.44	0.5	1 cup:210|1 can (303 x 406):340
sr:168544	Corn, sweet, white, frozen, kernels cut off cob, unprepared	usda	88	3.02	20.73	0.77	1 cup:165|1 package (10 oz):284
sr:168545	Corn, sweet, white, frozen, kernels cut off cob, boiled, drained, without salt	usda	80	2.75	19.56	0.43	1 cup:165|1 package (10 oz) yields:284
sr:168546	Peppers, sweet, red, canned, solids and liquids	usda	18	0.8	3.9	0.3	1 cup, halves:140|0.5 cup, halves:70
sr:168547	Peppers, sweet, red, frozen, chopped, unprepared	usda	20	1.08	4.45	0.21	0.33 package (10 oz):95|1 package (10 oz):284
sr:168548	Peppers, sweet, red, frozen, chopped, boiled, drained, without salt	usda	16	0.95	3.31	0.18	1 cup, chopped or strips:135|1 tablespoon, chopped:11.6
sr:168549	Peppers, sweet, red, frozen, chopped, boiled, drained, with salt	usda	16	0.95	3.31	0.18	1 cup, chopped or strips:135|1 tablespoon, chopped:11.6
sr:168550	Peppers, sweet, red, sauteed	usda	133	1.04	6.57	12.75	1 cup chopped:106
sr:168551	Lentils, sprouted, cooked, stir-fried, with salt	usda	101	8.8	21.25	0.45	
sr:168552	Mountain yam, hawaii, cooked, steamed, with salt	usda	82	1.73	19.99	0.08	1 cup, cubes:145
sr:168553	Tree fern, cooked, with salt	usda	40	0.29	10.78	0.07	1 frond (6-1/2" long):31|0.5 cup, chopped or diced:71
sr:168554	Potatoes, mashed, prepared from granules, without milk, whole milk and margarine	usda	108	2.05	14.4	4.93	1 cup:210
sr:168555	Potatoes, mashed, home-prepared, whole milk and butter added	usda	113	1.86	16.81	4.22	1 cup:210
sr:168556	Catsup	usda	101	1.04	27.4	0.1	1 tbsp:17|1 packet:9|1 cup:240
sr:168557	Mushrooms, brown, italian, or crimini, exposed to ultraviolet light, raw	usda	22	2.5	4.3	0.1	1 cup whole:87|1 cup sliced:72|1 piece whole:20
sr:168559	Pimento, canned	usda	23	1.1	5.1	0.3	1 tbsp:12|1 cup:192|1 slice:1|1 pimiento, whole:66
sr:168560	Pickle relish, hot dog	usda	91	1.5	23.35	0.46	1 tbsp:15|0.5 cup:122
sr:168561	Pickle relish, sweet	usda	130	0.37	35.06	0.47	1 tbsp:15|1 packet (2/3 tbsp):10|1 cup:245
sr:168562	Pickles, cucumber, sour, low sodium	usda	11	0.33	2.26	0.2	1 cup, chopped or diced:143|1 cup (about 23 slices):155|1 large (4" long):135|1 medium (3-3/4" long):65|1 slice:6|1 small:37
sr:168563	Pickles, cucumber, dill, reduced sodium	usda	12	0.5	2.41	0.3	1 spear, small:35|1 slice:7|1 large (4" long):135|1 cup, chopped or diced:143|1 cup, (about 23 slices):155
sr:168564	Radicchio, raw	usda	23	1.43	4.48	0.25	1 cup, shredded:40|1 leaf:8
sr:168565	Squash, zucchini, baby, raw	usda	21	2.71	3.11	0.4	1 large:16|1 medium:11
sr:168566	Tomatillos, raw	usda	32	0.96	5.84	1.02	1 medium:34|0.5 cup, chopped or diced:66
sr:168567	Tomatoes, sun-dried	usda	258	14.11	55.76	2.97	1 cup:54|1 piece:2
sr:168569	Hearts of palm, canned	usda	28	2.52	4.62	0.62	1 cup:146|1 piece:33
sr:168570	Peppers, hot chile, sun-dried	usda	324	10.58	69.86	5.81	1 cup:37|1 pepper:0.5
sr:168571	Nopales, raw	usda	16	1.32	3.33	0.09	1 cup, sliced:86
sr:168572	Cabbage, napa, cooked	usda	12	1.1	2.23	0.17	1 cup:109
sr:168573	Lemon grass (citronella), raw	usda	99	1.82	25.31	0.49	1 cup:67|1 tbsp:4.8
sr:168574	Beans, fava, in pod, raw	usda	88	7.92	17.63	0.73	1 cup:126|1 pod:6.1
sr:168575	Grape leaves, raw	usda	93	5.6	17.31	2.12	1 cup:14|1 leaf:3
sr:168576	Peppers, jalapeno, raw	usda	29	0.91	6.5	0.37	1 cup, sliced:90|1 pepper:14
sr:168577	Peppers, chili, green, canned	usda	21	0.72	4.6	0.27	1 cup:139
sr:168578	Peppers, hungarian, raw	usda	29	0.8	6.7	0.41	1 pepper:27
sr:168579	Peppers, pasilla, dried	usda	345	12.35	51.13	15.85	1 pepper:7
sr:168580	Mushrooms, oyster, raw	usda	33	3.31	6.09	0.41	1 large:148|1 small:15|1 cup sliced:86
sr:168581	Fungi, Cloud ears, dried	usda	284	9.25	73.01	0.73	1 cup:28|1 piece:4.5
sr:168582	Mushrooms, straw, canned, drained solids	usda	32	3.83	4.64	0.68	1 cup:182|1 piece:5.5
sr:168583	Wasabi, root, raw	usda	109	4.8	23.54	0.63	1 cup, sliced:130|1 root:169
sr:168584	Fiddlehead ferns, frozen, unprepared	usda	34	4.31	5.74	0.35	
sr:168585	Nuts, coconut meat, dried (desiccated), creamed	usda	684	5.3	21.52	69.08	1 oz:28.4
sr:168586	Nuts, coconut meat, dried (desiccated), sweetened, shredded	usda	501	2.88	47.67	35.49	1 cup, shredded:93|1 package (7 oz):199
sr:168587	Seeds, sisymbrium sp. seeds, whole, dried	usda	318	12.14	58.26	4.6	1 cup:74|1 oz:28.4
sr:168588	Nuts, almond butter, plain, without salt added	usda	614	20.96	18.82	55.5	1 tbsp:16|1 cup:250
sr:168589	Nuts, chestnuts, japanese, boiled and steamed	usda	56	0.82	12.64	0.19	1 oz:28.4
sr:168590	Nuts, chestnuts, japanese, roasted	usda	201	2.97	45.13	0.8	1 oz:28.4
sr:168591	Seeds, lotus seeds, raw	usda	89	4.13	17.28	0.53	1 oz:28.4
sr:168592	Nuts, almonds, honey roasted, unblanched	usda	594	18.17	27.9	49.9	1 cup whole kernels:144|1 oz:28.4
sr:168593	Seeds, sunflower seed kernels, oil roasted, with salt added	usda	592	20.06	22.89	51.3	1 cup:135|1 oz:28.4
sr:168594	Seeds, sunflower seed kernels, toasted, with salt added	usda	619	17.21	20.59	56.8	1 cup:134|1 oz:28.4
sr:168595	Seeds, sunflower seed butter, with salt added (Includes foods for USDA's Food Distribution Program)	usda	617	17.28	23.32	55.2	1 tbsp:16|1 oz:28.4
sr:168597	Nuts, cashew butter, plain, with salt added	usda	609	12.12	30.3	53.03	1 tbsp:16|1 oz:28.4
sr:168598	Nuts, macadamia nuts, dry roasted, with salt added	usda	716	7.79	12.83	76.08	1 cup, whole or halves:132|1 oz (10-12 kernels):28.4
sr:168599	Nuts, mixed nuts, dry roasted, with peanuts, with salt added	usda	594	17.3	25.35	51.45	1 cup:137|1 oz:28.4
sr:168600	Nuts, mixed nuts, oil roasted, with peanuts, with salt added	usda	607	20.04	21.05	53.95	1 cup:134|1 oz:28.4|1 nuts, assorted:14
sr:168601	Seeds, pumpkin and squash seeds, whole, roasted, with salt added	usda	446	18.55	53.75	19.4	1 cup:64|1 oz (85 seeds):28.4
sr:168602	Nuts, almonds, oil roasted, lightly salted	usda	607	21.23	17.68	55.17	1 cup whole kernels:157|1 oz (22 whole kernels):28.4
sr:168603	Nuts, almond butter, plain, with salt added	usda	614	20.96	18.82	55.5	1 tbsp:16|1 cup:250
sr:168604	Seeds, sesame butter, tahini, type of kernels unspecified	usda	592	17.4	21.5	53.01	1 tbsp:15
sr:168605	Beef, retail cuts, separable fat, raw	usda	674	8.21	0	70.89	1 oz:28.4|4 oz:113
sr:168606	Beef, retail cuts, separable fat, cooked	usda	680	10.65	0	70.33	1 oz:28.4|3 oz:85
sr:168607	Beef, brisket, whole, separable lean only, all grades, raw	usda	157	20.72	0.6	7.37	4 oz:113|1 lb:453.6
sr:168608	Beef, grass-fed, ground, raw	usda	198	19.42	0	12.73	4 oz:113|1 serving:85
sr:168609	Beef, flank, steak, separable lean only, trimmed to 0" fat, choice, raw	usda	149	21.72	0	6.29	4 oz:113|1 steak:202
sr:168610	Beef, flank, steak, separable lean only, trimmed to 0" fat, choice, cooked, braised	usda	237	28.02	0	13	3 oz:85|1 piece, cooked, excluding refuse (yield from 1 lb raw meat with refuse):246
sr:168611	Beef, flank, steak, separable lean only, trimmed to 0" fat, choice, cooked, broiled	usda	194	27.82	0	8.32	3 oz:85|1 steak:387
sr:168612	Beef, rib, eye, small end (ribs 10-12), separable lean and fat, trimmed to 0" fat, choice, raw	usda	274	17.51	0	22.07	1 oz:28.4|1 lb:453.6
sr:168613	Beef, rib, shortribs, separable lean and fat, choice, cooked, braised	usda	471	21.57	0	41.98	3 oz:85|1 piece, cooked, excluding refuse (yield from 1 lb raw meat with refuse):225
sr:168614	Beef, rib, shortribs, separable lean only, choice, raw	usda	175	19.05	0.4	10.19	4 oz:113|1 lb:453.6
sr:168615	Beef, rib, shortribs, separable lean only, choice, cooked, braised	usda	295	30.76	0	18.13	1 piece, cooked, excluding refuse (yield from 1 lb raw meat with refuse):121|3 oz:85
sr:168616	Beef, round, full cut, separable lean only, trimmed to 1/4" fat, choice, cooked, broiled	usda	191	29.21	0	7.31	3 oz:85|1 piece, cooked, excluding refuse (yield from 1 lb raw meat with refuse):285
sr:168617	Beef, round, full cut, separable lean only, trimmed to 1/4" fat, select, cooked, broiled	usda	172	29.25	0	5.22	3 oz:85|1 piece, cooked, excluding refuse (yield from 1 lb raw meat with refuse):282
sr:168618	Beef, short loin, porterhouse steak, separable lean only, trimmed to 1/8" fat, choice, cooked, grilled	usda	221	27.65	0	11.36	3 oz:85|1 steak:417
sr:168619	Beef, short loin, t-bone steak, bone-in, separable lean only, trimmed to 1/8" fat, choice, raw	usda	160	22.1	0	7.27	4 oz:113|1 steak:461
sr:168621	Beef, rib eye, small end (ribs 10-12), separable lean only, trimmed to 0" fat, select, raw	usda	149	21.17	0	6.57	4 oz:113
sr:168622	Beef, variety meats and by-products, brain, raw	usda	143	10.86	1.05	10.3	1 oz:28.4|4 oz:113
sr:168623	Beef, variety meats and by-products, brain, cooked, pan-fried	usda	196	12.57	0	15.83	3 oz:85|1 piece, cooked, excluding refuse (yield from 1 lb raw meat with refuse):351
sr:168624	Beef, variety meats and by-products, brain, cooked, simmered	usda	151	11.67	1.48	10.53	3 oz:85|1 piece, cooked, excluding refuse:391
sr:168625	Beef, variety meats and by-products, heart, raw	usda	112	17.72	0.14	3.94	1 oz:28.4|4 oz:113
sr:168626	Beef, variety meats and by-products, liver, cooked, braised	usda	191	29.08	5.13	5.26	3 oz:85|1 slice:68
sr:168627	Beef, variety meats and by-products, liver, cooked, pan-fried	usda	175	26.52	5.16	4.68	3 oz:85|1 slice:81
sr:168628	Beef, variety meats and by-products, lungs, raw	usda	92	16.2	0	2.5	1 oz:28.4|4 oz:113
sr:168629	Beef, variety meats and by-products, lungs, cooked, braised	usda	120	20.4	0	3.7	3 oz:85|1 piece, cooked, excluding refuse (yield from 1 lb raw meat with refuse):303
sr:168630	Beef, variety meats and by-products, mechanically separated beef, raw	usda	276	14.97	0	23.52	1 oz:28.4|8 oz:227
sr:168631	Beef, loin, top loin steak, boneless, lip off, separable lean and fat, trimmed to 0" fat, select, cooked, grilled	usda	207	29.16	0	9.12	3 oz:85|1 steak (yield from 186 g raw meat):150
sr:168632	Beef, loin, top loin steak, boneless, lip off, separable lean only, trimmed to 0" fat, all grades, cooked, grilled	usda	202	29.53	0	8.41	3 oz:85|1 steak, excluding refuse (yield from 1 raw steak, with refuse, weighing 223 g):150
sr:168633	Beef, top sirloin, steak, separable lean and fat, trimmed to 0" fat, select, cooked, broiled	usda	206	29.65	0	8.8	3 oz:85|1 steak (yield from 505 g raw meat):375
sr:168634	Beef, top sirloin, steak, separable lean only, trimmed to 0" fat, all grades, cooked, broiled	usda	183	30.55	0	5.79	3 oz:85|1 piece, cooked, excluding refuse (yield from 1 lb raw meat with refuse):292
sr:168635	Beef, top sirloin, steak, separable lean only, trimmed to 0" fat, choice, cooked, broiled	usda	188	30.29	0	6.55	3 oz:85|1 steak (yield from 532 g raw meat):393
sr:168636	Beef, top sirloin, steak, separable lean only, trimmed to 0" fat, select, cooked, broiled	usda	177	30.8	0	5.03	3 oz:85|1 steak (yield from 505 g raw meat):375
sr:168637	Beef, short loin, porterhouse steak, separable lean only, trimmed to 1/8" fat, all grades, cooked, grilled	usda	213	28.16	0	10.32	3 oz:85|1 steak:421
sr:168638	Beef, short loin, porterhouse steak, separable lean only, trimmed to 0" fat, all grades, cooked, broiled	usda	212	26.07	0	11.18	3 oz:85|1 lb:453.6
sr:168639	Beef, short loin, porterhouse steak, separable lean only, trimmed to 0" fat, choice, cooked, broiled	usda	224	25.51	0	12.8	3 oz:85|1 serving:85|1 piece, cooked, excluding refuse:266
sr:168641	Beef, short loin, porterhouse steak, separable lean only, trimmed to 1/8" fat, select, cooked, grilled	usda	203	28.92	0	8.76	3 oz:85|1 steak:426
sr:168642	Beef, short loin, t-bone steak, bone-in, separable lean only, trimmed to 1/8" fat, all grades, raw	usda	153	22.22	0	6.5	4 oz:113|1 steak:460
sr:168643	Beef, short loin, t-bone steak, bone-in, separable lean only, trimmed to 1/8" fat, all grades, cooked, grilled	usda	212	27.86	0	10.37	3 oz:85|1 steak:363
sr:168644	Beef, short loin, t-bone steak, separable lean only, trimmed to 0" fat, choice, cooked, broiled	usda	198	25.98	0	9.61	3 oz:85|1 serving:85|1 piece, cooked, excluding refuse:271
sr:168645	Beef, short loin, t-bone steak, bone-in, separable lean only, trimmed to 1/8" fat, select, raw	usda	144	22.41	0	5.34	4 oz:113|1 steak:458
sr:168646	Beef, round, tip round, roast, separable lean and fat, trimmed to 0" fat, choice, raw	usda	156	20.16	0	7.73	4 oz:113|1 roast:1392
sr:168647	Beef, round, tip round, roast, separable lean and fat, trimmed to 0" fat, select, raw	usda	145	20.8	0	6.28	4 oz:113|1 roast:1187
sr:168648	Beef, rib, eye, small end (ribs 10- 12) separable lean only, trimmed to 0" fat, select, cooked, broiled	usda	182	29.93	0	6.05	3 oz:85|1 steak:231
sr:168649	Beef, round, top round steak, boneless, separable lean only, trimmed to 0" fat, all grades, cooked, grilled	usda	162	30.09	0	3.77	3 oz:85|1 steak:277
sr:168650	Beef, ground, 70% lean meat / 30% fat, patty cooked, pan-broiled	usda	238	22.86	0	15.54	3 oz:85|1 patty:77
sr:168651	Beef, ground, 70% lean meat / 30% fat, patty, cooked, broiled	usda	277	25.38	0	18.66	3 oz:85|1 patty:70
sr:168652	Beef, ground, 70% lean meat / 30% fat, raw	usda	332	14.35	0	30	4 oz:113|1 oz:28.4
sr:168653	Beef, chuck, under blade center steak, boneless, Denver Cut, separable lean only, trimmed to 0" fat, select, raw	usda	157	19.71	0.21	8.54	4 oz:113|1 steak:458
sr:168654	Beef, shoulder top blade steak, boneless, separable lean only, trimmed to 0" fat, all grades, cooked, grilled	usda	196	28.15	0	9.23	3 oz:85|1 steak:186
sr:168655	Beef, shoulder top blade steak, boneless, separable lean only, trimmed to 0" fat, select, raw	usda	133	20.39	0	5.73	4 oz:113|1 steak:1446
sr:168656	Beef, brisket, flat half, boneless separable lean only, trimmed to 0" fat, all grades, raw	usda	132	21.47	0	5.11	4 oz:113|1 piece:1855
sr:168657	Beef, brisket, flat half, boneless, separable lean only, trimmed to 0" fat, choice, raw	usda	137	21.28	0	5.75	4 oz:113|1 piece:1780
sr:168658	Beef, brisket, flat half, boneless, separable lean only, trimmed to 0" fat, select, raw	usda	124	21.74	0	4.14	4 oz:113|1 piece:1967
sr:168659	Beef, shoulder top blade steak, boneless, separable lean and fat, trimmed to 0" fat, choice, cooked, grilled	usda	220	27.51	0	12.26	3 oz:85|1 steak:177
sr:168660	Beef, chuck eye roast, boneless, America's Beef Roast, separable lean and fat, trimmed to 0" fat, all grades, raw	usda	180	19.18	0	11.48	4 oz:113|1 roast:723
sr:168661	Beef, chuck eye roast, boneless, America's Beef Roast, separable lean and fat, trimmed to 0" fat, choice, raw	usda	185	19.14	0	12.02	4 oz:113|1 roast:698
sr:168662	Beef, chuck eye roast, boneless, America's Beef Roast, separable lean and fat, trimmed to 0" fat, select, raw	usda	173	19.25	0	10.67	4 oz:113|1 roast:761
sr:168663	Beef, composite of trimmed retail cuts, separable lean and fat, trimmed to 1/8" fat, select, cooked	usda	245	26.06	0	15.09	3 oz:85
sr:168664	Beef, brisket, whole, separable lean and fat, trimmed to 1/8" fat, all grades, raw	usda	253	18.42	0.56	19.06	4 oz:113|1 lb:453.6
sr:168665	Beef, brisket, whole, separable lean and fat, trimmed to 1/8" fat, all grades, cooked, braised	usda	331	25.85	0	24.5	3 oz:85|1 piece, cooked, excluding refuse (yield from 1 lb raw meat with refuse):329
sr:168666	Beef, brisket, flat half, separable lean and fat, trimmed to 1/8" fat, all grades, raw	usda	277	17.94	0	22.18	3 oz:85|1 steak:452
sr:168667	Beef, chuck, arm pot roast, separable lean and fat, trimmed to 1/8" fat, all grades, cooked, braised	usda	302	30.12	0	19.22	3 oz:85|1 piece, cooked, excluding refuse (yield from 1 lb raw meat with refuse):258
sr:168668	Beef, chuck, arm pot roast, separable lean and fat, trimmed to 1/8" fat, choice, raw	usda	249	19.14	0	18.57	4 oz:113|1 roast:1801|1 lb:453.6
sr:168669	Beef, chuck, arm pot roast, separable lean and fat, trimmed to 1/8" fat, choice, cooked, braised	usda	309	30.2	0	19.93	3 oz:85|1 piece, cooked, excluding refuse (yield from 1 lb raw meat with refuse):258
sr:168670	Beef, chuck, arm pot roast, separable lean and fat, trimmed to 1/8" fat, select, raw	usda	239	19.33	0	17.39	4 oz:113|1 roast:1783|1 lb:453.6
sr:168671	Beef, chuck, blade roast, separable lean and fat, trimmed to 1/8" fat, choice, cooked, braised	usda	359	26.37	0	27.26	3 oz:85|1 piece, cooked, excluding refuse (yield from 1 lb raw meat with refuse):247
sr:168672	Beef, chuck, blade roast, separable lean and fat, trimmed to 1/8" fat, select, raw	usda	230	17.37	0	17.33	4 oz:113|1 lb:453.6
sr:168673	Beef, chuck, blade roast, separable lean and fat, trimmed to 1/8" fat, select, cooked, braised	usda	318	27.33	0	22.35	3 oz:85|1 piece, cooked, excluding refuse (yield from 1 lb raw meat with refuse):247
sr:168674	Beef, chuck eye roast, boneless, America's Beef Roast, separable lean only, trimmed to 0" fat, all grades, cooked, roasted	usda	183	26.65	0	8.46	3 oz:85|1 roast:609
sr:168675	Beef, rib, whole (ribs 6-12), separable lean and fat, trimmed to 1/8" fat, choice, raw	usda	322	16.34	0	27.93	1 oz:28.4|1 lb:453.6
sr:168676	Beef, rib, whole (ribs 6-12), separable lean and fat, trimmed to 1/8" fat, choice, cooked, broiled	usda	352	22.26	0	28.5	3 oz:85|1 piece, cooked, excluding refuse (yield from 1 lb raw meat with refuse):267
sr:168677	Beef, rib, whole (ribs 6-12), separable lean and fat, trimmed to 1/8" fat, choice, cooked, roasted	usda	365	22.6	0	29.79	3 oz:85|1 piece, cooked, excluding refuse (yield from 1 lb raw meat with refuse):289
sr:168678	Beef, rib, whole (ribs 6-12), separable lean and fat, trimmed to 1/8" fat, select, raw	usda	288	16.75	0	23.95	1 oz:28.4|1 lb:453.6
sr:168679	Beef, rib, whole (ribs 6-12), separable lean and fat, trimmed to 1/8" fat, prime, cooked, roasted	usda	400	22.57	0	33.7	3 oz:85|1 piece, cooked, excluding refuse (yield from 1 lb raw meat with refuse):278
sr:168680	Beef, rib, large end (ribs 6-9), separable lean and fat, trimmed to 1/8" fat, all grades, raw	usda	316	16.26	0	27.29	1 oz:28.4|1 lb:453.6
sr:168681	Beef, rib, large end (ribs 6-9), separable lean and fat, trimmed to 1/8" fat, all grades, cooked, broiled	usda	338	21.55	0	27.22	3 oz:85|1 piece, cooked, excluding refuse (yield from 1 lb raw meat with refuse):267
sr:168682	Beef, rib, large end (ribs 6-9), separable lean and fat, trimmed to 1/8" fat, all grades, cooked, roasted	usda	355	23.01	0	28.51	3 oz:85|1 piece, cooked, excluding refuse (yield from 1 lb raw meat with refuse):292
sr:168683	Beef, rib, large end (ribs 6-9), separable lean and fat, trimmed to 1/8" fat, select, cooked, broiled	usda	324	21.55	0	25.71	3 oz:85|1 piece, cooked, excluding refuse (yield from 1 lb raw meat with refuse):267
sr:168684	Beef, rib, large end (ribs 6-9), separable lean and fat, trimmed to 1/8" fat, select, cooked, roasted	usda	333	23.4	0	25.84	3 oz:85|1 piece, cooked, excluding refuse (yield from 1 lb raw meat with refuse):292
sr:168685	Beef, rib, large end (ribs 6-9), separable lean and fat, trimmed to 1/8" fat, prime, raw	usda	367	15.77	0	33.26	4 oz:113|1 lb:453.6
sr:168686	Beef, rib, large end (ribs 6-9), separable lean and fat, trimmed to 1/8" fat, prime, cooked, broiled	usda	404	20.65	0	34.97	3 oz:85|1 piece, cooked, excluding refuse (yield from 1 lb raw meat with refuse):278
sr:168687	Beef, rib, large end (ribs 6-9), separable lean and fat, trimmed to 1/8" fat, prime, cooked, roasted	usda	393	22.86	0	32.74	3 oz:85|1 piece, cooked, excluding refuse (yield from 1 lb raw meat with refuse):281
sr:168688	Beef, rib, small end (ribs 10-12), separable lean and fat, trimmed to 1/8" fat, choice, cooked, broiled	usda	304	24.53	0	22.09	3 oz:85|1 steak (yield from 320 g raw meat):256
sr:168689	Beef, rib, small end (ribs 10-12), separable lean and fat, trimmed to 1/8" fat, choice, cooked, roasted	usda	359	22.28	0	29.21	3 oz:85|1 piece, cooked, excluding refuse (yield from 1 lb raw meat with refuse):278
sr:168690	Beef, rib, small end (ribs 10-12), separable lean and fat, trimmed to 1/8" fat, select, raw	usda	246	19.56	0	18	4 oz:113|1 steak:335
sr:168691	Beef, rib, small end (ribs 10-12), separable lean and fat, trimmed to 1/8" fat, select, cooked, broiled	usda	278	27.17	0	18	3 oz:85|1 steak (yield from 1 raw steak weighing 321g):245
sr:168692	Beef, shoulder top blade steak, boneless, separable lean and fat, trimmed to 0" fat, select, cooked, grilled	usda	194	27.7	0	9.29	3 oz:85|1 steak:199
sr:168693	Beef, shoulder top blade steak, boneless, separable lean and fat, trimmed to 0" fat, all grades, raw	usda	146	20.16	0	7.25	4 oz:113|1 steak:239
sr:168694	Beef, round, full cut, separable lean and fat, trimmed to 1/8" fat, choice, raw	usda	195	20.56	0	11.92	4 oz:113|1 lb:453.6
sr:168695	Beef, round, full cut, separable lean and fat, trimmed to 1/8" fat, choice, cooked, broiled	usda	235	27.54	0	12.98	3 oz:85|1 piece, cooked, excluding refuse (yield from 1 lb raw meat with refuse):313
sr:168696	Beef, round, bottom round, roast, separable lean and fat, trimmed to 1/8" fat, all grades, cooked, roasted	usda	218	26.41	0	11.64	3 oz:85|1 piece, cooked, excluding refuse (yield from 1 lb raw meat with refuse):338|1 roast (yield from 1 raw roast weighing 776g):632
sr:168697	Beef, round, bottom round, steak, separable lean and fat, trimmed to 1/8" fat, choice, raw	usda	198	20.71	0	12.15	4 oz:113|1 lb:453.6
sr:168698	Beef, round, bottom round, steak, separable lean and fat, trimmed to 1/8" fat, choice, cooked, braised	usda	254	32.85	0	12.56	3 oz:85|1 steak (yield from 341 g raw meat):227
sr:168699	Beef, round, bottom round, roast, separable lean and fat, trimmed to 1/8" fat, choice, cooked, roasted	usda	223	26.05	0	12.44	3 oz:85|1 piece, cooked, excluding refuse (yield from 1 lb raw meat with refuse):338|1 roast (yield from raw roast weighing 766g):627
sr:168700	Beef, round, bottom round, steak, separable lean and fat, trimmed to 1/8" fat, select, raw	usda	187	20.68	0	10.93	4 oz:113|1 steak:312
sr:168701	Beef, round, eye of round, roast, separable lean and fat, trimmed to 1/8" fat, choice, raw	usda	173	21.68	0	8.91	4 oz:113|1 lb:453.6
sr:168702	Beef, round, eye of round, roast, separable lean and fat, trimmed to 1/8" fat, choice, cooked, roasted	usda	212	28.48	0	10.05	3 oz:85|1 piece, cooked, excluding refuse (yield from 1 lb raw meat with refuse):333
sr:168703	Beef, round, eye of round, roast, separable lean and fat, trimmed to 1/8" fat, select, raw	usda	160	21.3	0.08	7.57	4 oz:113|1 lb:453.6
sr:168704	Beef, round, eye of round, roast, separable lean and fat, trimmed to 1/8" fat, select, cooked, roasted	usda	204	28.13	0	9.26	3 oz:85|1 roast (yield from 530 g raw meat):417
sr:168705	Beef, round, tip round, separable lean and fat, trimmed to 1/8" fat, select, raw	usda	178	19.74	0	10.39	4 oz:113|1 lb:453.6
sr:168706	Beef, round, tip round, roast, separable lean and fat, trimmed to 1/8" fat, select, cooked, roasted	usda	210	27.63	0	10.24	3 oz:85|1 piece, cooked, excluding refuse (yield from 1 lb raw meat with refuse):327
sr:168707	Beef, shoulder top blade steak, boneless, separable lean and fat, trimmed to 0" fat, choice, raw	usda	152	20.07	0	7.94	4 oz:113|1 steak:231
sr:168708	Beef, round, top round, separable lean only, trimmed to 1/8" fat, choice, cooked, pan-fried	usda	228	33.93	2.03	8.33	3 oz:85|1 piece cooked, excluding refuse (yield from 1 lb raw meat with refuse):283
sr:168709	Beef, round, top round, separable lean and fat, trimmed to 1/8" fat, choice, cooked, braised	usda	250	34.09	0	11.61	3 oz:85|1 piece, cooked, excluding refuse (yield from 1 lb raw meat with refuse):289
sr:168710	Beef, round, top round, steak, separable lean and fat, trimmed to 1/8" fat, choice, cooked, broiled	usda	224	30.7	0	10.27	3 oz:85|1 steak (yield from raw steak weighing 492 g):347|1 piece, cooked, excluding refuse (yield from 1 lb raw meat with refuse):326
sr:168711	Beef, round, top round, separable lean and fat, trimmed to 1/8" fat, choice, cooked, pan-fried	usda	266	32.99	0	13.83	3 oz:85|1 piece, cooked, excluding refuse (yield from 1 lb raw meat with refuse):283
sr:168712	Beef, round, top round, steak, separable lean and fat, trimmed to 1/8" fat, select, raw	usda	164	22.18	0	7.68	4 oz:113|1 lb:453.6
sr:168713	Beef, round, top round, separable lean and fat, trimmed to 1/8" fat, select, cooked, braised	usda	225	34.6	0	8.54	3 oz:85|1 piece, cooked, excluding refuse (yield from 1 lb raw meat with refuse):286
sr:168714	Beef, brisket, flat half, boneless, separable lean and fat, trimmed to 0" fat, all grades, raw	usda	165	20.32	0	9.29	4 oz:113|1 piece:1855
sr:168715	Beef, short loin, porterhouse steak, separable lean and fat, trimmed to 1/8" fat, choice, raw	usda	218	20.36	0	14.58	4 oz:113|1 steak:539
sr:168716	Beef, short loin, porterhouse steak, separable lean and fat, trimmed to 1/8" fat, choice, cooked, grilled	usda	284	24.85	0	19.78	3 oz:85|1 steak:417
sr:168717	Beef, short loin, t-bone steak, separable lean and fat, trimmed to 1/8" fat, choice, raw	usda	228	20	0	15.83	4 oz:113|1 steak:461
sr:168718	Beef, short loin, top loin, steak, separable lean and fat, trimmed to 1/8" fat, choice, cooked, grilled	usda	278	26.16	0	18.45	3 oz:85|1 steak (yield from 270 g raw meat):221
sr:168719	Beef, loin, top loin, separable lean and fat, trimmed to 1/8" fat, select, raw	usda	224	20.59	0	15.04	4 oz:113
sr:168720	Beef, loin, top loin, separable lean and fat, trimmed to 1/8" fat, select, cooked, grilled	usda	250	26.72	0	15.11	3 oz:85
sr:168721	Beef, short loin, top loin, steak, separable lean and fat, trimmed to 1/8" fat, prime, raw	usda	281	19	0	22.17	4 oz:113|1 steak, excluding refuse (yield from 1 raw steak, with refuse, weighing 242 g):227
sr:168722	Beef, tenderloin, steak, separable lean and fat, trimmed to 1/8" fat, choice, cooked, broiled	usda	273	26.43	0	17.78	1 steak (yield from 181 g raw meat):140|3 oz:85
sr:168723	Beef, tenderloin, roast, separable lean and fat, trimmed to 1/8" fat, choice, cooked, roasted	usda	331	23.9	0	25.39	3 oz:85|1 piece, cooked, excluding refuse (yield from 1 lb raw meat with refuse):329
sr:168724	Beef, tenderloin, steak, separable lean and fat, trimmed to 1/8" fat, select, raw	usda	249	19.37	0	18.46	4 oz:113|1 steak (yield from 1 raw steak weighing149g):149|1 lb:453.6
sr:168725	Beef, tenderloin, steak, separable lean and fat, trimmed to 1/8" fat, select, cooked, broiled	usda	262	26.48	0	16.53	1 steak (yield from 1 raw steak weighing 151g):119|3 oz:85|1 steak, excluding refuse (yield from 1 raw steak, with refuse, weighing 154 g):104
sr:168726	Beef, top sirloin, steak, separable lean and fat, trimmed to 1/8" fat, all grades, raw	usda	201	20.3	0	12.71	4 oz:113|1 steak:608
sr:168727	Beef, top sirloin, steak, separable lean and fat, trimmed to 1/8" fat, all grades, cooked, broiled	usda	243	26.96	0	14.23	3 oz:85|1 piece, cooked, excluding refuse (yield from 1 lb raw meat with refuse):306
sr:168728	Beef, top sirloin, steak, separable lean and fat, trimmed to 1/8" fat, choice, raw	usda	214	19.92	0	14.28	4 oz:113|1 lb:453.6
sr:168729	Beef, top sirloin, steak, separable lean and fat, trimmed to 1/8" fat, choice, cooked, broiled	usda	257	26.8	0	15.75	3 oz:85|1 piece, cooked, excluding refuse (yield from 1 lb raw meat with refuse):306
sr:168730	Beef, chuck, clod roast, separable lean only, trimmed to 0" fat, select, cooked, roasted	usda	172	28.09	0	5.82	3 oz:85
sr:168731	Beef, shoulder steak, boneless, separable lean only, trimmed to 0" fat, choice, cooked, grilled	usda	178	28.54	0	6.25	3 oz ( 1 serving ):85
sr:168732	Beef, shoulder steak, boneless, separable lean only, trimmed to 0" fat, select, cooked, grilled	usda	169	28.71	0	5.17	3 oz:85
sr:168733	Beef, flank, steak, separable lean and fat, trimmed to 0" fat, all grades, cooked, broiled	usda	192	27.66	0	8.23	3 oz:85|1 steak (yield from 475 g raw meat):383
sr:168734	Beef, bottom sirloin, tri-tip roast, separable lean and fat, trimmed to 0" fat, all grades, raw	usda	165	20.64	0	8.55	4 oz:113|1 roast:261
sr:168735	Beef, bottom sirloin, tri-tip roast, separable lean and fat, trimmed to 0" fat, choice, cooked, roasted	usda	221	25.66	0	12.36	3 oz:85|1 roast (yield from 714 g raw meat):591
sr:168736	Beef, bottom sirloin, tri-tip roast, separable lean and fat, trimmed to 0" fat, choice, raw	usda	174	20.64	0	9.51	4 oz:113|1 roast:271
sr:168737	Beef, bottom sirloin, tri-tip roast, separable lean and fat, trimmed to 0" fat, select, cooked, roasted	usda	201	26.44	0	9.78	3 oz:85|1 roast (yield from 666 g raw meat):547
sr:168738	Beef, chuck, top blade, separable lean only, trimmed to 0" fat, choice, cooked, broiled	usda	217	26.11	0	11.65	3 oz:85
sr:168739	Beef, chuck, top blade, separable lean only, trimmed to 0" fat, select, cooked, broiled	usda	184	26.16	0	8	3 oz:85
sr:168740	Beef, round, top round steak, boneless, separable lean and fat, trimmed to 0" fat, choice, cooked, grilled	usda	170	30.12	0	4.62	3 oz:85|1 steak (yield from 396 g raw meat):284
sr:168741	Beef, round, top round steak, boneless, separable lean and fat, trimmed to 0" fat, select, cooked, grilled	usda	162	29.7	0	3.85	3 oz:85|1 steak (yield from 368 g meat):269
sr:168742	Beef, chuck eye roast, boneless, America's Beef Roast, separable lean only, trimmed to 0" fat, select, raw	usda	133	20.52	0	5.71	4 oz:113|1 roast:1327
sr:168743	Beef, brisket, flat half, boneless, separable lean and fat, trimmed to 0" fat, choice, raw	usda	169	20.15	0	9.86	4 oz:113|1 piece:1780
sr:168744	Beef, plate, inside skirt steak, separable lean only, trimmed to 0" fat, all grades, cooked, broiled	usda	205	26.66	0	10.06	3 oz:85
sr:168745	Beef, plate, outside skirt steak, separable lean only, trimmed to 0" fat, all grades, cooked, broiled	usda	233	24.18	0	14.37	3 oz:85
sr:168746	Alcoholic beverage, beer, regular, all	usda	43	0.46	3.55	0	1 fl oz:29.7|1 can:356
sr:168747	Alcoholic beverage, beer, regular, BUDWEISER	usda	41	0.36	2.97	0	1 fl oz:29.8|12 fl oz:357
sr:168748	Alcoholic beverage, beer, light, BUDWEISER SELECT	usda	28	0.2	0.87	0	1 fl oz:29.5|12 fl oz:355
sr:168749	Alcoholic beverage, beer, light	usda	29	0.24	1.64	0	1 fl oz:29.5|1 can or bottle (12 fl oz):354
sr:168750	Alcoholic beverage, pina colada, canned	usda	237	0.6	27.6	7.6	1 fl oz:32.6|1 can (6.8 fl oz, 200 ml):222
sr:168751	Beverages, almond milk, sweetened, vanilla flavor, ready-to-drink	usda	38	0.42	6.59	1.04	8 fl oz:240|1 cup:240
sr:168752	Alcoholic beverage, pina colada, prepared-from-recipe	usda	174	0.42	22.66	1.88	1 fl oz:31.4|1 cocktail (4.5 fl oz):141
sr:168753	Alcoholic beverage, tequila sunrise, canned	usda	110	0.3	11.3	0.1	1 fl oz:31.1|1 can (6.8 fl oz, 200 ml):211
sr:168754	Candies, milk chocolate, with almonds	usda	526	9	53.4	34.4	1 bar (1.45 oz):41|1 bar (1.55 oz):44
sr:168755	Candies, milk chocolate, with rice cereal	usda	511	7.64	59.67	29.37	1 bar (1.4 oz):40|1 bar (1.45 oz):45|1 bar (1.65 oz):47|1 bar, miniature:10|1 bar (1.55 oz):44
sr:168756	Candies, MARS SNACKFOOD US, MILKY WAY Bar	usda	456	4.01	71.17	17.23	1 serving 2.05 oz bar:58|1 bar fun size:17|1 piece miniature 5 pieces = serving:8.2|1 bar king size:103
sr:168757	Candies, HERSHEY'S SKOR Toffee Bar	usda	541	3.13	63.73	30.37	1 bar 1.4 oz:39
sr:168758	Toppings, strawberry	usda	254	0.2	66.3	0.1	2 tbsp:42|1 serving:40|1 cup:340
sr:168759	Candies, MOUNDS Candy Bar	usda	493	4.6	58.88	26.6	1 bar snack size:19|1 package 1.9 oz:53
sr:168760	Candies, MR. GOODBAR Chocolate Bar	usda	538	10.22	54.34	33.21	1 bar (1.75 oz):49|1 bar (2.6 oz):73
sr:168761	Candies, NESTLE, 100 GRAND Bar	usda	468	2.5	70.97	19.33	1 bar (1.5 oz):43|1 bar, miniature:21|1 serving 1.5 oz bar:43
sr:168762	Candies, NESTLE, CRUNCH Bar and Dessert Topping	usda	500	5	67	26	1 bar 1.55 oz:44|1 bar 0.5 oz:14.2|1 serving 4 fun size bars:41|2 tbsp:24
sr:168763	Candies, REESE'S Peanut Butter Cups	usda	515	10.24	55.36	30.53	1 package 0.6 oz 1 cup:17|1 package 1.6 oz 2 cups:45|1 miniature:7
sr:168764	Candies, REESE'S PIECES Candy	usda	497	12.46	59.86	24.77	0.25 cup:47|1 pieces:8|1 package 1.63 oz:46|1 package (1.6 oz):46
sr:168765	Candies, ROLO Caramels in Milk Chocolate	usda	474	5.08	67.95	20.93	1 package 1 package:48|7 pieces:42
sr:168766	Candies, NESTLE, AFTER EIGHT Mints	usda	432	1.67	79.53	11.9	1 serving 5 mints:42|1 piece:8.4
sr:168767	Candies, MARS SNACKFOOD US, 3 MUSKETEERS Bar	usda	436	2.6	77.77	12.75	1 serving 2.13 oz bar:60|1 serving 2 fun size bars:28
sr:168768	Candies, MARS SNACKFOOD US, TWIX Caramel Cookie Bars	usda	502	4.91	64.8	24.85	1 package (2 oz):57|1 package (2.06 oz, 2 bars):58|1 package, king size (3.35 oz, 4 bars):95|1 package (11 oz):312
sr:168769	Candies, MARS SNACKFOOD US, TWIX Peanut Butter Cookie Bars	usda	547	9.18	54.14	32.67	1 package (1.89 oz, 2 bars):54|1 package (2.06 oz, 2 bars):58|1 package (1.77 oz):50|1 package (9.43 oz):267
sr:168770	Candies, WHATCHAMACALLIT Candy Bar	usda	494	8.04	63.23	23.68	1 bar 1.7 oz:48
sr:168771	Chewing gum	usda	360	0	96.7	0.3	1 stick:3|1 Chiclets:16|1 block:8
sr:168772	Egg custards, dry mix	usda	410	6.9	82.8	6.4	1 package (3 oz):85|1 portion, amount to make 1/2 cup:21
sr:168773	Egg custards, dry mix, prepared with whole milk	usda	122	3.99	17.6	4	0.5 cup:141
sr:168774	Cocoa, dry powder, unsweetened, HERSHEY'S European Style Cocoa	usda	410	20	60	10	1 tbsp:5
sr:168775	Gelatin desserts, dry mix	usda	381	7.8	90.5	0	1 package (3 oz):85|1 portion, amount to make 1/2 cup:21
sr:168776	Candies, YORK BITES	usda	394	1.78	81.64	7.32	15 pieces:39
sr:168777	Desserts, mousse, chocolate, prepared-from-recipe	usda	225	4.14	16.07	16	1 recipe yield:808|0.5 cup:202
sr:168778	Puddings, chocolate, ready-to-eat	usda	142	2.09	23.01	4.6	1 oz:28.4|1 container refrigerated, 4 oz:108|1 container shelf stable, 3.5 oz:98
sr:168779	Puddings, chocolate, dry mix, instant	usda	378	2.3	87.9	1.9	1 package (3.5 oz):99|1 portion, amount to make 1/2 cup:25
sr:168780	Puddings, chocolate, dry mix, regular, prepared with 2% milk	usda	111	3.28	19.76	2.06	0.5 cup:128
sr:168781	Puddings, coconut cream, dry mix, instant, prepared with 2% milk	usda	107	2.9	19.2	2.3	0.5 cup:147|1 package yield (2 cups):587
sr:168782	Puddings, rice, ready-to-eat	usda	108	3.23	18.39	2.15	1 serving 4 oz pudding cup:113|1 oz:28.4|1 can (5 oz):142|1 cup:172|0.5 cup:92
sr:168783	Puddings, rice, dry mix	usda	376	2.7	91.2	0.1	1 package:106|1 portion, amount to make 1/2 cup:27
sr:168784	Puddings, vanilla, dry mix, instant	usda	377	0	92.9	0.6	1 package (3.5 oz):99|1 portion, amount to make 1/2 cup:25
sr:168785	Puddings, vanilla, dry mix, instant, prepared with whole milk	usda	114	2.7	19.7	2.9	0.5 cup:142|1 package yield (2 cups):569
sr:168786	Puddings, lemon, dry mix, instant, prepared with 2% milk	usda	107	2.76	20.2	1.71	1 serving:8|1 package:32
sr:168787	Egg custards, dry mix, prepared with 2% milk	usda	112	4.13	17.61	2.83	0.5 cup:141
sr:168788	Puddings, vanilla, dry mix, regular, prepared with 2% milk	usda	101	2.94	18.53	1.73	0.5 cup:128
sr:168789	Rennin, chocolate, dry mix, prepared with 2% milk	usda	85	3.24	13.47	2.06	cup:142
sr:168790	Rennin, vanilla, dry mix, prepared with 2% milk	usda	77	3.06	12.34	1.77	cup:142
sr:168791	Candies, praline, prepared-from-recipe	usda	485	3.3	59.59	25.9	1 piece:39|1 recipe yield:907
sr:168792	Desserts, rennin, vanilla, dry mix	usda	383	0	99	0	1 tbsp:10.8|1 package (1.5 oz):43
sr:168793	Rennin, vanilla, dry mix, prepared with whole milk	usda	89	3.03	12.21	3.07	
sr:168794	Desserts, rennin, tablets, unsweetened	usda	84	1	19.8	0.1	1 package (0.35 oz):9.9
sr:168795	Frostings, chocolate, creamy, ready-to-eat	usda	397	1.1	63.2	17.6	2 tbsp creamy:41
sr:168796	Flan, caramel custard, dry mix, prepared with whole milk	usda	113	2.95	18.68	3	cup:141
sr:168797	Puddings, vanilla, ready-to-eat, fat free	usda	89	2.02	20.16	0	1 serving 3.5 oz shelf stable:99
sr:168798	Puddings, tapioca, ready-to-eat, fat free	usda	94	1.44	21.31	0.35	1 container refrigerated 4 oz:112
sr:168799	Puddings, chocolate, ready-to-eat, fat free	usda	93	1.93	20.87	0.3	1 serving 4 oz:113
sr:168800	Frostings, chocolate, creamy, dry mix, prepared with butter	usda	408	1.11	71.8	13.06	2 tablespoon:33
sr:168801	Candies, HEATH BITES	usda	530	3.94	63.39	30.38	15 pieces:39
sr:168802	Frostings, vanilla, creamy, dry mix	usda	410	0.3	93.8	4.9	1 package:411|0.08 package:34
sr:168803	Frostings, white, fluffy, dry mix	usda	371	2.3	94.9	0	1 package:207|0.08 package:17
sr:168804	Candies, MARS SNACKFOOD US, DOVE Milk Chocolate	usda	546	5.94	59.78	31.72	1 serving 1.30 oz bar:37|1 serving 5 pieces:40
sr:168805	Candies, MARS SNACKFOOD US, DOVE Dark Chocolate	usda	520	5.19	59.4	32.45	1 serving 1.3 oz bar:37|1 serving 7 pieces:42
sr:168806	Candies, MARS SNACKFOOD US, MILKY WAY Caramels, milk chocolate covered	usda	463	4.28	68.49	19.17	1 serving 5 pieces:44
sr:168807	Candies, MARS SNACKFOOD US, MILKY WAY Caramels. dark chocolate covered	usda	458	3.82	67.56	20.42	1 serving 5 pieces:44
sr:168808	Snacks, GENERAL MILLS, BETTY CROCKER Fruit Roll Ups, berry flavored, with vitamin C	usda	373	0.1	85.2	3.5	2 rolls:28
sr:168809	Ice creams, chocolate	usda	216	3.8	28.2	11	1 individual (3.5 fl oz):58|0.5 cup (4 fl oz):66
sr:168810	Ice creams, strawberry	usda	192	3.2	27.6	8.4	1 individual (3.5 fl oz):58|0.5 cup (4 fl oz):66
sr:168811	Snacks, FARLEY CANDY, FARLEY Fruit Snacks, with vitamins A, C, and E	usda	341	4.4	80.9	0	1 pouch:26
sr:168812	Frozen novelties, ice type, italian, restaurant-prepared	usda	53	0.03	13.5	0.02	1 fl oz:29|0.5 cup:116
sr:168813	Frozen novelties, ice type, pop	usda	79	0	19.23	0.24	1 serving 1.75 fl oz pop:52
sr:168814	Candies, MARS SNACKFOOD US, M&M's Crispy Chocolate Candies	usda	475	4.28	72.4	19.32	1 serving 1.6 oz bag:47
sr:168815	Frozen yogurts, vanilla, soft-serve	usda	159	4	24.2	5.6	0.5 cup:72
sr:168816	Fruit butters, apple	usda	173	0.39	42.47	0.3	1 tbsp:17|1 serving:17|1 cup:282
sr:168817	Candies, fudge, chocolate marshmallow, with nuts, prepared-by-recipe	usda	474	3.24	67.69	21.11	1 oz:28.4
sr:168818	Candies, MARS SNACKFOOD US, SNICKERS Almond bar	usda	472	5.4	64.67	22.4	1 serving 1.76 oz bar:50
sr:168819	Marmalade, orange	usda	246	0.3	66.3	0	1 tbsp:20|1 package (0.5 oz):14|1 serving:20|1 cup:320
sr:168820	Molasses	usda	290	0	74.73	0.1	1 cup:337|1 serving 1 tbsp:20
sr:168821	Pectin, unsweetened, dry mix	usda	325	0.3	90.4	0.3	1 package (1.75 oz):50
sr:168822	Pie fillings, apple, canned	usda	100	0.1	26.1	0.1	0.12 can:74|1 serving:85|1 can (21 oz):595
sr:168823	Candies, MARS SNACKFOOD US, STARBURST Fruit Chews, Tropical fruits	usda	409	0.41	82.76	8.31	1 serving fun size (8 chews):40|1 serving 2.07 oz pack:59|1 piece:5
sr:168824	Pie fillings, canned, cherry	usda	115	0.37	28	0.07	0.12 can:74|1 can (21 oz):595
sr:168825	Puddings, banana, dry mix, regular, prepared with whole milk	usda	111	2.74	18.44	2.89	0.5 cup:127
sr:168826	Puddings, coconut cream, dry mix, instant	usda	415	0.9	83.5	10	1 package (3.5 oz):99|1 portion, amount to make 1/2 cup:25
sr:168827	Puddings, coconut cream, dry mix, instant, prepared with whole milk	usda	117	2.9	19.1	3.5	0.5 cup:147|1 package yield (2 cups):587
sr:168828	Puddings, coconut cream, dry mix, regular	usda	434	1	81.84	11.36	1 package (3.12 oz):88|1 portion, amount to make 1/2 cup:25
sr:168829	Puddings, coconut cream, dry mix, regular, prepared with whole milk	usda	114	3	17.7	3.8	0.5 cup:140|1 package yield (2 cups):559
sr:168830	Puddings, lemon, dry mix, instant, prepared with whole milk	usda	115	2.7	20.1	2.9	0.5 cup:147|1 package yield (2 cups):587
sr:168831	Puddings, lemon, dry mix, regular	usda	363	0.1	91.8	0.5	1 package (3 oz):85|1 portion, amount to make 1/2 cup:21
sr:168832	Pudding, lemon, dry mix, regular, prepared with sugar, egg yolk and water	usda	109	0.65	24.2	1.12	0.5 cup:127
sr:168833	Sugars, brown	usda	380	0.12	98.09	0	1 tsp unpacked:3|1 cup packed:220|1 cup unpacked:145|1 tsp packed:4.6|1 tsp brownulated:3.2
sr:168834	Syrups, chocolate, HERSHEY'S Genuine Chocolate Flavored Lite Syrup	usda	153	1.4	34.56	0.97	2 tbsp:35
sr:168835	Syrups, chocolate, fudge-type	usda	350	4.6	62.9	8.9	1 cup:304|2 tbsp:38
sr:168836	Syrups, corn, dark	usda	286	0	77.59	0	1 cup:328|1 tbsp:20
sr:168837	Syrups, corn, light	usda	283	0	76.79	0.2	1 cup:341|1 tbsp:22
sr:168838	Syrups, table blends, pancake, with 2% maple	usda	265	0	69.6	0.1	1 tbsp:20|1 serving 1/4 cup:83|1 cup:315
sr:168839	Syrups, table blends, corn, refiner, and sugar	usda	319	0	83.9	0	1 cup:316|1 tbsp:20
sr:168840	Candies, MARS SNACKFOOD US, SKITTLES Wild Berry Bite Size Candies	usda	402	0.19	90.76	4.25	1 serving 2.1 oz bag:62|1 serving fun size bag:20
sr:168841	Toppings, butterscotch or caramel	usda	216	1.21	57.01	0	2 tbsp:41
sr:168842	Candies, MARS SNACKFOOD US, SKITTLES Sours Original	usda	401	0.18	91.02	4	1 serving 1.80 oz bag:51
sr:168843	Candies, MARS SNACKFOOD US, SKITTLES Original Bite Size Candies	usda	405	0.19	90.78	4.37	1 serving 2.17 oz pack:62|1 cup:205|1 pieces:10.7|1 package fun size:20
sr:168844	Frostings, vanilla, creamy, dry mix, prepared with margarine	usda	413	0.34	74.28	12.74	2 tablespoon:33
sr:168845	Frostings, chocolate, creamy, dry mix, prepared with margarine	usda	404	1.1	71.02	12.87	2 tablespoon:33
sr:168846	Candies, divinity, prepared-from-recipe	usda	364	1.32	89.05	0.06	1 piece:11
sr:168847	Frozen novelties, ice type, pineapple-coconut	usda	113	0	23.9	2.6	0.5 cup (4 fl oz):99
sr:168848	Frozen yogurts, chocolate, soft-serve	usda	160	4	24.9	6	0.5 cup (4 fl oz):72
sr:168849	Snacks, banana chips	usda	519	2.3	58.4	33.6	1 oz:28.4|3 oz:85|1.5 oz:42
sr:168850	Snacks, beef sticks, smoked	usda	550	21.5	5.4	49.6	1 oz:28.4|1 stick:20
sr:168851	Snacks, pork skins, barbecue-flavor	usda	538	57.9	1.6	31.8	1 oz:28.4|0.5 oz:14.2
sr:168852	Frostings, glaze, chocolate, prepared-from-recipe, with butter, NFSMI Recipe No. C-32	usda	359	1.42	72.18	7.17	2 tablespoon:33
sr:168853	Snack, potato chips, made from dried potatoes, plain	usda	545	4.62	55.38	35.28	1 oz:28|16 chips:26|1 oz:28.4|1 can (7 oz):198
sr:168854	Snacks, potato sticks	usda	522	6.7	53.3	34.4	1 oz:28.4|0.5 cup:18
sr:168855	Snacks, rice cakes, brown rice, rye	usda	386	8.1	79.9	3.8	1 cake:9|2 cakes:18
sr:168856	Snacks, sesame sticks, wheat-based, salted	usda	541	10.9	46.5	36.7	1 oz:28.4|2 oz:57
sr:168857	Snacks, corn cakes	usda	387	8.1	83.4	2.4	1 cake:9|2 cakes:18
sr:168858	Snacks, tortilla chips, nacho-flavor, reduced fat	usda	445	8.7	71.6	15.2	1 oz:28.4|1 bag (6 oz):170
sr:168859	Tortilla chips, low fat, baked without fat	usda	448	11	80.2	5.7	1 oz:28.4
sr:168860	Cheese puffs and twists, corn based, baked, low fat	usda	432	8.5	72.35	12.1	1 oz:28.4
sr:168861	Snacks, granola bar, fruit-filled, nonfat	usda	342	5.9	77.6	0.9	
sr:168862	Snacks, KELLOGG, KELLOGG'S, NUTRI-GRAIN Cereal Bars, fruit	usda	365	4.22	67.61	8.67	1 bar:37|1 bar:37|1 bar:38
sr:168863	Snacks, tortilla chips, low fat, made with olestra, nacho cheese	usda	318	8.44	65.22	3.53	1 oz:28.4
sr:168864	Snacks, potato chips, made from dried potatoes, fat-free, made with olestra	usda	253	5.06	56	0.93	1 oz:28.4
sr:168865	Snacks, taro chips	usda	498	2.3	68.1	24.9	1 oz:28.4|1 chips:23
sr:168866	Puddings, banana, dry mix, instant, with added oil	usda	386	0	89	4.4	1 package (3.5 oz):99|1 portion, amount to make 1/2 cup:25
sr:168867	Cornmeal, degermed, enriched, yellow	usda	370	7.11	79.45	1.75	1 cup:157
sr:168868	Cornmeal, yellow, self-rising, bolted, plain, enriched	usda	334	8.28	70.28	3.4	1 cup:122
sr:168869	Cornmeal, yellow, self-rising, bolted, with wheat flour added, enriched	usda	348	8.41	73.43	2.85	1 cup:170
sr:168870	Cornmeal, yellow, self-rising, degermed, enriched	usda	355	8.41	74.79	1.72	1 cup:138
sr:168871	Millet, cooked	usda	119	3.51	23.67	1	1 cup:174
sr:168872	Oat bran, raw	usda	246	17.3	66.22	7.03	1 cup:94
sr:168873	Oat bran, cooked	usda	40	3.21	11.44	0.86	1 cup:219
sr:168874	Quinoa, uncooked	usda	368	14.12	64.16	6.07	1 cup:170
sr:168875	Rice, brown, medium-grain, cooked (Includes foods for USDA's Food Distribution Program)	usda	112	2.32	23.51	0.83	1 cup:195
sr:168876	Rice, brown, parboiled, dry, UNCLE BEN'S	usda	370	7.6	78.68	2.75	0.25 cup:48
sr:168877	Rice, white, long-grain, regular, raw, enriched	usda	365	7.13	79.95	0.66	1 cup:185
sr:168878	Rice, white, long-grain, regular, enriched, cooked	usda	130	2.69	28.17	0.28	1 cup:158
sr:168879	Rice, white, medium-grain, raw, enriched	usda	360	6.61	79.34	0.58	1 cup:195
sr:168880	Rice, white, medium-grain, enriched, cooked	usda	130	2.38	28.59	0.21	1 cup:186
sr:168881	Rice, white, short-grain, enriched, uncooked	usda	358	6.5	79.15	0.52	1 cup:200
sr:168882	Rice, white, short-grain, enriched, cooked	usda	130	2.36	28.73	0.19	1 cup:186
sr:168883	Rice, white, glutinous, unenriched, uncooked	usda	370	6.81	81.68	0.55	1 cup:185
sr:168884	Rye grain	usda	338	10.34	75.86	1.63	1 cup:169
sr:168885	Rye flour, dark	usda	325	15.91	68.63	2.22	1 cup:128
sr:168886	Rye flour, medium	usda	349	10.88	75.43	1.52	1 cup:102
sr:168887	Rye flour, light	usda	357	9.82	76.68	1.33	1 cup:102
sr:168888	Triticale flour, whole-grain	usda	338	13.18	73.14	1.81	1 cup:130
sr:168889	Wheat, hard red spring	usda	329	15.4	68.03	1.92	1 cup:192
sr:168890	Wheat, hard red winter	usda	327	12.61	71.18	1.54	1 cup:192
sr:168891	Wheat, soft red winter	usda	331	10.35	74.24	1.56	1 cup:168
sr:168892	Wheat germ, crude	usda	360	23.15	51.8	9.72	1 cup:115
sr:168893	Wheat flour, whole-grain (Includes foods for USDA's Food Distribution Program)	usda	340	13.21	71.97	2.5	1 cup:120
sr:168894	Wheat flour, white, all-purpose, enriched, bleached	usda	364	10.33	76.31	0.98	1 cup:125
sr:168895	Wheat flour, white, all-purpose, self-rising, enriched	usda	354	9.89	74.22	0.97	1 cup:125
sr:168896	Wheat flour, white, bread, enriched	usda	361	11.98	72.53	1.66	1 cup:137
sr:168897	Wild rice, cooked	usda	101	3.99	21.34	0.34	1 cup:164
sr:168898	Rice flour, brown	usda	363	7.23	76.48	2.78	1 cup:158
sr:168899	Pasta, gluten-free, corn, dry	usda	357	7.46	79.26	2.08	1 cup:105|2 oz:57
sr:168900	Pasta, gluten-free, corn, cooked	usda	126	2.63	27.91	0.73	1 cup:140
sr:168901	Pasta, homemade, made with egg, cooked	usda	130	5.28	23.54	1.74	2 oz:57
sr:168902	Pasta, homemade, made without egg, cooked	usda	124	4.37	25.12	0.98	2 oz:57
sr:168903	Macaroni, vegetable, enriched, dry	usda	367	13.14	74.88	1.04	1 cup spiral shaped:84|2 oz:57
sr:168904	Macaroni, vegetable, enriched, cooked	usda	128	4.53	26.61	0.11	1 cup spiral shaped:134
sr:168905	Noodles, chinese, chow mein	usda	471	10.88	63.64	21.24	0.5 cup dry:28|1.5 oz:43
sr:168906	Noodles, japanese, soba, dry	usda	336	14.38	74.62	0.71	2 oz:57
sr:168907	Noodles, japanese, soba, cooked	usda	99	5.06	21.44	0.1	1 cup:114
sr:168908	Noodles, japanese, somen, dry	usda	356	11.35	74.1	0.81	2 oz:57
sr:168909	Noodles, japanese, somen, cooked	usda	131	4	27.54	0.18	1 cup:176
sr:168910	Pasta, whole-wheat, cooked (Includes foods for USDA's Food Distribution Program)	usda	149	5.99	30.07	1.71	1 cup spaghetti not packed:117|1 cup spaghetti packed:151|1 cup elbows:117|1 cup penne:97|1 cup shells:105|1 cup lasagne:116
sr:168911	Spaghetti, spinach, dry	usda	372	13.35	74.81	1.57	2 oz:57
sr:168912	Spaghetti, spinach, cooked	usda	130	4.58	26.15	0.63	1 cup:140
sr:168913	Wheat flours, bread, unenriched	usda	361	11.98	72.53	1.66	1 cup unsifted, dipped:137
sr:168914	Rice noodles, cooked	usda	108	1.79	24.01	0.2	1 cup:176
sr:168915	Pasta, whole grain, 51% whole wheat, remaining unenriched semolina, dry	usda	362	13.51	73.1	2.68	1 cup spaghetti:91|1 cup elbows:122|1 cup penne:95|1 cup farfalle:81|1 cup rotini:96|1 cup shells:64
sr:168916	Pasta, whole grain, 51% whole wheat, remaining unenriched semolina, cooked	usda	159	5.82	31.51	1.5	1 cup spaghetti not packed:116|1 cup spaghetti packed:151|1 cup elbows not packed:117|1 cup farfalle:107|1 cup penne:97|1 cup shells:105
sr:168917	Quinoa, cooked	usda	120	4.4	21.3	1.92	1 cup:185
sr:168918	Teff, cooked	usda	101	3.87	19.86	0.65	1 cup:252
sr:168919	Noodles, egg, cooked, enriched, with added salt	usda	138	4.54	25.16	2.07	1 cup:160
sr:168920	Corn grain, white	usda	365	9.42	74.26	4.74	1 cup:166
sr:168921	Corn flour, whole-grain, blue (harina de maiz morado)	usda	364	8.75	73.89	5.09	1 tbsp:6.9
sr:168922	Cornmeal, degermed, enriched, white	usda	370	7.11	79.45	1.75	1 cup:157
sr:168923	Cornmeal, white, self-rising, bolted, plain, enriched	usda	334	8.28	70.28	3.4	1 cup:122
sr:168924	Cornmeal, white, self-rising, bolted, with wheat flour added, enriched	usda	348	8.41	73.43	2.85	1 cup:170
sr:168925	Cornmeal, white, self-rising, degermed, enriched	usda	355	8.41	74.79	1.72	1 cup:138
sr:168926	Noodles, egg, unenriched, cooked, without added salt	usda	138	4.54	25.16	2.07	1 cup:160
sr:168927	Pasta, dry, unenriched	usda	371	13.04	74.67	1.51	1 cup spaghetti:91|2 oz:57|1 cup elbows:122|1 cup penne:95|1 cup farfalle:81|1 cup rotini:96
sr:168928	Pasta, cooked, unenriched, without added salt	usda	158	5.8	30.86	0.93	1 cup spaghetti not packed:124|1 cup spaghetti packed:151|1 cup elbows not packed:120|1 cup elbows packed:132|1 cup penne:107|1 cup rotini:107
sr:168929	Cornmeal, degermed, unenriched, yellow	usda	370	7.11	79.45	1.75	1 cup:157
sr:168930	Rice, white, medium-grain, cooked, unenriched	usda	130	2.38	28.59	0.21	1 cup:186
sr:168931	Rice, white, short-grain, raw, unenriched	usda	358	6.5	79.15	0.52	1 cup:200
sr:168932	Rice, white, short-grain, cooked, unenriched	usda	130	2.36	28.73	0.19	1 cup:205
sr:168933	Semolina, unenriched	usda	360	12.68	72.83	1.05	1 cup:167
sr:168934	Spaghetti, protein-fortified, cooked, enriched (n x 6.25)	usda	164	8.86	30.88	0.21	1 cup:140
sr:168935	Rice, white, long-grain, regular, cooked, unenriched, with salt	usda	130	2.69	28.17	0.28	1 cup:158
sr:168936	Wheat flour, white, all-purpose, enriched, unbleached	usda	364	10.33	76.31	0.98	1 cup:125
sr:168937	Spaghetti, protein-fortified, dry, enriched (n x 6.25)	usda	374	21.78	65.65	2.23	2 oz:57
sr:168938	Wheat flour, white (industrial), 10% protein, unbleached, enriched	usda	366	9.71	76.22	1.48	
sr:168939	Wheat flour, white (industrial), 11.5% protein, bleached, enriched	usda	363	11.5	73.81	1.45	
sr:168940	Wheat flour, white (industrial), 11.5% protein, bleached, unenriched	usda	363	11.5	73.81	1.45	
sr:168941	Wheat flour, white (industrial), 11.5% protein, unbleached, enriched	usda	363	11.5	73.81	1.45	
sr:168942	Wheat flour, white (industrial), 13% protein, bleached, enriched	usda	362	13.07	72.2	1.38	
sr:168943	Sorghum flour, whole-grain	usda	359	8.43	76.64	3.34	1 cup:121
sr:168944	Wheat flour, whole-grain, soft wheat	usda	332	9.61	74.48	1.95	
sr:168945	Potatoes, yellow fleshed, hash brown, shredded, salt added in processing, frozen, unprepared	usda	81	2.04	17.98	0.07	3 oz:85
sr:168946	Potatoes, french fried, wedge cut, frozen, unprepared	usda	162	2.56	22.22	7.47	3 oz:85
sr:168947	Potatoes, french fried, steak cut, salt not added in processing, frozen, unprepared	usda	134	2.4	24.31	3.42	3 oz:85
sr:168948	Potatoes, french fried, cross cut, frozen, unprepared	usda	187	2.7	22.95	10	3 oz:85
sr:168949	Rice and vermicelli mix, beef flavor, unprepared	usda	359	10.84	76.02	1.27	0.33 cup:61|1 tbsp:9
sr:168950	Rice and vermicelli mix, beef flavor, prepared with 80% margarine	usda	129	2.82	22.03	3.2	1 cup:247
sr:168951	Rice and vermicelli mix, rice pilaf flavor, unprepared	usda	359	10.42	76.31	1.37	0.33 cup:68|1 tbsp:9.6
sr:168952	Rice and vermicelli mix, rice pilaf flavor, prepared with 80% margarine	usda	148	2.94	25.67	3.7	1 cup:238
sr:168953	Pasta mix, classic cheeseburger macaroni, unprepared	usda	349	11.6	71.51	1.88	1 package:123|1 packet:51
sr:168954	Pasta mix, classic beef, unprepared	usda	354	12.32	72.2	1.78	1 package:122|1 packet:44
sr:168955	Pasta mix, Italian lasagna, unprepared	usda	356	10.9	73.77	1.97	1 package:141|1 packet:79
sr:168956	Yellow rice with seasoning, dry packet mix, unprepared	usda	343	7.02	74.68	1.75	1 serving (2 oz):57
sr:168957	Pizza rolls, frozen, unprepared	usda	328	8.73	50.72	9.98	1 serving 6 rolls:80
sr:168958	Pasta mix, Italian four cheese lasagna, unprepared	usda	355	12.53	70.26	2.7	1 package:117|1 packet:42
sr:168959	Spanish rice mix, dry mix, unprepared	usda	363	10.62	76.45	1.62	0.5 cup:70|0.33 cup:56|1 tbsp:8.8
sr:168960	Lasagna, cheese, frozen, unprepared	usda	145	5.06	21.61	4.22	1 cup 1 serving:237
sr:168961	Chicken, thighs, frozen, breaded, reheated	usda	334	18.66	14.23	22.45	1 thigh with bone and breading:133
sr:168962	Turnover, meat- and cheese-filled, tomato-based sauce, reduced fat, frozen	usda	215	9.45	31.89	5.51	1 piece turnover 1 serving:127
sr:168963	Turnover, filled with egg, meat and cheese, frozen	usda	228	7.87	20.67	12.6	1 piece turnover 1 serving:127
sr:168964	Rice mix, white and wild, flavored, unprepared	usda	142	3.49	26.28	2.57	1 cup:191
sr:168965	Salisbury steak with gravy, frozen	usda	149	6.98	6.78	10.47	1 patty:63
sr:168976	Agutuk, fish/berry with seal oil (Alaskan ice cream) (Alaska Native)	usda	353	3.4	13.4	31.8	
sr:168977	Agutuk, meat-caribou (Alaskan ice cream) (Alaska Native)	usda	258	21.7	0.9	18.6	
sr:168978	Ascidians (tunughnak) (Alaska Native)	usda	20	3.8	0	0.5	
sr:168979	Whale, beluga, flipper, raw (Alaska Native)	usda	271	19	0	21.7	
sr:168980	Whale, beluga, liver, raw (Alaska Native)	usda	117	18.4	2	3.9	
sr:168981	Oil, beluga, whale (Alaska Native)	usda	900	0	0	100	
sr:168982	Blackberries, wild, raw (Alaska Native)	usda	52	0.84	9.84	1.07	1 cup:157
sr:168983	Caribou, liver, raw (Alaska Native)	usda	122	15	6.8	3.9	
sr:168984	Stew/soup, caribou (Alaska Native)	usda	41	3.8	4.8	0.7	
sr:168985	Caribou, tongue, raw (Alaska Native)	usda	260	13.7	0	22.8	
sr:168986	Chiton, leathery, gumboots (Alaska Native)	usda	83	17.1	0	1.6	
sr:168987	Fish, devilfish, meat (Alaska Native)	usda	97	11.7	0	5.3	
sr:168988	Fireweed, young leaves, raw (Alaska Native)	usda	44	3	6.3	0.8	
sr:168989	Fish, herring eggs on giant kelp, Pacific (Alaska Native)	usda	63	11.3	2.6	0.8	
sr:168990	Fish, herring eggs, Pacific, dry (Alaska Native)	usda	312	60.4	2.8	6.6	
sr:168991	Stew, moose (Alaska Native)	usda	55	6.6	6	0.5	
sr:168992	Agave, cooked (Southwest)	usda	135	0.99	32	0.29	
sr:168993	Agave, dried (Southwest)	usda	341	1.71	81.98	0.69	
sr:168994	Cattail, Narrow Leaf Shoots (Northern Plains Indians)	usda	25	1.18	5.14	0	1 shoot:19
sr:168995	Lambsquarters, raw (Northern Plains Indians)	usda	47	4.21	6.96	0.28	1 leaf:0.9
sr:168996	Prairie Turnips, boiled (Northern Plains Indians)	usda	129	1.64	29.99	0.32	1 bulb:14
sr:168997	Raspberries, wild (Northern Plains Indians)	usda	62	1.12	13.85	0.28	1 cup:130
sr:168998	Rose Hips, wild (Northern Plains Indians)	usda	162	1.6	38.22	0.34	1 cup:127
sr:168999	Chokecherries, raw, pitted (Northern Plains Indians)	usda	162	3.04	33.62	1.69	1 cup:154
sr:169000	Sea lion, Steller, liver (Alaska Native)	usda	137	22.9	0	5	
sr:169001	Sea lion, Steller, kidney (Alaska Native)	usda	93	18.1	1.4	1.7	
sr:169002	Sea lion, Steller, heart (Alaska Native)	usda	102	17	1	3.3	
sr:169003	Sea lion, Steller, meat (Alaska Native)	usda	120	25.85	0	1.88	
sr:169004	Piki bread, made from blue cornmeal (Hopi)	usda	390	9.06	72.22	7.16	1 piece:28|1 piece:19
sr:169005	Wocas, tuber, cooked, Oregon, yellow pond lily (Klamath)	usda	34	0.69	7.06	0.35	1 oz:28.4
sr:169006	Stew, pinto bean and hominy, badufsuki (Hopi)	usda	32	1.42	5.38	0.54	8 oz:227
sr:169007	Tamales, masa and pork filling (Hopi)	usda	168	13.19	18.28	4.7	4 oz:113
sr:169008	APPLEBEE'S, Double Crunch Shrimp	usda	323	12.31	25.96	18.9	1 serving:206
sr:169009	APPLEBEE'S, french fries	usda	290	3.31	39.5	13.17	1 serving:164
sr:169010	APPLEBEE'S, KRAFT, Macaroni & Cheese, from kid's menu	usda	143	5.01	21.08	4.34	1 cup:124|1 serving:180
sr:169011	APPLEBEE'S, mozzarella sticks	usda	316	14.87	22.87	18.37	1 piece:32|1 serving:289
sr:169012	APPLEBEE'S, chicken tenders, from kids' menu	usda	296	19.25	18.36	16.15	1 piece:35|1 serving (3 pieces):99
sr:169013	T.G.I. FRIDAY'S, chicken fingers, from kids' menu	usda	330	18.11	17.72	20.78	1 piece:41|1 serving:141
sr:169014	T.G.I. FRIDAY'S, classic sirloin steak (10 oz)	usda	196	31.02	0.47	7.83	1 serving:176
sr:169015	Restaurant, family style, fried mozzarella sticks	usda	325	14.75	25.14	18.33	1 serving:245|1 piece:31
sr:169016	Restaurant, family style, sirloin steak	usda	195	29.8	0	8.48	1 serving:166
sr:169017	APPLEBEE'S, fish, hand battered	usda	202	13.23	16.65	9.14	1 serving:250
sr:169018	APPLEBEE'S, chili	usda	157	12.56	4.57	9.79	1 cup:136|1 serving:182
sr:169019	T.G.I. FRIDAY'S, chicken fingers	usda	325	18.68	16.84	20.31	1 serving:225
sr:169020	APPLEBEE'S, coleslaw	usda	120	0.79	13.17	7.09	1 serving:76
sr:169021	CRACKER BARREL, onion rings, thick-cut	usda	327	4.78	40.95	16	1 serving:261
sr:169022	DENNY'S, chicken strips	usda	295	19.17	22.03	14.5	1 serving:194
sr:169023	DENNY'S, coleslaw	usda	183	0.97	10.88	15.03	1 serving:91
sr:169024	DENNY'S, fish fillet, battered or breaded, fried	usda	234	13.75	17.41	12.16	1 serving:201
sr:169025	DENNY'S, hash browns	usda	197	2.49	26.59	8.99	1 serving:124|1 cup:94
sr:169026	Restaurant, family style, coleslaw	usda	159	0.88	12.35	11.78	1 serving:108
sr:169027	Restaurant, family style, onion rings	usda	356	4.89	40.72	19.28	1 serving:259
sr:169028	Restaurant, family style, chili with meat and beans	usda	157	12.56	4.57	9.79	1 cup:136|1 serving:182
sr:169029	Restaurant, family style, spaghetti and meatballs	usda	170	7.84	15.51	8.52	1 cup:134|1 serving:565
sr:169030	CARRABBA'S ITALIAN GRILL, lasagne	usda	191	10.48	12.36	11.06	1 serving:437
sr:169031	ON THE BORDER, Mexican rice	usda	195	3.56	34.15	4.86	1 cup:114
sr:169032	ON THE BORDER, refried beans	usda	144	7.3	17.52	5	1 cup:135
sr:169033	Restaurant, Italian, spaghetti with pomodoro sauce (no meat)	usda	104	3.9	17.77	1.89	1 serving:510
sr:169034	ON THE BORDER, cheese quesadilla	usda	394	16.87	24.25	25.5	1 serving 1 quesadilla:203
sr:169035	Restaurant, Mexican, cheese quesadilla	usda	368	15.93	24.11	23.08	1 serving serving size varied on diameter and count of quesadila:205|1 quesadilla 8-10 inch diameter:194|3 quesadilla 5-6 inch diameter:279
sr:169036	CARRABBA'S ITALIAN GRILL, cheese ravioli with marinara sauce	usda	156	7.96	17.62	6	1 serving varied from 8 to 10 ravioli per serving:365
sr:169037	OLIVE GARDEN, cheese ravioli with marinara sauce	usda	159	7.44	19.64	5.61	1 serving varied from 7-9 ravioli per serving:454
sr:169038	Restaurant, Italian, cheese ravioli with marinara sauce	usda	154	7.07	18.5	5.7	1 serving serving size varied by diameter and count of raviloi:427
sr:169039	Cereals ready-to-eat, frosted oat cereal with marshmallows	usda	400	7.1	84.7	3.33	0.75 cup (1 NLEA serving):30
sr:169040	Cereals ready-to-eat, WEETABIX whole grain cereal	usda	371	11.43	81.5	2.86	2 biscuits (1 NLEA serving):35|1 cup:57
sr:169041	Cereals ready-to-eat, POST, GREAT GRAINS, Raisin, Date & Pecan	usda	378	7.9	74.3	7.1	0.75 cup (1 NLEA serving):55
sr:169044	Beverages, Orange juice drink	usda	54	0.2	13.41	0	1 cup:249|1 fl oz:31.1|1 drink box (8.45 fl oz):263
sr:169045	Gums, seed gums (includes locust bean, guar)	usda	332	4.6	77.3	0.5	1 oz:28.4
sr:169046	Snacks, potato chips, white, restructured, baked	usda	469	5	71.4	18.2	1 cup:34|1 chips:12
sr:169050	Cheese, muenster, low fat	usda	271	24.7	3.5	17.6	1 cup, shredded:113|1 cubic inch:18|1 slice:28
sr:169051	Cheese, mozzarella, nonfat	usda	141	31.7	3.5	0	1 cup, shredded:113
sr:169052	Margarine-like, butter-margarine blend, 80% fat, stick, without salt	usda	718	0.9	0.6	80.7	1 tablespoon:14
sr:169053	Margarine-like, vegetable oil-butter spread, reduced calorie, tub, with salt	usda	450	1	1	50	1 tablespoon:14
sr:169055	Salad dressing, caesar dressing, regular	usda	542	2.17	3.3	57.85	1 tbsp:14.7|1 cup:235|1 serving (2 tbsp):30
sr:169056	Salad dressing, coleslaw	usda	404	0.85	22.4	34.53	1 tbsp:19|1 cup:289
sr:169057	Salad dressing, green goddess, regular	usda	427	1.9	7.36	43.33	1 tbsp:15|1 cup:245
sr:169058	Jams and preserves, no sugar (with sodium saccharin), any flavor	usda	132	0.3	53.42	0.3	1 cup:224|1 tbsp:14
sr:169059	Candies, chocolate covered, caramel with nuts	usda	470	9.5	60.67	21	1 piece:14
sr:169060	Candies, nougat, with almonds	usda	398	3.33	92.39	1.67	1 piece:14
sr:169061	Candies, gum drops, no sugar or low calorie (sorbitol)	usda	354	0	88.1	0.2	1 cup:182|1 piece:5
sr:169062	Pie fillings, cherry, low calorie	usda	53	0.82	11.98	0.16	1 serving:85|1 cup:264
sr:169063	Breakfast bars, oats, sugar, raisins, coconut (include granola bar)	usda	464	9.8	66.7	17.6	1 bar:43
sr:169064	Pretzels, soft	usda	338	8.2	69.39	3.1	1 large:143|1 medium:115|1 small:62
sr:169065	Beans, chili, barbecue, ranch style, cooked	usda	97	5	16.9	1	1 cup:253
sr:169066	Luncheon slices, meatless	usda	189	17.78	4.44	11.11	1 slice, thin:14
sr:169067	Meatballs, meatless	usda	197	21	8	9	1 cup:144
sr:169068	Vegetarian fillets	usda	290	23	9	18	1 fillet:85
sr:169069	Sandwich spread, meatless	usda	149	8	9	9	1 tbsp:15
sr:169070	Alcoholic beverage, wine, cooking	usda	50	0.5	6.3	0	1 tsp:4.9|1 fl oz:29
sr:169071	Alcoholic beverage, wine, light	usda	49	0.07	1.17	0	1 fl oz:29.5|1 serving 5 fl oz:148
sr:169072	Sweeteners, tabletop, saccharin (sodium saccharin)	usda	360	0.94	89.11	0	1 serving 1 packet:1|1 serving 1 packet SUGAR TWIN:0.8
sr:169073	Beverage, instant breakfast powder, chocolate, not reconstituted	usda	353	19.9	66.2	1.4	1 tbsp:7.4|1 envelope:37
sr:169074	Tomato sauce, canned, no salt added	usda	24	1.2	5.31	0.3	1 cup:245
sr:169075	Cereals ready-to-eat, ALPEN	usda	352	11.2	75.7	3.3	0.67 cup (1 NLEA serving):55
sr:169076	Cereals ready-to-eat, FAMILIA	usda	388	9.5	73.8	6.3	1 cup:122
sr:169077	Cereals ready-to-eat, wheat and bran, presweetened with nuts and fruits	usda	385	7.1	76.2	5.6	1 cup (1 NLEA serving):55
sr:169078	Cheese, cottage, with vegetables	usda	95	10.9	3	4.2	4 oz:113|1 cup:226
sr:169079	Cheese, cream, low fat	usda	208	7.85	6.73	16.67	1 tbsp:15|1 cup:240|1 tbsp, whipped:10
sr:169080	Cheese, pasteurized process, American, low fat	usda	180	24.6	3.5	7	1 cup, diced:140|1 cup, shredded:113|1 cubic inch:18|1 slice (3/4 oz):21
sr:169081	Cheese spread, cream cheese base	usda	295	7.1	3.5	28.6	1 oz:28.4|1 cup:240
sr:169082	Pork, oriental style, dehydrated	usda	615	11.8	1.4	62.4	1 cup:22
sr:169083	Soybean, curd cheese	usda	151	12.5	6.9	8.1	1 cup:225
sr:169084	Potatoes, canned, drained solids, no salt added	usda	60	1.4	13.6	0.2	1 cup:180
sr:169085	Vegetables, mixed (corn, lima beans, peas, green beans, carrots) canned, no salt added	usda	37	1.4	7.31	0.2	1 cup:182
sr:169086	Litchis, raw	usda	66	0.83	16.53	0.44	1 cup:190|1 fruit without refuse:9.6
sr:169087	Litchis, dried	usda	277	3.8	70.7	1.2	1 fruit:2.5
sr:169088	Loganberries, frozen	usda	55	1.52	13.02	0.31	1 cup, unthawed:147
sr:169089	Longans, raw	usda	60	1.31	15.14	0.1	1 fruit without refuse:3.2
sr:169090	Mangosteen, canned, syrup pack	usda	73	0.41	17.91	0.58	1 cup, drained:196|1 cup:216
sr:169091	Mango, dried, sweetened	usda	319	2.45	78.58	1.18	
sr:169093	Melons, casaba, raw	usda	28	1.11	6.58	0.1	1 cup, cubes:170|1 melon:1640|0.1 fruit:164
sr:169094	Olives, ripe, canned (small-extra large)	usda	116	0.84	6.04	10.9	1 tbsp:8.4|1 large:4.4|1 small:3.2
sr:169095	Olives, ripe, canned (jumbo-super colossal)	usda	81	0.97	5.61	6.87	1 super colossal:15|1 jumbo:8.3
sr:169096	Olives, pickled, canned or bottled, green	usda	145	1.03	3.84	15.32	1 olive:2.7
sr:169097	Oranges, raw, all commercial varieties	usda	47	0.94	11.75	0.12	1 cup, sections:180|1 large (3-1/16" dia):184|1 small (2-3/8" dia):96|1 fruit (2-5/8" dia):131
sr:169098	Orange juice, raw (Includes foods for USDA's Food Distribution Program)	usda	45	0.7	10.4	0.2	1 cup:248|1 fl oz:31|1 fruit yields:86
sr:169099	Orange juice, canned, unsweetened	usda	47	0.68	11.01	0.15	1 cup:249|1 fl oz:31.1|1 drink box (8.45 fl oz):263
sr:169100	Orange juice, chilled, includes from concentrate	usda	49	0.68	11.54	0.12	1 cup:249|1 fl oz:31.1
sr:169101	Orange juice, chilled, includes from concentrate, with added calcium and vitamin D	usda	47	0.68	11.27	0.12	1 cup:249|1 fl oz:31.1
sr:169102	Orange juice, frozen concentrate, unsweetened, diluted with 3 volume water	usda	37	0.6	8.8	0.06	1 cup:249|1 fl oz:31.1
sr:169103	Orange peel, raw	usda	97	1.5	25	0.2	1 tbsp:6|1 tsp:2
sr:169104	Orange-grapefruit juice, canned or bottled, unsweetened	usda	43	0.6	10.28	0.1	1 cup:247|1 fl oz:30.9
sr:169105	Tangerines, (mandarin oranges), raw	usda	53	0.81	13.34	0.31	1 cup, sections:195|1 small (2-1/4" dia):76|1 medium (2-1/2" dia):88|1 large (2-3/4" dia):120|1 NLEA serving:109
sr:169106	Tangerines, (mandarin oranges), canned, juice pack	usda	37	0.62	9.57	0.03	1 cup:249
sr:169107	Papaya nectar, canned	usda	57	0.17	14.51	0.15	1 cup:250|1 fl oz:31.2
sr:169108	Passion-fruit, (granadilla), purple, raw	usda	97	2.2	23.38	0.7	1 cup:236|1 fruit without refuse:18
sr:169109	Passion-fruit juice, purple, raw	usda	51	0.39	13.6	0.05	1 cup:247|1 fl oz:30.9
sr:169110	Passion-fruit juice, yellow, raw	usda	60	0.67	14.45	0.18	1 cup:247|1 fl oz:30.9
sr:169111	Peaches, canned, light syrup pack, solids and liquids	usda	54	0.45	14.55	0.03	1 cup, halves or slices:251|1 half, with liquid:98
sr:169112	Peaches, canned, heavy syrup pack, solids and liquids	usda	74	0.45	19.94	0.1	1 cup:262|1 half, with liquid:98
sr:169113	Peaches, canned, extra heavy syrup pack, solids and liquids	usda	96	0.47	26.06	0.03	1 cup, halves or slices:262
sr:169114	Peaches, spiced, canned, heavy syrup pack, solids and liquids	usda	75	0.41	20.08	0.1	1 cup, whole:242
sr:169115	Peaches, dried, sulfured, stewed, with added sugar	usda	103	1.06	26.6	0.22	1 cup:270
sr:169116	Peaches, frozen, sliced, sweetened	usda	94	0.63	23.98	0.13	1 cup, thawed:250|1 slices:155|1 package (10 oz):284
sr:169117	Peach nectar, canned, with sucralose, without added ascorbic acid	usda	49	0.1	11.61	0.57	1 cup:258
sr:169118	Pears, raw	usda	57	0.36	15.23	0.14	1 cup, slices:140|1 cup, cubes:161|1 small:148|1 medium:178|1 large:230|1 NLEA serving:166
sr:169119	Pears, canned, water pack, solids and liquids	usda	29	0.19	7.81	0.03	1 cup, halves:244|1 half, with liquid:76
sr:169120	Pears, canned, extra heavy syrup pack, solids and liquids	usda	97	0.19	25.25	0.13	1 cup, halves:266|1 half, with liquid:79
sr:169121	Pears, dried, sulfured, uncooked	usda	262	1.87	69.7	0.63	1 cup, halves:180|1 half:18|1 halves:175
sr:169122	Pears, dried, sulfured, stewed, without added sugar	usda	127	0.91	33.81	0.31	1 cup, halves:255
sr:169123	Pears, dried, sulfured, stewed, with added sugar	usda	140	0.86	37.14	0.29	1 cup, halves:280
sr:169124	Pineapple, raw, all varieties	usda	50	0.54	13.12	0.12	1 cup, chunks:165|1 fruit:905|1 slice (4-2/3" dia x 3/4" thick):166|1 slice (3-1/2" dia x 3/4" thick):84|1 slice, thin (3-1/2" dia x 1/2" thick):56
sr:169125	Pineapple, canned, water pack, solids and liquids	usda	32	0.43	8.3	0.09	1 cup, crushed, sliced, or chunks:246|1 slice or ring (3" dia) with liquid:47
sr:169126	Pineapple, canned, juice pack, solids and liquids	usda	60	0.42	15.7	0.08	1 cup, crushed, sliced, or chunks:249|1 slice or ring (3" dia) with liquid:47
sr:169127	Pineapple, canned, light syrup pack, solids and liquids	usda	52	0.36	13.45	0.12	1 cup, crushed, sliced, or chunks:252|1 slice or ring (3" dia) with liquid:48
sr:169128	Pineapple juice, frozen concentrate, unsweetened, diluted with 3 volume water	usda	51	0.4	12.67	0.03	1 cup:250|1 fl oz:31.2
sr:169129	Pitanga, (surinam-cherry), raw	usda	33	0.8	7.49	0.4	1 cup:173|1 fruit without refuse:7
sr:169130	Plantains, yellow, raw	usda	122	1.3	31.89	0.35	1 plantain:270|1 cup, sliced:148
sr:169131	Plantains, yellow, baked	usda	155	1.52	41.37	0.16	1 cup:139|1 slice:105
sr:169132	Plums, canned, purple, heavy syrup pack, solids and liquids	usda	89	0.36	23.24	0.1	1 cup, pitted:258|1 plum with liquid:46
sr:169133	Plums, canned, purple, extra heavy syrup pack, solids and liquids	usda	101	0.36	26.31	0.1	1 cup, pitted:261
sr:169134	Pomegranates, raw	usda	83	1.67	18.7	1.17	0.5 cup arils (seed/juice sacs):87|1 pomegranate (4" dia):282
sr:169135	Lima beans, immature seeds, cooked, boiled, drained, without salt	usda	123	6.81	23.64	0.32	1 cup:170
sr:169136	Lima beans, immature seeds, canned, regular pack, solids and liquids	usda	71	4.07	13.33	0.29	0.5 cup:124|1 can (303 x 406):454
sr:169137	Mung beans, mature seeds, sprouted, cooked, boiled, drained, without salt	usda	21	2.03	4.19	0.09	1 cup:124
sr:169138	Mung beans, mature seeds, sprouted, cooked, stir-fried	usda	50	4.3	10.59	0.21	1 cup:124
sr:169139	Beans, navy, mature seeds, sprouted, raw	usda	67	6.15	13.05	0.7	1 cup:104
sr:169140	Beans, navy, mature seeds, sprouted, cooked, boiled, drained, without salt	usda	78	7.07	15.01	0.81	
sr:169141	Beans, snap, green, cooked, boiled, drained, without salt	usda	35	1.89	7.88	0.28	1 cup:125
sr:169142	Beans, snap, green, canned, regular pack, solids and liquids	usda	15	0.72	3.27	0.17	1 cup:240|1 can total can contents:423
sr:169144	Beans, snap, canned, all styles, seasoned, solids and liquids	usda	16	0.83	3.49	0.2	0.5 cup:114|1 can (303 x 406):439
sr:169146	Beets, cooked, boiled, drained	usda	44	1.68	9.96	0.18	0.5 cup slices:85|2 beets (2" dia, sphere):100
sr:169147	Beets, canned, regular pack, solids and liquids	usda	30	0.73	7.14	0.09	1 cup:246
sr:169148	Pork, cured, ham -- water added, whole, boneless, separable lean only, heated, roasted	usda	117	17.99	1.57	4.39	3 oz:85|1 roast whole:1867
sr:169149	Pork, cured, ham -- water added, whole, boneless, separable lean only, unheated	usda	110	17.34	1.45	3.97	3 oz:85
sr:169150	Pork, cured, ham and water product, shank, bone-in, separable lean only, heated, roasted	usda	132	21.69	1.26	4.45	3 oz (3 oz):85|1 roast shank:3204
sr:169151	Pork, cured, ham -- water added, slice, bone-in, separable lean only, unheated	usda	95	17.38	1.23	2.29	3 oz:85
sr:169152	Pork, cured, ham and water product, rump, bone-in, separable lean only, unheated	usda	107	17.93	1.24	3.38	3 oz:85|1 lb:453.6
sr:169153	Pork, cured, ham and water product, slice, bone-in, separable lean only, unheated	usda	103	14.47	2.82	3.78	3 oz:85
sr:169154	Pork, cured, ham and water product, shank, bone-in, unheated, separable lean only	usda	113	17.53	1.2	4.18	3 oz:85
sr:169155	Pork, cured, ham, separable fat, boneless, heated	usda	507	8.77	2	51.57	3 oz:85
sr:169156	Pork, cured, ham, separable fat, boneless, unheated	usda	515	7.5	1.87	53	3 oz:85
sr:169157	Pork, pickled pork hocks	usda	171	19.11	0	10.54	3 oz:117
sr:169158	Pork, cured, ham, slice, bone-in, separable lean only, heated, pan-broil	usda	148	27.18	0.74	4.09	3 oz (3 oz):85|1 slice:366
sr:169159	Pork, cured, ham with natural juices, whole, boneless, separable lean and fat, unheated	usda	112	19.38	1.02	3.43	3 oz whole:85|1 lb whole:453.6
sr:169160	Pork, cured, ham and water product, whole, boneless, separable lean and fat, unheated	usda	117	14.05	4.21	4.99	3 oz whole:85|1 lb whole:453.6
sr:169161	Pork, cured, ham and water product, slice, bone-in, separable lean and fat, unheated	usda	149	13.69	2.72	9.29	3 oz:85|1 lb:453.6
sr:169162	Pork, cured, ham and water product, shank, bone-in, separable lean and fat, unheated	usda	243	14.28	1.42	20	3 oz shank:85|1 lb shank:453.6
sr:169163	Pork, cured, ham and water product, rump, bone-in, separable lean and fat, unheated	usda	179	16.09	1.35	12.13	3 oz rump:85|1 lb rump:453.6
sr:169164	Pork, cured, ham -- water added, rump, bone-in, separable lean and fat, heated, roasted	usda	161	20.1	0.99	8.56	3 oz (3 oz):85|1 roast rump:2970
sr:169165	Pork, cured, ham -- water added, shank, bone-in, separable lean and fat, heated, roasted	usda	200	18.62	1.35	13.37	3 oz (3 oz):85|1 roast shank:3054
sr:169166	Pork, cured, ham -- water added, slice, bone-in, separable lean and fat, heated, pan-broil	usda	166	20.8	1.54	8.73	3 oz (3 oz):85|1 slice:436
sr:169167	Pork, cured, ham -- water added, slice, boneless, separable lean and fat, heated, pan-broil	usda	125	18.62	1.72	5.05	3 oz (3 oz):85|1 slice:189
sr:169168	Pork, cured, ham and water product, slice, boneless, separable lean and fat, heated, pan-broil	usda	124	15.08	4.69	5.13	3 oz (3 oz):85|1 slice:136
sr:169169	Pork, cured, ham and water product, whole, boneless, separable lean and fat, heated, roasted	usda	123	13.88	4.61	5.46	3 oz (3 oz):85|1 roast:1995
sr:169170	Pork, cured, ham with natural juices, rump, bone-in, separable lean and fat, heated, roasted	usda	177	22.47	0.6	9.39	3 oz (3 oz):85|1 roast rump:2673
sr:169171	Pork, cured, ham with natural juices, shank, bone-in, separable lean and fat, heated, roasted	usda	191	22.88	0.33	10.93	3 oz (3 oz):85|1 roast shank:3170
sr:169172	Pork, cured, ham with natural juices, slice, bone-in, separable lean and fat, heated, pan-broil	usda	180	26.18	0.17	8.28	3 oz (3 oz):85|1 slice:445
sr:169173	Pork, cured, ham, rump, bone-in, separable lean only, heated, roasted	usda	132	26.02	0.68	3.07	3 oz (3 oz):85|1 roast rump:2874
sr:169174	Pork, cured, ham, rump, bone-in, separable lean only, unheated	usda	125	24.46	0.32	2.92	3 oz:85|1 lb:453.6
sr:169175	Pork, cured, ham, shank, bone-in, separable lean only, heated, roasted	usda	139	26.49	0.68	3.68	3 oz (3 oz):85|1 roast shank:2800
sr:169176	Pork, cured, ham, shank, bone-in, separable lean only, unheated	usda	125	23.79	0.18	3.19	3 oz:85|1 lb:453.6
sr:169177	Pork, cured, ham, slice, bone-in, separable lean and fat, unheated	usda	173	22.45	0.21	9.17	3 oz (3 oz):85|1 slice:425
sr:169178	Pork, fresh, spareribs, separable lean and fat, cooked, roasted	usda	361	20.89	0	30.86	3 oz:85
sr:169179	Pork, fresh, composite of separable fat, with added solution, raw	usda	508	9.27	0	52.33	4 oz:113|1 lb:453
sr:169180	Pork, fresh, loin, tenderloin, separable lean only, with added solution, cooked, roasted	usda	116	21.61	0.31	3.15	3 oz:85
sr:169181	Pork, fresh, loin, top loin (chops), boneless, separable lean only, with added solution, raw	usda	117	21.09	0.22	3.48	4 oz:113|1 chop:146
sr:169182	Pork, fresh, loin, top loin (chops), boneless, separable lean and fat, with added solution, raw	usda	171	19.45	0	10.26	1 chop:146
sr:169183	Pork, fresh, loin, top loin (chops), boneless, separable lean and fat, with added solution, cooked, broiled	usda	198	28.33	0.02	9.42	3 oz:85|1 chop:107
sr:169184	Pork, fresh, loin, tenderloin, separable lean and fat, with added solution, raw	usda	114	20.16	0	3.14	4 oz:113|1 roast:537
sr:169185	Pork, fresh, loin, tenderloin, separable lean and fat, with added solution, cooked, roasted	usda	121	21.5	0.31	3.7	3 oz:85|1 roast:508
sr:169186	Pork, Leg Cap Steak, boneless, separable lean and fat, raw	usda	123	21.64	0	3.39	4 oz:113|1 piece:231
sr:169187	Pork, Shoulder breast, boneless, separable lean and fat, raw	usda	127	22.54	0	3.4	3 oz:85|1 piece:430
sr:169188	Pork, Shoulder breast, boneless, separable lean and fat, cooked, broiled	usda	162	28.47	0	4.49	3 oz:85|1 piece:373
sr:169189	Pork, shoulder, petite tender, boneless, separable lean and fat, cooked, broiled	usda	155	27.47	0	4.23	1 piece:92
sr:169190	Pork, ground, 96% lean / 4% fat, raw	usda	121	21.1	0.21	4	4 oz:113
sr:169191	Pork, ground, 72% lean / 28% fat, cooked, crumbles	usda	393	22.83	1.39	32.93	4 oz:113
sr:169192	Pork, ground, 84% lean / 16% fat, cooked, crumbles	usda	289	26.69	0.58	20.04	3 oz grilled patties:85
sr:169193	Pork, ground, 96% lean / 4% fat, cooked, crumbles	usda	187	30.55	0	7.15	3 oz grilled patties:85
sr:169194	Pork, fresh, loin, blade (chops or roasts), boneless, separable lean only, raw	usda	123	21.35	0.82	3.78	4 oz:113|1 chop:176
sr:169195	Pork, fresh, loin, blade (roasts), boneless, separable lean only, cooked, roasted	usda	175	27.58	0	7.14	3 oz:85|1 roast:848
sr:169196	Pork, fresh, loin, blade (chops), boneless, separable lean only, boneless, cooked, broiled	usda	169	26.14	0.89	6.74	3 oz:85|1 chop:131
sr:169197	Pork, fresh, loin, country-style ribs, separable lean only, boneless, cooked, broiled	usda	216	27.83	0	11.65	3 oz:85|1 rack:122
sr:169198	Pork, fresh, loin, blade (roasts), boneless, separable lean and fat, cooked, roasted	usda	199	26.48	0	10.32	3 oz:85|1 roast:848
sr:169199	Pork, fresh, loin, country-style ribs, separable lean and fat, boneless, cooked, broiled	usda	247	26.28	0	15.73	3 oz:85|1 rack:122
sr:169200	Pork, fresh, loin, country-style ribs, separable lean and fat, bone-in, cooked, broiled	usda	260	25.58	0	17.56	3 oz:85|1 rack:122
sr:169201	Pork, fresh, loin, country-style ribs, separable lean and fat, boneless, cooked, roasted	usda	270	26.4	0	18.31	3 oz:85|1 rack:138
sr:169202	Amaranth leaves, cooked, boiled, drained, without salt	usda	21	2.11	4.11	0.18	1 cup:132
sr:169203	Arrowhead, raw	usda	99	5.33	20.23	0.29	1 large:25|1 medium:12
sr:169204	Arrowhead, cooked, boiled, drained, without salt	usda	78	4.49	16.14	0.1	1 medium:12
sr:169205	Artichokes, (globe or french), raw	usda	47	3.27	10.51	0.15	1 artichoke, medium:128|1 artichoke, large:162
sr:169206	Asparagus, canned, regular pack, solids and liquids	usda	15	1.8	2.48	0.18	0.5 cup:122|1 can (300 x 407):411
sr:169207	Asparagus, canned, drained solids	usda	19	2.14	2.46	0.65	1 cup:242|1 spear (about 5" long):18|1 can (300 x 407):248
sr:169208	Asparagus, frozen, unprepared	usda	24	3.23	4.1	0.23	4 spears:58|1 package (10 oz):284
sr:169209	Asparagus, frozen, cooked, boiled, drained, without salt	usda	18	2.95	1.92	0.42	1 cup:180|1 package (10 oz) yields:293|4 spears:60
sr:169210	Bamboo shoots, raw	usda	27	2.6	5.2	0.3	1 cup (1/2" slices):151|0.5 cup (1/2" pieces):76
sr:169211	Bamboo shoots, cooked, boiled, drained, without salt	usda	12	1.53	1.92	0.22	1 cup (1/2" slices):120|1 shoot:144
sr:169212	Bamboo shoots, canned, drained solids	usda	19	1.72	3.22	0.4	1 cup (1/8" slices):131|1 can (303 x 406):262
sr:169213	Beans, kidney, mature seeds, sprouted, raw	usda	29	4.2	4.1	0.5	1 cup:184
sr:169214	Corn, sweet, yellow, canned, whole kernel, drained solids	usda	67	2.29	14.34	1.22	1 cup:164|1 can (12 oz) yields:211|1 can (303 x 406):298
sr:169215	Corn, sweet, yellow, canned, cream style, regular pack	usda	72	1.74	18.13	0.42	1 cup:256|1 can (303 x 406):482
sr:169216	Corn, sweet, yellow, canned, vacuum pack, regular pack	usda	79	2.41	19.44	0.5	1 cup:210|1 can, 15 oz (303 x 406):425|1 can (303 x 406):340
sr:169217	Corn, yellow, whole kernel, frozen, microwaved	usda	113	3.62	25.87	1.42	1 cup:141
sr:169218	Corn with red and green peppers, canned, solids and liquids	usda	75	2.33	18.17	0.55	1 cup:227
sr:169219	Cornsalad, raw	usda	21	2	3.6	0.4	1 cup:56
sr:169220	Cowpeas (blackeyes), immature seeds, raw	usda	90	2.95	18.83	0.35	1 cup:145
sr:169221	Cowpeas, young pods with seeds, cooked, boiled, drained, without salt	usda	34	2.6	7	0.3	1 cup:95
sr:169222	Yardlong bean, raw	usda	47	2.8	8.35	0.4	1 cup slices:91|1 pod:12
sr:169223	Yardlong bean, cooked, boiled, drained, without salt	usda	47	2.53	9.18	0.1	1 cup slices:104|1 pod:14
sr:169224	Cowpeas, leafy tips, raw	usda	29	4.1	4.82	0.25	1 cup, chopped:36|1 leaf:3
sr:169225	Cucumber, peeled, raw	usda	10	0.59	2.16	0.16	1 cup, pared, chopped:133|1 cup, sliced:119|1 large (8-1/4" long):280|1 medium:201|1 slice:7|1 small (6-3/8" long):158
sr:169226	Dandelion greens, raw	usda	45	2.7	9.2	0.7	1 cup, chopped:55
sr:169227	Dandelion greens, cooked, boiled, drained, without salt	usda	33	2	6.4	0.6	1 cup, chopped:105
sr:169229	Eggplant, cooked, boiled, drained, without salt	usda	35	0.83	8.73	0.23	1 cup (1" cubes):99
sr:169231	Ginger root, raw	usda	80	1.82	17.77	0.75	1 tsp:2|0.25 cup slices (1" dia):24|5 slices (1" dia):11
sr:169232	Gourd, white-flowered (calabash), raw	usda	14	0.62	3.39	0.02	0.5 cup (1" pieces):58|1 gourd:771
sr:169233	Gourd, white-flowered (calabash), cooked, boiled, drained, without salt	usda	15	0.6	3.69	0.02	1 cup (1" cubes):146
sr:169234	Hyacinth-beans, immature seeds, raw	usda	46	2.1	9.19	0.2	1 cup:80
sr:169235	Hyacinth-beans, immature seeds, cooked, boiled, drained, without salt	usda	50	2.95	9.2	0.27	1 cup:87
sr:169236	Jerusalem-artichokes, raw	usda	73	2	17.44	0.01	1 cup slices:150
sr:169237	Jew's ear, (pepeao), raw	usda	25	0.48	6.75	0.04	1 cup slices:99|1 piece:6
sr:169238	Kale, cooked, boiled, drained, without salt	usda	36	2.94	5.3	1.21	1 cup:118
sr:169239	Kale, frozen, unprepared	usda	28	2.66	4.88	0.46	package (10 oz):94|0.33 cup:67|1 package (10 oz):284
sr:169241	Kanpyo, (dried gourd strips)	usda	258	8.58	65.03	0.56	1 strip:6.3|0.5 cup:27
sr:169242	Mushrooms, shiitake, raw	usda	34	2.24	6.79	0.49	1 piece whole:19
sr:169243	Mushrooms, portabella, grilled	usda	29	3.28	4.44	0.58	1 cup sliced:121
sr:169244	Lambsquarters, raw	usda	43	4.2	7.3	0.8	
sr:169245	Lambsquarters, cooked, boiled, drained, without salt	usda	32	3.2	5	0.7	1 cup, chopped:180
sr:169246	Leeks, (bulb and lower leaf-portion), raw	usda	61	1.5	14.15	0.3	1 cup:89|1 leek:89|1 slice:6
sr:169248	Lettuce, iceberg (includes crisphead types), raw	usda	14	0.9	2.97	0.14	1 cup shredded:72|1 cup, chopped (1/2" pieces, loosely packed):57|1 head, large:755|1 head, medium (6" dia):539|1 head, small:324|1 leaf, large:15
sr:169249	Lettuce, green leaf, raw	usda	15	1.36	2.87	0.15	1 cup shredded:36|1 head:360|1 leaf inner:4.8|1 leaf outer:24
sr:169250	Lotus root, raw	usda	74	2.6	17.23	0.1	1 slices (2-1/2" dia):81|1 root (9-1/2" long):115
sr:169251	Mushrooms, white, raw	usda	22	3.09	3.26	0.34	1 cup, pieces or slices:70|1 cup, whole:96|1 large:23|1 medium:18|1 slice:6|1 small:10
sr:169252	Mushrooms, white, cooked, boiled, drained, without salt	usda	28	2.17	5.29	0.47	1 cup pieces:156|1 tbsp:9.8|1 mushroom:12
sr:169253	Mushrooms, white, stir-fried	usda	26	3.58	4.04	0.33	1 cup sliced:108
sr:169254	Mushrooms, canned, drained solids	usda	25	1.87	5.09	0.29	1 cup:156|1 can:132|1 large:16|1 medium:12|1 small:7|1 slices:40
sr:169255	Mushrooms, portabella, raw	usda	22	2.11	3.87	0.35	1 cup diced:86|1 piece whole:84
sr:169256	Mustard greens, raw	usda	27	2.86	4.67	0.42	1 cup, chopped:56
sr:169257	Mustard greens, cooked, boiled, drained, without salt	usda	26	2.56	4.51	0.47	1 cup, chopped:140
sr:169258	Mustard greens, frozen, unprepared	usda	20	2.49	3.41	0.27	1 cup, chopped:146|1 package (10 oz):284
sr:169259	Mustard greens, frozen, cooked, boiled, drained, without salt	usda	19	2.27	3.11	0.25	1 cup, chopped:150|1 package (10 oz) yields:212
sr:169260	Okra, raw	usda	33	1.93	7.45	0.19	1 cup:100|8 pods (3" long):95
sr:169261	Okra, cooked, boiled, drained, without salt	usda	22	1.87	4.51	0.21	0.5 cup slices:80|8 pods (3" long):85
sr:169262	Okra, frozen, unprepared	usda	30	1.69	6.63	0.25	0.33 package (10 oz):95|1 package (10 oz):284|1 package (3 lb):1361
sr:169263	Okra, frozen, cooked, boiled, drained, without salt	usda	29	1.63	6.41	0.24	0.5 cup slices:92|1 package (10 oz) yields:255
sr:169264	Potatoes, french fried, all types, salt added in processing, frozen, home-prepared, oven heated	usda	158	2.75	25.55	5.48	1 fries:76|1 package (9 oz), yields:198
sr:169265	Potatoes, french fried, cottage-cut, salt not added in processing, frozen, as purchased	usda	153	2.42	23.98	5.78	1 strips:65|1 package (9 oz):255
sr:169266	Potatoes, french fried, cottage-cut, salt not added in processing, frozen, oven-heated	usda	218	3.44	34.03	8.2	1 strips:50|1 package (9 oz), yields:198
sr:169267	Potatoes, frozen, french fried, par fried, extruded, unprepared	usda	260	2.83	30.15	14.95	1 strips:65|1 package (9 oz):255
sr:169268	Potatoes, frozen, french fried, par fried, extruded, prepared, heated in oven, without salt	usda	333	3.55	39.68	18.71	1 strips:50|1 package (9 oz), yields:198
sr:169269	Potato salad, home-prepared	usda	143	2.68	11.17	8.2	1 cup:250
sr:169270	Pumpkin flowers, raw	usda	15	1.03	3.28	0.07	1 cup:33|1 flower:2
sr:169271	Pumpkin flowers, cooked, boiled, drained, without salt	usda	15	1.09	3.3	0.08	1 cup:134
sr:169272	Pumpkin leaves, raw	usda	19	3.15	2.33	0.4	1 cup:39
sr:169273	Pumpkin pie mix, canned	usda	104	1.09	26.39	0.13	1 cup:270
sr:169274	Purslane, raw	usda	20	2.03	3.39	0.36	1 cup:43|1 plant:3
sr:169275	Purslane, cooked, boiled, drained, without salt	usda	18	1.49	3.55	0.19	1 cup:115|1 squash:431
sr:169276	Radishes, raw	usda	16	0.68	3.4	0.1	1 cup slices:116|1 large (1" to 1-1/4" dia):9|1 medium (3/4" to 1" dia):4.5|1 slice:1|1 small:2|0.5 cup slices:58
sr:169277	Salsify, (vegetable oyster), raw	usda	82	3.3	18.6	0.2	1 cup slices:133
sr:169278	Salsify, cooked, boiled, drained, without salt	usda	68	2.73	15.36	0.17	1 cup, sliced:135
sr:169279	Sauerkraut, canned, solids and liquids	usda	19	0.91	4.28	0.14	1 cup:142|1 cup, undrained:236
sr:169280	Seaweed, agar, raw	usda	26	0.54	6.75	0.03	2 tbsp (1/8 cup):10
sr:169281	Sesbania flower, cooked, steamed, without salt	usda	22	1.14	5.23	0.05	1 cup:104
sr:169282	Soybeans, green, raw	usda	147	12.95	11.05	6.8	1 cup:256
sr:169283	Soybeans, green, cooked, boiled, drained, without salt	usda	141	12.35	11.05	6.4	1 cup:180
sr:169284	Soybeans, mature seeds, sprouted, raw	usda	122	13.09	9.57	6.7	0.5 cup:35|1 sprouts:10
sr:169285	Spinach, canned, regular pack, solids and liquids	usda	19	2.11	2.92	0.37	1 cup:234
sr:169286	Spinach, canned, regular pack, drained solids	usda	23	2.81	3.4	0.5	1 cup:214
sr:169287	Spinach, frozen, chopped or leaf, unprepared (Includes foods for USDA's Food Distribution Program)	usda	29	3.63	4.21	0.57	1 cup:156|1 package (10 oz):284
sr:169288	Spinach, frozen, chopped or leaf, cooked, boiled, drained, without salt	usda	34	4.01	4.8	0.87	0.5 cup:95|1 package (10 oz) yields:220
sr:169289	Squash, summer, scallop, raw	usda	18	1.2	3.84	0.2	1 cup slices:130
sr:169290	Squash, summer, scallop, cooked, boiled, drained, without salt	usda	16	1.03	3.3	0.17	1 cup, mashed:240|1 cup, sliced:180
sr:169291	Squash, summer, zucchini, includes skin, raw	usda	17	1.21	3.11	0.32	1 cup, chopped:124|1 cup, sliced:113|1 large:323|1 medium:196|1 slice:9.9|1 small:118
sr:169292	Squash, summer, zucchini, includes skin, cooked, boiled, drained, without salt	usda	15	1.14	2.69	0.36	1 cup, sliced:180|0.5 cup, mashed:120
sr:169293	Squash, winter, acorn, cooked, baked, without salt	usda	56	1.12	14.58	0.14	1 cup, cubes:205
sr:169294	Squash, winter, acorn, cooked, boiled, mashed, without salt	usda	34	0.67	8.79	0.08	1 cup, mashed:245
sr:169296	Squash, winter, butternut, cooked, baked, without salt	usda	40	0.9	10.49	0.09	1 cup, cubes:205
sr:169297	Squash, winter, hubbard, cooked, boiled, mashed, without salt	usda	30	1.48	6.46	0.37	1 cup, mashed:236
sr:169298	Squash, winter, spaghetti, raw	usda	31	0.64	6.91	0.57	1 cup, cubes:101
sr:169299	Squash, winter, spaghetti, cooked, boiled, drained, or baked, without salt	usda	27	0.66	6.46	0.26	1 cup:155
sr:169300	Succotash, (corn and limas), raw	usda	99	5.03	19.59	1.02	
sr:169301	Water convolvulus,raw	usda	19	2.6	3.13	0.2	1 cup, chopped:56|1 shoot:13
sr:169302	Water convolvulus, cooked, boiled, drained, without salt	usda	20	2.08	3.7	0.24	1 cup, chopped:98
sr:169303	Sweet potato leaves, raw	usda	42	2.49	8.82	0.51	1 cup, chopped:35|1 leaf (12-1/4" long):16
sr:169304	Sweet potato leaves, cooked, steamed, without salt	usda	35	2.18	7.38	0.34	1 cup:64
sr:169305	Sweet potato, canned, mashed	usda	101	1.98	23.19	0.2	1 cup:255|1 can (404 x 307):496
sr:169306	Sweet potato, frozen, unprepared (Includes foods for USDA's Food Distribution Program)	usda	96	1.71	22.22	0.18	1 cup, cubes:176
sr:169307	Sweet potato, frozen, cooked, baked, without salt	usda	100	1.71	23.4	0.12	1 cup, cubes:176
sr:169308	Taro, raw	usda	112	1.5	26.46	0.2	1 cup, sliced:104
sr:169309	Taro shoots, cooked, without salt	usda	14	0.73	3.2	0.08	1 cup slices:140
sr:169310	Taro, tahitian, raw	usda	44	2.79	6.91	0.97	1 cup slices:125
sr:169311	Artichokes, (globe or french), cooked, boiled, drained, with salt	usda	51	2.89	11.39	0.34	1 artichoke, medium:120|0.5 cup hearts:84
sr:169312	Artichokes, (globe or french), frozen, cooked, boiled, drained, with salt	usda	45	3.11	9.18	0.5	1 cup:168|1 package (9 oz), yields:240|0.33 package (9 oz) yields:80
sr:169313	Asparagus, cooked, boiled, drained, with salt	usda	22	2.4	4.11	0.22	0.5 cup:90|4 spears (1/2" base):60
sr:169314	Asparagus, canned, no salt added, solids and liquids	usda	15	1.8	2.48	0.18	0.5 cup:122|1 can (300 x 407):411
sr:169315	Beans, kidney, mature seeds, sprouted, cooked, boiled, drained, with salt	usda	33	4.83	4.72	0.58	
sr:169316	Lima beans, immature seeds, cooked, boiled, drained, with salt	usda	123	6.81	23.64	0.32	1 cup:170
sr:169317	Lima beans, immature seeds, canned, no salt added, solids and liquids	usda	71	4.07	13.33	0.29	1 cup:248|1 can (303 x 406):454
sr:169318	Lima beans, immature seeds, frozen, baby, cooked, boiled, drained, with salt	usda	105	6.65	19.45	0.3	1 cup:180|1 package (10 oz) yields:311
sr:169319	Beans, pinto, mature seeds, sprouted, cooked, boiled, drained, with salt	usda	20	1.86	3.5	0.32	
sr:169320	Beans, snap, yellow, raw	usda	31	1.82	7.13	0.12	1 cup 1/2" pieces:100|1 beans (4" long):55
sr:169321	Beans, snap, green, cooked, boiled, drained, with salt	usda	35	1.89	7.88	0.28	1 cup:125
sr:169322	Beans, snap, yellow, cooked, boiled, drained, without salt	usda	35	1.89	7.88	0.28	1 cup:125
sr:169323	Beans, snap, yellow, cooked, boiled, drained, with salt	usda	35	1.89	7.88	0.28	1 cup:125
sr:169324	Beans, snap, yellow, frozen, all styles, unprepared	usda	33	1.8	7.58	0.21	1 cup:121|1 package (10 oz):284
sr:169325	Beans, snap, green, frozen, cooked, boiled, drained, with salt	usda	28	1.49	6.45	0.17	1 cup:135
sr:169326	Beans, snap, yellow, frozen, cooked, boiled, drained, without salt	usda	28	1.49	6.45	0.17	1 cup:135
sr:169327	Beans, snap, yellow, frozen, cooked, boiled, drained, with salt	usda	28	1.49	6.45	0.17	1 cup:135
sr:169328	Broadbeans, immature seeds, cooked, boiled, drained, with salt	usda	62	4.8	10.1	0.5	
sr:169329	Broccoli, leaves, raw	usda	28	2.98	5.06	0.35	
sr:169330	Broccoli, flower clusters, raw	usda	28	2.98	5.06	0.35	1 cup flowerets:71|1 floweret:11
sr:169331	Broccoli, stalks, raw	usda	28	2.98	5.24	0.35	1 stalk:114
sr:169332	Brussels sprouts, frozen, cooked, boiled, drained, with salt	usda	42	3.64	8.32	0.39	1 cup:155
sr:169333	Burdock root, cooked, boiled, drained, with salt	usda	88	2.09	21.15	0.14	1 cup (1" pieces):125|1 root:166
sr:169334	Butterbur, cooked, boiled, drained, with salt	usda	8	0.23	2.16	0.02	
sr:169335	Cabbage, common (danish, domestic, and pointed types), freshly harvest, raw	usda	24	1.21	5.37	0.18	0.5 cup, shredded:35|1 head:908
sr:169336	Cabbage, common (danish, domestic, and pointed types), stored, raw	usda	24	1.21	5.37	0.18	0.5 cup, shredded:35|1 head:908
sr:169337	Cabbage, chinese (pe-tsai), cooked, boiled, drained, with salt	usda	14	1.5	2.41	0.17	1 cup, shredded:119|1 leaf:14
sr:169338	Cardoon, cooked, boiled, drained, with salt	usda	20	0.76	4.74	0.11	
sr:169339	Carrots, cooked, boiled, drained, with salt	usda	35	0.76	8.22	0.18	1 tbsp:9.7|0.5 cup slices:78|1 carrot:46
sr:169340	Carrots, canned, no salt added, solids and liquids	usda	23	0.59	5.36	0.14	0.5 cup slices:123|1 can (303 x 406):454
sr:169341	Celeriac, cooked, boiled, drained, with salt	usda	27	0.96	5.9	0.19	1 cup pieces:155
sr:169342	Celery, cooked, boiled, drained, with salt	usda	18	0.83	4	0.16	1 cup, diced:150|2 stalks:75
sr:169343	Chard, swiss, cooked, boiled, drained, with salt	usda	20	1.88	4.13	0.08	1 cup, chopped:175
sr:169344	Chayote, fruit, cooked, boiled, drained, with salt	usda	22	0.62	4.5	0.48	1 cup (1" pieces):160
sr:169345	Corn, sweet, yellow, canned, no salt added, solids and liquids (Includes foods for USDA's Food Distribution Program)	usda	61	1.95	13.86	0.77	1 cup:256|1 can (303 x 406):482
sr:169346	Corn, sweet, yellow, canned, cream style, no salt added	usda	72	1.74	18.13	0.42	1 cup:256|1 can (303 x 406):482
sr:169347	Corn, sweet, yellow, canned, vacuum pack, no salt added	usda	79	2.41	19.44	0.5	1 cup:210|1 can (303 x 406):340
sr:169348	Corn, sweet, yellow, frozen, kernels, cut off cob, boiled, drained, with salt	usda	79	2.55	18.71	0.67	1 cup:165|1 package (10 oz) yields:284
sr:169349	Corn, sweet, yellow, frozen, kernels on cob, cooked, boiled, drained, with salt	usda	94	3.11	22.33	0.74	1 cup kernels:165|1 ear, yields:63
sr:169350	Cress, garden, cooked, boiled, drained, with salt	usda	23	1.9	3.8	0.6	1 cup:135
sr:169351	Dandelion greens, cooked, boiled, drained, with salt	usda	33	2	6.4	0.6	1 cup, chopped:105
sr:169352	Eggplant, cooked, boiled, drained, with salt	usda	33	0.83	8.14	0.23	1 cup (1" cubes):99
sr:169353	Gourd, white-flowered (calabash), cooked, boiled, drained, with salt	usda	13	0.6	3.1	0.02	1 cup (1" cubes):146
sr:169354	Jute, potherb, cooked, boiled, drained, with salt	usda	37	3.68	7.29	0.2	1 cup:87
sr:169355	Kale, cooked, boiled, drained, with salt	usda	44	2.94	5.3	1.21	1 cup:118
sr:169356	Kale, frozen, cooked, boiled, drained, with salt	usda	36	2.94	5.3	1.21	1 cup:118
sr:169357	Kohlrabi, cooked, boiled, drained, with salt	usda	29	1.8	6.69	0.11	1 cup slices:165
sr:169358	Yambean (jicama), cooked, boiled, drained, with salt	usda	36	0.72	8.23	0.09	
sr:169359	Yardlong bean, cooked, boiled, drained, with salt	usda	47	2.53	9.17	0.1	1 cup slices:104|1 pod:14
sr:169360	Corn, sweet, white, canned, whole kernel, no salt added, solids and liquids	usda	64	1.95	15.41	0.5	1 cup:256|1 can (303 x 406):482
sr:169361	Corn, sweet, white, canned, whole kernel, drained solids	usda	67	2.29	14.34	1.22	1 cup:164|1 can (303 x 406):298
sr:169362	Corn, sweet, white, canned, cream style, regular pack	usda	74	1.74	18.62	0.42	1 cup:256|1 can (303 x 406):482
sr:169363	Corn, sweet, white, canned, cream style, no salt added	usda	72	1.74	18.13	0.42	1 cup:256|1 can (303 x 406):482
sr:169364	Corn, sweet, white, frozen, kernels cut off cob, boiled, drained, with salt	usda	80	2.75	19.56	0.43	1 cup:165|1 package (10 oz) yields:284
sr:169365	Corn, sweet, white, frozen, kernels on cob, unprepared	usda	98	3.28	23.5	0.78	1 cup kernels:165|1 ear, yields:125
sr:169366	Corn, sweet, white, frozen, kernels on cob, cooked, boiled, drained, without salt	usda	94	3.11	22.33	0.74	1 cup kernels:165|1 ear, yields:63
sr:169367	Corn, sweet, white, frozen, kernels on cob, cooked, boiled, drained, with salt	usda	94	3.11	22.33	0.74	1 cup kernels:165|1 ear, yields:63
sr:169368	Sesbania flower, cooked, steamed, with salt	usda	21	1.14	5.1	0.05	1 cup:104
sr:169369	Soybeans, mature seeds, sprouted, cooked, steamed, with salt	usda	81	8.47	6.53	4.45	1 cup:94
sr:169370	Soybeans, mature seeds, sprouted, cooked, stir-fried, with salt	usda	125	13.1	9.4	7.1	
sr:169371	Dock, cooked, boiled, drained, with salt	usda	20	1.83	2.93	0.64	
sr:169372	Potatoes, mashed, dehydrated, prepared from flakes without milk, whole milk and margarine added	usda	113	1.9	15.02	5.6	1 cup:210
sr:169373	Peppers, sweet, red, freeze-dried	usda	314	17.9	68.7	3	1 tbsp:0.4|0.25 cup:1.6
sr:169374	Beans, snap, yellow, canned, regular pack, drained solids	usda	20	1.15	4.5	0.1	1 cup:153|1 beans:62|1 can (303 x 406):262
sr:169375	Beans, snap, yellow, canned, no salt added, drained solids	usda	20	1.15	4.5	0.1	1 cup:153|1 beans:62|1 can (303 x 406):262
sr:169376	Mushroom, white, exposed to ultraviolet light, raw	usda	22	3.09	3.26	0.34	1 cup pieces or slices:70|1 cup whole:96|1 large:23|1 slice:6|1 medium:18|1 small:10
sr:169377	Mushrooms, portabella, exposed to ultraviolet light, grilled	usda	29	3.28	4.44	0.58	1 cup sliced:121
sr:169378	Pickles, cucumber, sweet (includes bread and butter pickles)	usda	91	0.58	21.15	0.41	1 cup, chopped:160|1 cup sliced or chips:153|1 large Gherkin (3" long):35|1 Gherkin (2-3/4" long):25|1 midget Gherkin (2-1/8" long):6|1 chip:7.5
sr:169379	Pickles, cucumber, sour	usda	11	0.33	2.26	0.2	1 cup:155|1 large (4" long):135|1 medium (3-3/4" long):65|1 slice:7|1 small:37|1 spear:30
sr:169380	Pickles, cucumber, sweet, low sodium (includes bread and butter pickles)	usda	122	0.37	33.73	0.26	1 slice:6|1 medium:35|1 small:15|1 large:35|1 cup, sliced:170|1 cup, chopped or diced:160
sr:169381	Catsup, low sodium	usda	101	1.04	27.4	0.1	1 tbsp:17|1 packet:9|1 cup:240
sr:169382	Mushrooms, enoki, raw	usda	37	2.66	7.81	0.29	1 large:5|1 medium:3|1 cup whole:64|1 cup sliced:65
sr:169383	Peppers, sweet, yellow, raw	usda	27	1	6.32	0.21	1 pepper, large (3-3/4" long, 3" dia):186|1 strips:52
sr:169384	Tomatoes, sun-dried, packed in oil, drained	usda	213	5.06	23.33	14.08	1 cup:110|1 piece:3
sr:169385	Fennel, bulb, raw	usda	31	1.24	7.3	0.2	1 cup, sliced:87|1 bulb:234
sr:169386	Pickle relish, hamburger	usda	129	0.63	34.48	0.54	1 tbsp:15|0.5 cup:122
sr:169387	Arugula, raw	usda	25	2.58	3.65	0.66	1 leaf:2|0.5 cup:10
sr:169388	Nopales, cooked, without salt	usda	15	1.35	3.28	0.05	1 cup:149|1 pad:29
sr:169389	Cauliflower, green, raw	usda	31	2.95	6.09	0.3	1 cup:64|1 floweret:25|1 head, large (6-7" dia):511|1 head, medium (5-6" dia):431|1 head, small (4" dia):325
sr:169390	Cauliflower, green, cooked, no salt added	usda	32	3.04	6.28	0.31	0.2 head:90
sr:169391	Cauliflower, green, cooked, with salt	usda	32	3.04	6.28	0.31	0.5 cup (1" pieces):62
sr:169392	Broccoli, chinese, cooked	usda	22	1.14	3.81	0.72	1 cup:88
sr:169393	Grape leaves, canned	usda	69	4.27	11.71	1.97	1 leaf:4
sr:169394	Pepper, banana, raw	usda	27	1.66	5.35	0.45	1 cup:124|1 small (4" long):33|1 medium (4-1/2" long):46|1 large (5" long):75
sr:169395	Peppers, serrano, raw	usda	32	1.74	6.7	0.44	1 cup, chopped:105|1 pepper:6.1
sr:169396	Peppers, ancho, dried	usda	281	11.86	51.42	8.2	1 pepper:17
sr:169397	Pickles, chowchow, with cauliflower onion mustard, sweet	usda	121	1.5	26.64	0.9	1 cup:245
sr:169398	Epazote, raw	usda	32	0.33	7.44	0.52	1 tbsp:0.8|1 sprig:2
sr:169399	Fireweed, leaves, raw	usda	103	4.71	19.22	2.75	1 cup, chopped:23|1 plant:22
sr:169400	Malabar spinach, cooked	usda	23	2.98	2.71	0.78	1 cup:44|1 bunch:17
sr:169401	Yautia (tannier), raw	usda	98	1.46	23.63	0.4	1 cup, sliced:135|1 root:305
sr:169402	Mushrooms, white, microwaved	usda	35	3.91	6.04	0.46	
sr:169403	Mushrooms, maitake, raw	usda	31	1.94	6.97	0.19	1 cup diced:70|1 piece whole:1.1
sr:169404	Broccoli, chinese, raw	usda	26	1.2	4.67	0.76	
sr:169405	Fiddlehead ferns, raw	usda	34	4.55	5.54	0.4	
sr:169406	Seeds, sesame butter, tahini, from unroasted kernels (non-chemically removed seed coat)	usda	607	17.95	17.89	56.44	1 tbsp:14|1 oz:28.4
sr:169407	Seeds, watermelon seed kernels, dried	usda	557	28.33	15.31	47.37	1 cup:108|1 oz:28.4
sr:169408	Nuts, chestnuts, japanese, dried	usda	360	5.25	81.43	1.24	1 cup:155|1 oz:28.4
sr:169409	Nuts, coconut milk, frozen (liquid expressed from grated meat and water)	usda	202	1.61	5.58	20.8	1 cup:240|1 tbsp:15
sr:169410	Seeds, sesame butter, tahini, from raw and stone ground kernels	usda	570	17.81	26.19	48	1 tbsp:15|1 oz:28.4
sr:169411	Nuts, formulated, wheat-based, all flavors except macadamia, without salt	usda	647	13.11	20.79	62.3	1 oz:28.4
sr:169412	Seeds, sesame seed kernels, dried (decorticated)	usda	631	20.45	11.73	61.21	1 cup:150|1 tbsp:8|1 tsp:2.7
sr:169413	Nuts, chestnuts, japanese, raw	usda	154	2.25	34.91	0.53	1 oz:28.4
sr:169414	Seeds, flaxseed	usda	534	18.29	28.88	42.16	1 tbsp, whole:10.3|1 cup, whole:168|1 tbsp, ground:7|1 tsp, whole:3.4|1 tsp, ground:2.5
sr:169415	Seeds, pumpkin and squash seed kernels, roasted, with salt added	usda	574	29.84	14.71	49.05	1 cup:118|1 oz:28.4
sr:169416	Seeds, sesame seed kernels, toasted, with salt added (decorticated)	usda	567	16.96	26.04	48	1 cup:128|1 oz:28.4
sr:169417	Seeds, sunflower seed kernels from shell, dry roasted, with salt added	usda	546	19.33	15.31	49.8	1 cup:128|1 oz:28.4|1 package (1.875 oz) yields:27
sr:169419	Nuts, almonds, oil roasted, with salt added	usda	607	21.23	17.68	55.17	1 cup whole kernels:157|1 oz (22 whole kernels):28.4
sr:169420	Nuts, almonds, oil roasted, with salt added, smoke flavor	usda	607	21.43	17.86	55.89	1 oz (28 almonds):28
sr:169421	Nuts, cashew nuts, dry roasted, with salt added	usda	574	15.31	32.69	46.35	1 cup, halves and whole:137|1 oz:28.4
sr:169422	Nuts, cashew nuts, oil roasted, with salt added	usda	581	16.84	30.16	47.77	1 cup, whole:129|1 cup, halves and pieces:129|1 oz (18 kernels):28.4
sr:169423	Nuts, mixed nuts, oil roasted, without peanuts, with salt added	usda	615	15.52	22.27	56.17	1 cup:144|1 oz:28.4
sr:169424	Nuts, pecans, dry roasted, with salt added	usda	710	9.5	13.55	74.27	1 oz:28.4
sr:169425	Nuts, pecans, oil roasted, with salt added	usda	715	9.2	13.01	75.23	1 cup:110|1 oz (15 halves):28.4
sr:169426	Nuts, pistachio nuts, dry roasted, with salt added	usda	569	21.05	27.55	45.82	1 cup:123|1 oz (49 kernels):28.4|1 kernel:0.7
sr:169427	Nuts, mixed nuts, oil roasted, with peanuts, lightly salted	usda	607	20.04	21.05	53.95	1 oz:28.4
sr:169428	Nuts, mixed nuts, oil roasted, without peanuts, lightly salted	usda	607	17.86	25	50	1 oz:28.4
sr:169429	Beef, grass-fed, strip steaks, lean only, raw	usda	117	23.07	0	2.69	4 oz:113|1 steak:214
sr:169430	Beef, carcass, separable lean and fat, choice, raw	usda	291	17.32	0	24.05	1 oz:28.4|1 lb:453.6
sr:169431	Beef, carcass, separable lean and fat, select, raw	usda	278	17.48	0	22.55	1 oz:28.4|1 lb:453.6
sr:169432	Beef, brisket, flat half, separable lean and fat, trimmed to 1/8" fat, select, cooked, braised	usda	280	28.97	0	17.37	3 oz:85|1 steak:350
sr:169433	Beef, flank, steak, separable lean and fat, trimmed to 0" fat, choice, raw	usda	165	21.22	0	8.29	1 oz:28.4|4 oz:113|1 steak:202
sr:169434	Beef, flank, steak, separable lean and fat, trimmed to 0" fat, choice, cooked, braised	usda	263	26.98	0	16.44	3 oz:85|1 piece, cooked, excluding refuse (yield from 1 lb raw meat with refuse):262
sr:169435	Beef, flank, steak, separable lean and fat, trimmed to 0" fat, choice, cooked, broiled	usda	202	27.55	0	9.31	3 oz:85|1 steak (yield from 483 g raw meat):387
sr:169436	Beef, rib, eye, small end (ribs 10-12), separable lean and fat, trimmed to 0" fat, choice, cooked, broiled	usda	265	26.58	0	16.76	3 oz:85|1 steak (yield from 297 g raw meat):236
sr:169437	Beef, rib, eye, small end (ribs 10-12), separable lean only, trimmed to 0" fat, choice, raw	usda	161	20.13	0	8.3	1 oz:28.4|1 lb:453.6
sr:169438	Beef, rib, eye, small end (ribs 10-12), separable lean only, trimmed to 0" fat, choice, cooked, broiled	usda	205	28.88	0	9.01	3 oz:85|1 steak (yield from 297g raw meat):236
sr:169439	Beef, rib, shortribs, separable lean and fat, choice, raw	usda	390	14.4	0.4	36.23	4 oz:113|1 lb:453.6
sr:169440	Beef, brisket, flat half, separable lean and fat, trimmed to 0" fat, choice, cooked, braised	usda	221	32.21	0	9.24	3 oz:85|1 steak (Yield from 448 g raw meat):293
sr:169441	Beef, shank crosscuts, separable lean only, trimmed to 1/4" fat, choice, raw	usda	128	21.75	0	3.85	1 oz:28.4|1 lb:453.6
sr:169442	Beef, shank crosscuts, separable lean only, trimmed to 1/4" fat, choice, cooked, simmered	usda	201	33.68	0	6.36	3 oz:85|1 piece, cooked, excluding refuse (yield from 1 lb raw meat with refuse):170
sr:169443	Beef, short loin, porterhouse steak, separable lean only, trimmed to 1/8" fat, choice, raw	usda	161	22.13	0	7.39	4 oz:113|1 steak:539
sr:169444	Beef, chuck, under blade pot roast, boneless, separable lean only, trimmed to 0" fat, all grades, cooked, braised	usda	216	30.54	0	10.46	3 oz:85|1 roast:647
sr:169445	Beef, chuck, under blade pot roast or steak, boneless, separable lean only, trimmed to 0" fat, all grades, raw	usda	140	21.13	0.31	6.07	4 oz:113|1 steak:679|1 roast:960
sr:169446	Beef, chuck, under blade pot roast or steak, boneless, separable lean only, trimmed to 0" fat, choice, raw	usda	145	21.19	0.39	6.51	4 oz:113|1 steak:648|1 roast:949
sr:169447	Beef, ground, patties, frozen, cooked, broiled	usda	295	23.05	0	21.83	3 oz:85|1 unit, cooked (yield from 1 lb raw meat):313
sr:169448	Beef, variety meats and by-products, heart, cooked, simmered	usda	165	28.48	0.15	4.73	3 oz:85
sr:169449	Beef, variety meats and by-products, kidneys, raw	usda	99	17.4	0.29	3.09	1 oz:28.4|4 oz:113
sr:169450	Beef, variety meats and by-products, kidneys, cooked, simmered	usda	158	27.27	0	4.65	3 oz:85
sr:169451	Beef, variety meats and by-products, liver, raw	usda	135	20.36	3.89	3.63	4 oz:113
sr:169452	Beef, variety meats and by-products, pancreas, raw	usda	235	15.7	0	18.6	1 oz:28.4|4 oz:113
sr:169453	Beef, variety meats and by-products, pancreas, cooked, braised	usda	271	27.1	0	17.2	3 oz:85|1 piece, cooked, excluding refuse (yield from 1 lb raw meat with refuse):222
sr:169454	Beef, variety meats and by-products, spleen, raw	usda	105	18.3	0	3	1 oz:28.4|4 oz:113
sr:169455	Beef, loin, top loin steak, boneless, lip off, separable lean only, trimmed to 0" fat, choice, cooked, grilled	usda	211	29.22	0	9.52	3 oz:85|1 steak (yield from 203 g raw meat):164
sr:169456	Beef, loin, top loin steak, boneless, lip off, separable lean only, trimmed to 0" fat, select, cooked, grilled	usda	189	29.99	0	6.74	3 oz:85|1 steak (yield from 186 g raw meat):150
sr:169457	Beef, top sirloin, steak, separable lean and fat, trimmed to 0" fat, all grades, cooked, broiled	usda	212	29.33	0	9.67	3 oz:85|1 steak (yield from 518 g raw meat):384
sr:169458	Beef, top sirloin, steak, separable lean and fat, trimmed to 0" fat, choice, cooked, broiled	usda	219	29.02	0	10.54	3 oz:85|1 steak (yield from 532 g raw meat):393
sr:169459	Beef, short loin, porterhouse steak, separable lean and fat, trimmed to 0" fat, all grades, cooked, broiled	usda	276	23.96	0	19.27	3 oz:85|1 lb:453.6
sr:169460	Beef, short loin, porterhouse steak, separable lean and fat, trimmed to 0" fat, USDA choice, cooked, broiled	usda	283	23.61	0	20.15	3 oz:85|1 lb:453.6
sr:169461	Beef, short loin, porterhouse steak, separable lean and fat, trimmed to 0" fat, USDA select, cooked, broiled	usda	267	24.47	0	17.98	3 oz ( 1serving ):85|1 lb:453.6
sr:169462	Beef, short loin, porterhouse steak, separable lean only, trimmed to 1/8" fat, all grades, raw	usda	155	22.32	0	6.6	4 oz:113|1 steak:534
sr:169463	Beef, short loin, porterhouse steak, separable lean only, trimmed to 0" fat, select, cooked, broiled	usda	194	26.89	0	8.81	3 oz:85|1 serving:85|1 piece, cooked, excluding refuse:256
sr:169464	Beef, short loin, t-bone steak, separable lean and fat, trimmed to 0" fat, all grades, cooked, broiled	usda	247	24.18	0	15.93	3 oz:85|1 lb:453.6
sr:169465	Beef, short loin, t-bone steak, separable lean and fat, trimmed to 0" fat, USDA choice, cooked, broiled	usda	258	24.05	0	17.26	3 oz:85|1 lb:453.6
sr:169466	Beef, short loin, t-bone steak, separable lean and fat, trimmed to 0" fat, USDA select, cooked, broiled	usda	230	24.38	0	14	3 oz:85|1 lb:453.6
sr:169467	Beef, short loin, t-bone steak, bone-in, separable lean only, trimmed to 1/8" fat, select, cooked, grilled	usda	206	28.45	0	9.35	3 oz:85|1 steak:368
sr:169468	Beef, short loin, t-bone steak, separable lean only, trimmed to 0" fat, select, cooked, broiled	usda	177	26	0	7.36	3 oz:85|1 serving:85|1 piece, cooked, excluding refuse:264
sr:169469	Beef, brisket, flat half, separable lean only, trimmed to 0" fat, select, cooked, braised	usda	198	33.9	0	5.92	3 oz:85|1 steak:247
sr:169470	Beef, round, tip round, roast, separable lean and fat, trimmed to 0" fat, all grades, raw	usda	151	20.48	0	7.01	4 oz:113|1 roast:1289
sr:169471	Beef, round, top round steak, boneless, separable lean only, trimmed to 0" fat, choice, cooked, grilled	usda	166	30.24	0	4.11	3 oz:85|1 steak:284
sr:169472	Beef, round, top round steak, boneless, separable lean only, trimmed to 0" fat, select, cooked, grilled	usda	158	29.81	0	3.37	3 oz:85|1 steak:269
sr:169473	Beef, ground, 70% lean meat / 30% fat, crumbles, cooked, pan-browned	usda	270	25.56	0	17.86	3 oz:85|1 portion (yield from 1/2 lb raw meat ):139
sr:169474	Beef, ground, 70% lean meat / 30% fat, loaf, cooked, baked	usda	241	23.87	0	15.37	3 oz:85|1 loaf ( yield from 1 lb raw meat ):284
sr:169475	Beef, shoulder top blade steak, boneless, separable lean only, trimmed to 0" fat, choice, cooked, grilled	usda	202	28.28	0	9.83	3 oz:85|1 steak:177
sr:169476	Beef, shoulder top blade steak, boneless, separable lean only, trimmed to 0" fat, select, cooked, grilled	usda	187	27.96	0	8.34	3 oz:85|1 steak:199
sr:169477	Beef, shoulder top blade steak, boneless, separable lean only, trimmed to 0" fat, all grades, raw	usda	139	20.36	0	6.42	4 oz:113|1 steak:1438
sr:169478	Beef, shoulder top blade steak, boneless, separable lean only, trimmed to 0" fat, choice, raw	usda	143	20.35	0	6.88	4 oz:113|1 steak:1432
sr:169479	Beef, shoulder top blade steak, boneless, separable lean and fat, trimmed to 0" fat, all grades, cooked, grilled	usda	210	27.59	0	11.07	3 oz:85|1 steak:186
sr:169480	Beef, shoulder pot roast or steak, boneless, separable lean only, trimmed to 0" fat, all grades, raw	usda	123	21.64	0	4.09	4 oz:113|1 steak:1027|1 roast:1316
sr:169481	Beef, shoulder pot roast or steak, boneless, separable lean only, trimmed to 0" fat, choice, raw	usda	125	21.45	0.11	4.35	4 oz:113
sr:169482	Beef, shoulder pot roast or steak, boneless, separable lean only, trimmed to 0" fat, select, raw	usda	121	21.93	0	3.7	4 oz:113|1 steak:1106|1 roast:1320
sr:169483	Beef, composite of trimmed retail cuts, separable lean and fat, trimmed to 1/8" fat, all grades, raw	usda	215	20.01	0	14.42	4 oz:113
sr:169484	Beef, composite of trimmed retail cuts, separable lean and fat, trimmed to 1/8" fat, all grades, cooked	usda	259	26.11	0	16.59	3 oz:85
sr:169485	Beef, composite of trimmed retail cuts, separable lean and fat, trimmed to 1/8" fat, choice, raw	usda	224	19.79	0	15.42	4 oz:113
sr:169486	Beef, composite of trimmed retail cuts, separable lean and fat, trimmed to 1/8" fat, choice, cooked	usda	268	25.85	0	17.68	3 oz:85
sr:169487	Beef, composite of trimmed retail cuts, separable lean and fat, trimmed to 1/8" fat, select, raw	usda	193	19.06	0	12.4	4 oz:113
sr:169488	Beef, brisket, flat half, separable lean and fat, trimmed to 1/8" fat, all grades, cooked, braised	usda	289	28.82	0	18.42	3 oz:85|1 steak (yield from raw steak weighing 550 g):380
sr:169489	Beef, brisket, point half, separable lean and fat, trimmed to 1/8" fat, all grades, raw	usda	267	17.65	0.59	20.98	4 oz:113|1 lb:453.6
sr:169490	Beef, brisket, point half, separable lean and fat, trimmed to 1/8" fat, all grades, cooked, braised	usda	349	24.4	0	27.17	3 oz:85|1 piece, cooked, excluding refuse (yield from 1 lb raw meat with refuse):332
sr:169491	Beef, chuck, arm pot roast, separable lean and fat, trimmed to 1/8" fat, all grades, raw	usda	244	19.23	0	17.98	4 oz:113|1 lb:453.6
sr:169492	Beef, chuck, arm pot roast, separable lean and fat, trimmed to 1/8" fat, select, cooked, braised	usda	295	30.05	0	18.5	3 oz:85|1 piece, cooked, excluding refuse (yield from 1 lb raw meat with refuse):257
sr:169493	Beef, chuck, blade roast, separable lean and fat, trimmed to 1/8" fat, all grades, raw	usda	248	17.16	0	19.41	4 oz:113|1 lb:453.6
sr:169494	Beef, chuck, blade roast, separable lean and fat, trimmed to 1/8" fat, all grades, cooked, braised	usda	341	26.78	0	25.12	3 oz:85|1 piece, cooked, excluding refuse (yield from 1 lb raw meat with refuse):247
sr:169495	Beef, chuck, blade roast, separable lean and fat, trimmed to 1/8" fat, choice, raw	usda	268	16.98	0.97	21.31	4 oz:113|1 lb:453.6
sr:169496	Beef, chuck eye roast, boneless, America's Beef Roast, separable lean only, trimmed to 0" fat, choice, cooked, roasted	usda	190	26.41	0	9.36	3 oz:85|1 roast:586
sr:169497	Beef, chuck eye roast, boneless, America's Beef Roast, separable lean only, trimmed to 0" fat, select, cooked, roasted	usda	172	27.02	0	7.12	3 oz:85|1 roast:645
sr:169498	Beef, rib, whole (ribs 6-12), separable lean and fat, trimmed to 1/8" fat, all grades, raw	usda	306	16.53	0	26.1	1 oz:28.4|1 lb:453.6
sr:169499	Beef, rib, whole (ribs 6-12), separable lean and fat, trimmed to 1/8" fat, all grades, cooked, broiled	usda	337	22.42	0	26.75	3 oz:85|1 piece, cooked, excluding refuse (yield from 1 lb raw meat with refuse):267
sr:169500	Beef, rib, whole (ribs 6-12), separable lean and fat, trimmed to 1/8" fat, all grades, cooked, roasted	usda	351	22.77	0	28.11	3 oz:85|1 piece, cooked, excluding refuse (yield from 1 lb raw meat with refuse):289
sr:169501	Beef, rib, whole (ribs 6-12), separable lean and fat, trimmed to 1/8" fat, select, cooked, broiled	usda	315	22.73	0	24.2	3 oz:85|1 piece, cooked, excluding refuse (yield from 1 lb raw meat with refuse):264
sr:169502	Beef, rib, whole (ribs 6-12), separable lean and fat, trimmed to 1/8" fat, select, cooked, roasted	usda	330	23.1	0	25.63	3 oz:85|1 piece, cooked, excluding refuse (yield from 1 lb raw meat with refuse):289
sr:169503	Beef, rib, whole (ribs 6-12), separable lean and fat, trimmed to 1/8" fat, prime, raw	usda	355	16.15	0	31.66	4 oz:113|1 lb:453.6
sr:169504	Beef, rib, whole (ribs 6-12), separable lean and fat, trimmed to 1/8" fat, prime, cooked, broiled	usda	386	21.95	0	32.38	3 oz:85|1 piece, cooked, excluding refuse (yield from 1 lb raw meat with refuse):274
sr:169505	Beef, rib, large end (ribs 6-9), separable lean and fat, trimmed to 1/8" fat, choice, raw	usda	333	16.03	0	29.34	1 oz:28.4|1 lb:453.6
sr:169506	Beef, rib, large end (ribs 6-9), separable lean and fat, trimmed to 1/8" fat, choice, cooked, broiled	usda	370	20.86	0	31.18	3 oz:85|1 piece, cooked, excluding refuse (yield from 1 lb raw meat with refuse):267
sr:169507	Beef, rib, large end (ribs 6-9), separable lean and fat, trimmed to 1/8" fat, choice, cooked, roasted	usda	378	22.5	0	31.28	3 oz:85|1 piece, cooked, excluding refuse (yield from 1 lb raw meat with refuse):296
sr:169508	Beef, rib, large end (ribs 6-9), separable lean and fat, trimmed to 1/8" fat, select, raw	usda	295	16.52	0	24.85	1 oz:28.4|1 lb:453.6
sr:169509	Beef, rib, small end (ribs 10-12), separable lean and fat, trimmed to 1/8" fat, all grades, raw	usda	254	19.33	0	19.06	4 oz:113|1 lb:453.6
sr:169510	Beef, rib, small end (ribs 10-12), separable lean and fat, trimmed to 1/8" fat, all grades, cooked, broiled	usda	291	25.85	0	20.04	3 oz:85|1 piece, cooked, excluding refuse (yield from 1 lb raw meat with refuse):268
sr:169511	Beef, rib, small end (ribs 10-12), separable lean and fat, trimmed to 1/8" fat, all grades, cooked, roasted	usda	341	22.54	0	27.14	3 oz:85|1 piece, cooked, excluding refuse (yield from 1 lb raw meat with refuse):282
sr:169512	Beef, rib, small end (ribs 10-12), separable lean and fat, trimmed to 1/8" fat, choice, raw	usda	263	19.09	0	20.13	4 oz:113|1 lb:453.6
sr:169513	Beef, rib, small end (ribs 10-12), separable lean and fat, trimmed to 1/8" fat, select, cooked, roasted	usda	323	22.76	0	25.02	3 oz:85|1 piece, cooked, excluding refuse (yield from 1 lb raw meat with refuse):285
sr:169514	Beef, rib, small end (ribs 10-12), separable lean and fat, trimmed to 1/8" fat, prime, raw	usda	335	16.74	0.06	29.18	4 oz:113|1 lb:453.6
sr:169515	Beef, rib, small end (ribs 10-12), separable lean and fat, trimmed to 1/8" fat, prime, cooked, broiled	usda	354	24.13	0	27.86	3 oz:85|1 piece, cooked, excluding refuse (yield from 1 lb raw meat with refuse):268
sr:169516	Beef, rib, small end (ribs 10-12), separable lean and fat, trimmed to 1/8" fat, prime, cooked, roasted	usda	411	22.15	0	35.12	3 oz:85|1 piece, cooked, excluding refuse (yield from 1 lb raw meat with refuse):276
sr:169517	Beef, round, full cut, separable lean and fat, trimmed to 1/8" fat, select, raw	usda	184	20.56	0	10.68	4 oz:113|1 lb:453.6
sr:169518	Beef, round, full cut, separable lean and fat, trimmed to 1/8" fat, select, cooked, broiled	usda	218	27.58	0	11.08	3 oz:85|1 piece, cooked, excluding refuse (yield from 1 lb raw meat with refuse):313
sr:169519	Beef, round, bottom round, steak, separable lean and fat, trimmed to 1/8" fat, all grades, raw	usda	192	20.7	0	11.54	4 oz:113|1 lb:453.6
sr:169520	Beef, round, bottom round, steak, separable lean and fat, trimmed to 1/8" fat, all grades, cooked, braised	usda	247	32.76	0	11.87	3 oz:85|1 piece, cooked, excluding refuse (yield from 1 lb raw meat with refuse):281
sr:169521	Beef, round, bottom round, steak, separable lean and fat, trimmed to 1/8" fat, select, cooked, braised	usda	240	32.67	0	11.19	3 oz:85|1 steak (yield from raw steak weighing 340g):226
sr:169522	Beef, round, bottom round, roast, separable lean and fat, trimmed to 1/8" fat, select, cooked, roasted	usda	212	26.77	0	10.85	3 oz:85|1 piece, cooked, excluding refuse (yield from 1 lb raw meat with refuse):338|1 roast (yield from 1 raw roast weighing 786g):636
sr:169523	Beef, round, eye of round, roast, separable lean and fat, trimmed to 1/8" fat, all grades, raw	usda	166	21.49	0	8.24	4 oz:113|1 lb:453.6
sr:169524	Beef, round, eye of round, roast, separable lean and fat, trimmed to 1/8" fat, all grades, cooked, roasted	usda	208	28.31	0	9.65	3 oz:85|1 piece, cooked, excluding refuse (yield from 1 lb raw meat with refuse):333
sr:169525	Beef, round, tip round, separable lean and fat, trimmed to 1/8" fat, all grades, raw	usda	189	19.6	0	11.67	4 oz:113|1 lb:453.6
sr:169526	Beef, round, tip round, roast, separable lean and fat, trimmed to 1/8" fat, all grades, cooked, roasted	usda	219	27.45	0	11.34	3 oz:85|1 piece, cooked, excluding refuse (yield from 1 lb raw meat with refuse):326
sr:169527	Beef, round, tip round, separable lean and fat, trimmed to 1/8" fat, choice, raw	usda	199	19.48	0	12.83	4 oz:113|1 lb:453.6
sr:169528	Beef, round, tip round, roast, separable lean and fat, trimmed to 1/8" fat, choice, cooked, roasted	usda	228	27.27	0	12.34	3 oz:85|1 piece, cooked, excluding refuse (yield from 1 lb raw meat with refuse):325
sr:169529	Beef, round, top round, steak, separable lean and fat, trimmed to 1/8" fat, all grades, raw	usda	166	22.06	0	7.93	4 oz:113|1 lb:453.6
sr:169530	Beef, round, top round, separable lean and fat, trimmed to 1/8" fat, all grades, cooked, braised	usda	238	34.34	0	10.13	3 oz:85|1 piece, cooked, excluding refuse (yield from 1 lb raw meat with refuse):286
sr:169531	Beef, round, top round steak, separable lean and fat, trimmed to 1/8" fat, all grades, cooked, broiled	usda	204	30.67	0	9	3 oz:85|1 piece, cooked, excluding refuse (yield from 1 lb raw meat with refuse):326
sr:169532	Beef, round, top round, steak, separable lean and fat, trimmed to 1/8" fat, choice, raw	usda	168	21.94	0	8.19	4 oz:113|1 lb:453.6
sr:169533	Beef, round, top round, steak, separable lean and fat, trimmed to 1/8" fat, select, cooked, broiled	usda	201	30.63	0	7.73	3 oz:85|1 steak (yield from raw steak weighing 491g):359|1 piece, cooked, excluding refuse (yield from 1 lb raw meat with refuse):329
sr:169534	Beef, round, top round, separable lean and fat, trimmed to 1/8" fat, prime, raw	usda	173	22.24	0	8.67	4 oz:113|1 lb:453.6
sr:169535	Beef, round, top round, steak, separable lean and fat, trimmed to 1/8" fat, prime, cooked, broiled	usda	225	31.27	0	10.1	3 oz:85|1 piece, cooked, excluding refuse (yield from 1 lb raw meat with refuse):332
sr:169536	Beef, shoulder top blade steak, boneless, separable lean and fat, trimmed to 0" fat, select, raw	usda	137	20.28	0	6.21	4 oz:113|1 steak:252
sr:169537	Beef, short loin, t-bone steak, separable lean and fat, trimmed to 1/8" fat, choice, cooked, grilled	usda	294	24.21	0	21.13	3 oz:85|1 steak:360
sr:169538	Beef, short loin, top loin, steak, separable lean and fat, trimmed to 1/8" fat, all grades, raw	usda	228	20.61	0	15.49	4 oz:113
sr:169539	Beef, loin, top loin, separable lean and fat, trimmed to 1/8" fat, all grades, cooked, grilled	usda	264	26.44	0	16.78	3 oz:85|1 steak:213
sr:169540	Beef, loin, top loin, separable lean and fat, trimmed to 1/8" fat, choice, raw	usda	237	19.32	0	17.1	4 oz:113|1 steak:301
sr:169541	Beef, short loin, top loin, separable lean and fat, trimmed to 1/8" fat, prime, cooked, broiled	usda	310	25.92	0	22.12	3 oz:85|1 steak, excluding refuse (yield from 1 raw steak, with refuse, weighing 242 g):167
sr:169542	Beef, tenderloin, steak, separable lean and fat, trimmed to 1/8" fat, all grades, raw	usda	247	19.61	0	18.16	4 oz:113|1 steak:164
sr:169543	Beef, tenderloin, steak, separable lean and fat, trimmed to 1/8" fat, all grades, cooked, broiled	usda	267	26.46	0	17.12	3 oz:85|1 steak, excluding refuse (yield from 1 raw steak, with refuse, weighing 154 g):104
sr:169544	Beef, tenderloin, roast, separable lean and fat, trimmed to 1/8" fat, all grades, cooked, roasted	usda	324	23.9	0	24.6	3 oz:85|1 piece, cooked, excluding refuse (yield from 1 lb raw meat with refuse):330
sr:169545	Beef, tenderloin, steak, separable lean and fat, trimmed to 1/8" fat, choice, raw	usda	246	19.82	0	17.88	4 oz:113|1 steak:177
sr:169546	Beef, tenderloin, roast, separable lean and fat, trimmed to 1/8" fat, select, cooked, roasted	usda	316	23.9	0	23.7	3 oz:85|1 piece, cooked, excluding refuse (yield from 1 lb raw meat with refuse):329
sr:169547	Beef, tenderloin, separable lean and fat, trimmed to 1/8" fat, prime, raw	usda	274	18.15	0	21.83	1 oz:28.4|1 lb:453.6
sr:169548	Beef, tenderloin, steak, separable lean and fat, trimmed to 1/8" fat, prime, cooked, broiled	usda	308	25.26	0	22.21	3 oz:85|1 steak, excluding refuse (yield from 1 raw steak, with refuse, weighing 154 g):106
sr:169549	Beef, tenderloin, roast, separable lean and fat, trimmed to 1/8" fat, prime, cooked, roasted	usda	343	24.04	0	26.67	3 oz:85|1 piece, cooked, excluding refuse (yield from 1 lb raw meat with refuse):326
sr:169550	Beef, top sirloin, steak, separable lean and fat, trimmed to 1/8" fat, choice, cooked, pan-fried	usda	313	28.77	0	21.06	3 oz:85|1 piece, cooked, excluding refuse (yield from 1 lb raw meat with refuse):307
sr:169551	Beef, top sirloin, steak, separable lean and fat, trimmed to 1/8" fat, select, raw	usda	189	20.68	0	11.13	4 oz:113|1 steak:594
sr:169552	Beef, top sirloin, steak, separable lean and fat, trimmed to 1/8" fat, select, cooked, broiled	usda	230	27.12	0	12.71	3 oz:85|1 steak (yield from 1 raw steak weighing 624g):485
sr:169553	Beef, chuck, clod roast, separable lean only, trimmed to 0" fat, choice, cooked, roasted	usda	171	25.95	0	6.69	3 oz:85
sr:169554	Beef, flank, steak, separable lean and fat, trimmed to 0" fat, select, cooked, broiled	usda	183	27.78	0	7.15	3 oz:85|1 steak (yield from 467 g raw meat):379
sr:169555	Beef, brisket, flat half, separable lean and fat, trimmed to 0" fat, select, cooked, braised	usda	205	33.59	0	6.77	3 oz:85|1 steak (yield from 388 g raw meat):247
sr:169556	Beef, rib eye, small end (ribs 10-12), separable lean and fat, trimmed to 0" fat, select, cooked, broiled	usda	234	27.95	0	12.71	3 oz:85|1 steak (yield from 294 g raw meat):231
sr:169557	Beef, rib eye, small end (ribs 10-12), separable lean and fat, trimmed to 0" fat, all grades, cooked, broiled	usda	249	27.27	0	14.74	3 oz:85|1 steak (yield from 295 g raw meat):233
sr:169558	Beef, bottom sirloin, tri-tip roast, separable lean and fat, trimmed to 0" fat, all grades, cooked, roasted	usda	211	26.05	0	11.07	3 oz:85|1 roast (yield from 690g raw meat):569
sr:169559	Beef, bottom sirloin, tri-tip roast, separable lean and fat, trimmed to 0" fat, select, raw	usda	157	20.64	0	7.68	4 oz:113|1 roast:252
sr:169560	Beef, round, top round steak, boneless, separable lean and fat, trimmed to 0" fat, all grades, cooked, grilled	usda	167	29.96	0	4.28	3 oz:85|1 steak (yield from 381 g raw meat):277
sr:169561	Beef, chuck, mock tender steak, separable lean only, trimmed to 0" fat, choice, cooked, broiled	usda	161	25.74	0	5.69	3 oz (1 serving):85
sr:169562	Beef, chuck, mock tender steak, separable lean only, trimmed to 0" fat, select, cooked, broiled	usda	157	26.13	0	5.02	4 oz:113
sr:169563	Beef, flank, steak, separable lean and fat, trimmed to 0" fat, all grades, raw	usda	155	21.22	0	7.17	4 oz:113|1 steak:188
sr:169564	Beef, flank, steak, separable lean and fat, trimmed to 0" fat, select, raw	usda	145	21.22	0	6.06	4 oz:113|1 steak:173
sr:169565	Beef, chuck eye roast, boneless, America's Beef Roast, separable lean only, trimmed to 0" fat, all grades, raw	usda	137	20.61	0	6.01	4 oz:113|1 roast:1289
sr:169566	Beef, chuck eye roast, boneless, America's Beef Roast, separable lean only, trimmed to 0" fat, choice, raw	usda	139	20.67	0	6.21	4 oz:113|1 roast:1263
sr:169567	Beef, chuck, short ribs, boneless, separable lean only, trimmed to 0" fat, choice, cooked, braised	usda	250	28.84	0	14.95	3 oz:85|1 piece:272
sr:169568	Beef, chuck, short ribs, boneless, separable lean only, trimmed to 0" fat, select, cooked, braised	usda	224	28.79	0	12.08	3 oz:85|1 piece:315
sr:169569	Beef, chuck, short ribs, boneless, separable lean only, trimmed to 0" fat, all grades, cooked, braised	usda	240	28.82	0	13.8	3 oz:85|1 piece:289
sr:169570	Beef, brisket, flat half, boneless, separable lean and fat, trimmed to 0" fat, select, raw	usda	158	20.57	0	8.45	4 oz:113|1 piece:514
sr:169571	Beef, loin, bottom sirloin butt, tri-tip roast, separable lean only, trimmed to 0" fat, all grades, cooked, roasted	usda	182	26.75	0	8.34	3 oz:85|1 serving:85|1 roast:569
sr:169572	Alcoholic beverage, beer, light, BUD LIGHT	usda	29	0.25	1.3	0	1 fl oz:29.5|12 fl oz:354
sr:169573	Alcoholic beverage, daiquiri, canned	usda	125	0	15.7	0	1 fl oz:30.5|1 can (6.8 fl oz, 200 ml):207
sr:169574	Alcoholic beverage, daiquiri, prepared-from-recipe	usda	186	0.06	6.94	0.06	1 fl oz:30.2|1 cocktail (2 fl oz):60
sr:169575	Alcoholic beverage, beer, light, low carb	usda	27	0.17	0.73	0	1 fl oz:29.5|12 fl oz:354
sr:169576	Candies, milk chocolate coated raisins	usda	390	4.1	68.4	14.8	1 cup:180|1 pieces:10
sr:169577	Syrups, table blends, pancake, reduced-calorie	usda	165	0	44.55	0	1 serving 1/4 cup:73|1 tbsp:15|1 oz:28.4|1 cup:240
sr:169578	Syrups, table blends, pancake	usda	234	0	61.47	0	1 cup:314|1 tbsp:20
sr:169579	Candies, HERSHEY'S POT OF GOLD Almond Bar	usda	577	12.82	44.89	38.46	1 bar 2.8 oz:78
sr:169580	Candies, truffles, prepared-from-recipe	usda	510	6.21	44.88	33.76	1 piece:12|1 recipe yield, recipe makes 49 1 " x 1" pieces:612
sr:169581	Baking chocolate, MARS SNACKFOOD US, M&M's Semisweet Chocolate Mini Baking Bits	usda	517	4.44	65.96	26.15	1 serving 0.5 oz, about 1 tbsp:14|1 package (net weight, 12 oz):340
sr:169582	Candies, MARS SNACKFOOD US, M&M's Peanut Chocolate Candies	usda	515	9.57	60.48	26.13	1 serving 1 singles bag:54|1 package fun size:18|1 pieces:20|1 cup:170
sr:169583	Candies, MARS SNACKFOOD US, M&M's Milk Chocolate Candies	usda	492	4.33	71.19	21.13	1 package (1.69 oz):48|1 box (1.48 oz):42|1 cup:208|1 serving:21|1 pieces:7
sr:169584	Baking chocolate, MARS SNACKFOOD US, M&M's Milk Chocolate Mini Baking Bits	usda	502	4.78	68.4	23.36	1 serving 0.5 oz, about 1 tbsp:14
sr:169585	Candies, peanut bar	usda	522	15.5	47.4	33.7	1 oz:28.4|1 bar (1.4 oz):40|1 bar (1.6 oz):45|1 bar (1.75 fl oz):50
sr:169586	Candies, peanut brittle, prepared-from-recipe	usda	486	7.57	71.24	18.98	1 oz:28.4
sr:169587	Candies, NESTLE, RAISINETS Chocolate Covered Raisins	usda	422	4.4	71	17	1 serving 1.58 oz bag:45|1 serving fun size:48|1 serving 0.25 cup:45
sr:169588	Candies, sesame crunch	usda	516	11.6	50.3	33.3	1 oz:28.4|1 piece:1.8|2 pieces:35
sr:169589	Candies, MARS SNACKFOOD US, SNICKERS Bar	usda	491	7.53	61.51	23.85	1 bar (2 oz):57|1 bar, fun size:15|1 bar, king size (4 oz):113
sr:169590	Candies, MARS SNACKFOOD US, STARBURST Fruit Chews, Original fruits	usda	408	0.41	82.57	8.21	1 serving fun size (8 chews):40|1 serving 2.07 oz pack:59|1 piece:5
sr:169591	Candies, MARS SNACKFOOD US, M&M's MINIs Milk Chocolate Candies	usda	502	4.78	68.4	23.36	1 serving 1.0 oz tube:30|1 serving 0.50 oz box:15|1 serving 1 1.94 oz tube:55
sr:169592	Candies, SPECIAL DARK Chocolate Bar	usda	556	5.54	60.49	32.4	1 bar 1.45 oz:41|1 bar 2.6 oz:73|3 blocks:42|1 bar:17
sr:169593	Cocoa, dry powder, unsweetened	usda	228	19.6	57.9	13.7	1 cup:86|1 tbsp:5.4
sr:169594	Cocoa, dry powder, unsweetened, processed with alkali	usda	220	18.1	58.3	13.1	1 cup:86|1 tbsp:5.4
sr:169595	Desserts, egg custard, baked, prepared-from-recipe	usda	104	5.02	11	4.58	0.5 cup:141|1 recipe yield:563
sr:169596	Gelatin desserts, dry mix, prepared with water	usda	60	1.22	14.19	0	0.5 cup:135|1 serving:21|1 package 3 oz, yields 2 cups:540
sr:169597	Gelatin desserts, dry mix, reduced calorie, with aspartame	usda	198	15.67	80.21	0	1 serving:6.4
sr:169598	Gelatin desserts, dry mix, reduced calorie, with aspartame, prepared with water	usda	20	0.83	4.22	0	0.5 cup:117|1 package yield (2 cups):469
sr:169599	Gelatins, dry powder, unsweetened	usda	335	85.6	0	0.1	1 envelope (1 tbsp):7|1 package (1 oz):28
sr:169600	Puddings, chocolate, dry mix, instant, prepared with whole milk	usda	111	3.1	18.8	3.1	0.5 cup:147|1 package yield (2 cups):587
sr:169601	Desserts, apple crisp, prepared-from-recipe	usda	161	1.75	30.84	3.43	0.5 cup:141|1 recipe yield:844
sr:169602	Flan, caramel custard, dry mix	usda	348	0	91.6	0	1 package (3 oz):85|1 portion, amount to make 1/2 cup:21
sr:169603	Puddings, chocolate, dry mix, regular	usda	362	2.6	89.3	2.1	1 package (3.5 oz):99|1 portion, amount to make 1/2 cup:25
sr:169604	Puddings, chocolate, dry mix, regular, prepared with whole milk	usda	120	3.16	19.64	3.15	0.5 cup:142|1 package yield (2 cups):570
sr:169605	Puddings, rice, dry mix, prepared with whole milk	usda	121	3.25	20.68	2.82	0.5 cup:128
sr:169606	Puddings, tapioca, dry mix	usda	369	0.1	94.3	0.1	1 package (3.5 oz):92|1 portion, amount to make 1/2 cup:23
sr:169607	Puddings, tapioca, dry mix, prepared with whole milk	usda	115	2.84	19.43	2.89	0.5 cup:128
sr:169608	Puddings, vanilla, ready-to-eat	usda	130	1.45	22.6	3.78	1 oz:28.4|1 container refrigerated 4 oz:110|1 container shelf stable 3.5 oz:97
sr:169609	Puddings, vanilla, dry mix, regular	usda	379	0.3	93.5	0.4	1 package (3.12 oz):88|1 portion, amount to make 1/2 cup:22
sr:169610	Puddings, vanilla, dry mix, regular, prepared with whole milk	usda	113	2.8	18.92	2.9	0.5 cup:140|1 package yield (2 cups):559
sr:169611	Puddings, rice, dry mix, prepared with 2% milk	usda	111	3.29	20.81	1.63	0.5 cup:128
sr:169612	Puddings, tapioca, dry mix, prepared with 2% milk	usda	105	2.88	19.56	1.67	0.5 cup:128
sr:169613	Frozen novelties, ice type, fruit, no sugar added	usda	24	0.5	6.2	0.1	1 bar:51
sr:169614	Puddings, tapioca, ready-to-eat	usda	130	1.95	21.69	3.88	1 oz:28.4|1 container refrigerated 4 oz:110|1 container:97
sr:169615	Puddings, coconut cream, dry mix, regular, prepared with 2% milk	usda	104	3.1	17.8	2.5	0.5 cup:140|1 package yield (2 cups):559
sr:169616	Desserts, rennin, chocolate, dry mix	usda	363	2.4	91.5	3.3	1 tbsp:9|1 package (2 oz):57
sr:169617	Rennin, chocolate, dry mix, prepared with whole milk	usda	96	3.2	13.34	3.34	cup:142
sr:169618	Frostings, coconut-nut, ready-to-eat	usda	433	1.5	52.7	24	0.08 package:38|2 tbsp:35|1 package (16 oz):462
sr:169619	Frostings, cream cheese-flavor, ready-to-eat	usda	415	0.1	67.32	17.3	2 tbsp creamy:33|2 tbsp whipped:24
sr:169620	Frostings, vanilla, creamy, ready-to-eat	usda	418	0	67.89	16.23	0.08 package:38|2 tbsp creamy:33|1 package (16 oz):462
sr:169621	Flan, caramel custard, dry mix, prepared with 2% milk	usda	103	2.99	18.82	1.72	cup:141
sr:169622	Candies, HERSHEY'S MILK CHOCOLATE WITH ALMOND BITES	usda	568	9.76	51.72	35.73	17 pieces:39
sr:169623	Candies, REESE'S BITES	usda	521	11.34	55.18	29.85	16 pieces:39
sr:169624	Candies, REESE'S NUTRAGEOUS Candy Bar	usda	517	11.28	52.8	32.09	1 bar 1.92 oz:54|2 bars:34
sr:169625	Frostings, chocolate, creamy, dry mix	usda	389	1.3	92	5.2	1 package:388
sr:169626	Frostings, white, fluffy, dry mix, prepared with water	usda	244	1.5	62.6	0	1 package yields:315|0.08 package:26
sr:169627	Candies, HERSHEY'S, ALMOND JOY BITES	usda	563	5.58	57.54	34.5	18 pieces:40
sr:169628	Candies, HERSHEY, REESESTICKS crispy wafers, peanut butter, milk chocolate	usda	521	9.53	55.38	31.34	1 serving 1.5 oz:42
sr:169629	Candies, HERSHEY, KIT KAT BIG KAT Bar	usda	520	6.24	63.64	27.84	1 bar 1.94 oz:55|1 bar king size 2.8 oz:79
sr:169630	Candies, REESE'S, FAST BREAK, milk chocolate peanut butter and soft nougats	usda	474	8.66	61.6	23.42	2 oz bar:56
sr:169631	Ice creams, vanilla, light, no sugar added	usda	169	3.97	21.42	7.45	1 serving 1/2 cup:68
sr:169632	Frozen novelties, fruit and juice bars	usda	87	1.2	20.2	0.1	1 bar (2.5 fl oz):77|1 bar (3 fl oz):92
sr:169633	Ice creams, chocolate, light, no sugar added	usda	173	3.54	26.79	5.74	1 serving 1/2 cup:72
sr:169634	Candies, dark chocolate coated coffee beans	usda	540	7.5	59.95	30	1 serving 28 pieces:40
sr:169635	Snacks, SUNKIST, SUNKIST Fruit Roll, strawberry, with vitamins A, C, and E	usda	342	0.6	82.7	1	1 roll:21
sr:169636	Snacks, fruit leather, pieces, with vitamin C	usda	373	0.1	85.2	3.5	1 serving:21|1 packet:14.2
sr:169637	Candies, milk chocolate coated coffee beans	usda	549	7.41	55.25	33.18	1 oz:28.4
sr:169638	Frozen novelties, ice type, lime	usda	128	0.4	32.6	0	0.5 cup (4 fl oz):99
sr:169639	Candies, MARS SNACKFOOD US, SNICKERS MUNCH bar	usda	536	15.25	43.64	36.22	1 serving 1.42 oz bar:40
sr:169640	Honey	usda	304	0.3	82.4	0	1 cup:339|1 tbsp:21|1 packet (0.5 oz):14
sr:169641	Jams and preserves	usda	278	0.37	68.86	0.07	1 tbsp:20|1 packet (0.5 oz):14
sr:169642	Jellies	usda	266	0.15	69.95	0.02	1 serving 1 tbsp:21|1 packet (0.5 oz):14
sr:169643	Candies, MARS SNACKFOOD US, POP'ABLES SNICKERS Brand Bite Size Candies	usda	480	7.15	61.07	24.32	1 serving 13 pieces:39
sr:169644	Candies, MARS SNACKFOOD US, POP'ABLES MILKY WAY Brand Bite Size Candies	usda	463	3.3	71.85	18	1 serving 13 pieces:39
sr:169645	Candies, MARS SNACKFOOD US, POP'ABLES 3 MUSKETEERS Brand Bite Size Candies	usda	443	2.59	75.94	15.17	1 serving 15 pieces:41
sr:169646	Candies, MARS SNACKFOOD US, STARBURST Fruit Chews, Fruit and Creme	usda	408	0.41	82.43	8.36	1 serving fun size (8 chews):40
sr:169647	Candies, MARS SNACKFOOD US, STARBURST Sour Fruit Chews	usda	400	0.39	79.73	7.78	1 serving 2.07 oz pack:59
sr:169648	Puddings, banana, dry mix, instant	usda	367	0	92.7	0.6	1 package (3.5 oz):99|1 portion, amount to make 1/2 cup:25
sr:169649	Puddings, banana, dry mix, instant, prepared with whole milk	usda	115	2.62	19.76	2.8	0.5 cup:127
sr:169650	Puddings, banana, dry mix, regular	usda	366	0	93	0.4	1 package (3.12 oz):88|1 portion, amount to make 1/2 cup:22
sr:169651	Candies, MARS SNACKFOOD US, COCOAVIA Chocolate Bar	usda	539	5.81	62.99	29.3	1 serving 0.78 oz bar:22
sr:169652	Candies, MARS SNACKFOOD US, COCOAVIA Blueberry and Almond Chocolate Bar	usda	525	6.35	60.37	28.68	1 serving 0.78 oz bar:22
sr:169653	Candies, MARS SNACKFOOD US, COCOAVIA Crispy Chocolate Bar	usda	517	8.21	62.06	26.23	1 serving 0.7 oz bar:20
sr:169654	Puddings, lemon, dry mix, instant	usda	378	0	95.4	0.7	1 package (3.5 oz):99|1 portion, amount to make 1/2 cup:25
sr:169656	Sugars, powdered	usda	389	0	99.77	0	1 cup unsifted:120|1 cup sifted:100|1 tbsp unsifted:8|1 tsp:2.5
sr:169657	Sweeteners, tabletop, aspartame, EQUAL, packets	usda	365	2.17	89.08	0	1 tsp:3.5|1 serving 1 packet:1
sr:169658	Sugars, maple	usda	354	0.1	90.9	0.2	1 tsp:3|1 oz:28.4|1 piece (1-3/4" x 1-1/4" x 1/2"):28
sr:169659	Syrups, corn, high-fructose	usda	281	0	76	0	1 cup:310|1 tbsp:19
sr:169660	Syrups, malt	usda	318	6.2	71.3	0	1 cup:332|1 tbsp:21
sr:169661	Syrups, maple	usda	260	0.04	67.04	0.06	1 tbsp:20|1 serving 1/4 cup:83|1 cup:315
sr:169662	Syrups, sorghum	usda	290	0	74.9	0	1 cup:330|1 tbsp:21
sr:169663	Candies, MARS SNACKFOOD US, SNICKERS CRUNCHER	usda	488	6.86	62.85	24.38	1 serving 1.66 oz bar:47|1 bar fun size:15|1 serving 1.56 oz bar:44
sr:169664	Toppings, marshmallow cream	usda	322	0.8	79	0.3	1 oz:28.4|1 jar:198
sr:169665	Toppings, pineapple	usda	253	0.1	66.4	0.1	1 cup:340|2 tbsp:42
sr:169666	Toppings, nuts in syrup	usda	448	4.5	58.08	22	1 cup:328|2 tbsp:41
sr:169667	Candies, MARS SNACKFOOD US, SKITTLES Tropical Bite Size Candies	usda	405	0.19	90.77	4.34	1 serving 2.1 oz bag:62|1 serving fun size bag:20
sr:169668	Frostings, glaze, prepared-from-recipe	usda	341	0.44	83.65	0.53	1 recipe yield:327
sr:169669	Candies, fudge, chocolate marshmallow, prepared-from-recipe	usda	453	2.26	71.34	17.48	1 piece:20|1 recipe yield (60 pieces):1229
sr:169670	Candies, taffy, prepared-from-recipe	usda	397	0.03	91.56	3.33	1 piece:15
sr:169671	Candies, toffee, prepared-from-recipe	usda	560	1.07	64.72	32.75	1 piece:12
sr:169672	Snacks, cornnuts, barbecue-flavor	usda	436	9	71.7	14.3	1 oz:28.4|2 oz:57
sr:169673	Snacks, crisped rice bar, almond	usda	458	7	64.6	20.4	1 bar (1 oz):28
sr:169674	Snacks, granola bars, soft, uncoated, chocolate chip	usda	418	5.65	70.2	16.57	1 bar (1.5 oz):43|1 bar (1 oz):28
sr:169675	Snacks, granola bars, soft, uncoated, chocolate chip, graham and marshmallow	usda	427	6.1	70.8	15.5	1 bar (1 oz):28
sr:169676	Snacks, granola bars, soft, uncoated, nut and raisin	usda	454	8	63.6	20.4	1 bar (1 oz):28
sr:169677	Snacks, potato chips, plain, salted	usda	532	6.39	53.83	33.98	1 oz:28|22 chips:28|1 oz:28.4|1 bag (8 oz):227
sr:169678	Snacks, potato chips, made from dried potatoes, cheese-flavor	usda	551	7	50.6	37	1 oz:28.4|1 can (6.25 oz):191
sr:169679	Snacks, rice cakes, brown rice, corn	usda	385	8.4	81.2	3.2	1 cake:9|2 cakes:18
sr:169680	Snacks, rice cakes, brown rice, multigrain	usda	387	8.5	80.1	3.5	1 cake:9|2 cakes:18
sr:169681	Snacks, granola bars, hard, peanut butter	usda	483	9.8	62.3	23.8	1 oz:28.4|1 bar:24
sr:169682	Snacks, potato chips, cheese-flavor	usda	496	8.5	57.7	27.2	1 oz:28.4|1 bag (6 oz):170
sr:169683	Snacks, potato chips, reduced fat	usda	471	7.1	66.9	20.8	1 oz:28.4|1 bag (6 oz):170
sr:169684	Snacks, potato chips, fat-free, made with olestra	usda	274	7.74	65	0.7	1 oz:28.4
sr:169685	Popcorn, sugar syrup/caramel, fat-free	usda	381	2	90.06	1.4	1 oz:28.4
sr:169686	Snacks, potato chips, fat free, salted	usda	379	9.64	83.76	0.6	1 oz:28.4|1 bag (8 oz):227
sr:169687	Snacks, KELLOGG, KELLOGG'S RICE KRISPIES TREATS Squares	usda	417	3.4	80.5	9	1 serving:22
sr:169688	Snacks, KELLOGG, KELLOGG'S Low Fat Granola Bar, Crunchy Almond/Brown Sugar	usda	390	8	78	7.4	1 bar:37
sr:169689	Snacks, M&M MARS, KUDOS Whole Grain Bar, chocolate chip	usda	420	4.47	72.31	13.02	1 bar:28
sr:169690	Candies, semisweet chocolate, made with butter	usda	477	4.2	63.4	29.7	1 cup chips (6 oz package):170|1 cup large chips:182|1 cup mini chips:173|1 oz (approx 60 pcs):28.4
sr:169691	Gelatin desserts, dry mix, with added ascorbic acid, sodium-citrate and salt	usda	381	7.8	90.5	0	1 package (3 oz):85|1 portion, amount to make 1/2 cup:21
sr:169692	Gelatin desserts, dry mix, reduced calorie, with aspartame, added phosphorus, potassium, sodium, vitamin C	usda	345	55.3	33.3	0	1 tbsp:9|1 package (0.35 oz):10|1 portion, amount to make 1/2 cup:2.5
sr:169693	Gelatin desserts, dry mix, reduced calorie, with aspartame, no added sodium	usda	345	55.3	33.3	0	1 tbsp:9|1 package (0.35 oz):10|1 portion, amount to make 1/2 cup:2.5
sr:169694	Corn flour, masa, enriched, white	usda	363	8.46	76.59	3.69	1 cup:114
sr:169695	Corn flour, yellow, degermed, unenriched	usda	375	5.59	82.75	1.39	1 cup:126
sr:169696	Corn flour, masa, unenriched, white	usda	363	8.46	76.59	3.69	1 cup:114
sr:169697	Cornmeal, whole-grain, yellow	usda	362	8.12	76.89	3.59	1 cup:122
sr:169698	Cornstarch	usda	381	0.26	91.27	0.05	1 cup:128
sr:169699	Couscous, dry	usda	376	12.76	77.43	0.64	1 cup:173
sr:169700	Couscous, cooked	usda	112	3.79	23.22	0.16	1 cup, cooked:157|1 cup, dry, yields:528|1 oz, dry, yields:86
sr:169701	Hominy, canned, white	usda	72	1.48	14.26	0.88	1 cup:165
sr:169702	Millet, raw	usda	378	11.02	72.85	4.22	1 cup:200
sr:169703	Rice, brown, long-grain, raw (Includes foods for USDA's Food Distribution Program)	usda	367	7.54	76.25	3.2	1 cup:185
sr:169704	Rice, brown, long-grain, cooked (Includes foods for USDA's Food Distribution Program)	usda	123	2.74	25.58	0.97	1 cup:202
sr:169705	Oats (Includes foods for USDA's Food Distribution Program)	usda	389	16.89	66.27	6.9	1 cup:156
sr:169706	Rice, brown, medium-grain, raw (Includes foods for USDA's Food Distribution Program)	usda	362	7.5	76.17	2.68	1 cup:190
sr:169707	Rice, white, long-grain, parboiled, enriched, dry	usda	374	7.51	80.89	1.03	1 cup:185
sr:169708	Rice, white, long-grain, parboiled, enriched, cooked	usda	123	2.91	26.05	0.37	1 cup:158
sr:169709	Rice, white, long-grain, precooked or instant, enriched, dry	usda	380	7.82	82.32	0.94	1 cup:95
sr:169710	Rice, white, long-grain, precooked or instant, enriched, prepared	usda	124	2.18	26.76	0.5	1 cup:165
sr:169711	Rice, white, glutinous, unenriched, cooked	usda	97	2.02	21.09	0.19	1 cup:174
sr:169712	Rice, white, steamed, Chinese restaurant	usda	151	3.2	33.88	0.27	1 cup, loosely packed:132
sr:169713	Rice bran, crude	usda	316	13.35	49.69	20.85	1 cup:118
sr:169714	Rice flour, white, unenriched	usda	366	5.95	80.13	1.42	1 cup:158
sr:169715	Semolina, enriched	usda	360	12.68	72.83	1.05	1 cup:167
sr:169716	Sorghum grain	usda	329	10.62	72.09	3.46	1 cup:192
sr:169717	Tapioca, pearl, dry	usda	358	0.19	88.69	0.02	1 cup:152
sr:169718	Triticale	usda	336	13.05	72.13	2.09	1 cup:192
sr:169719	Wheat, hard white	usda	342	11.31	75.9	1.71	1 cup:192
sr:169720	Wheat, soft white	usda	340	10.69	75.36	1.99	1 cup:168
sr:169721	Wheat, durum	usda	339	13.68	71.13	2.47	1 cup:192
sr:169722	Wheat bran, crude	usda	216	15.55	64.51	4.25	1 cup:58
sr:169723	Wheat flour, white, cake, enriched	usda	362	8.2	78.03	0.86	1 cup unsifted, dipped:137
sr:169724	Wheat flour, white, tortilla mix, enriched	usda	405	9.66	67.14	10.63	1 cup:111
sr:169725	Wheat, sprouted	usda	198	7.49	42.53	1.27	1 cup:108
sr:169726	Wild rice, raw	usda	357	14.73	74.9	1.08	1 cup:160
sr:169727	Pasta, fresh-refrigerated, plain, as purchased	usda	288	11.31	54.73	2.3	4.5 oz:128
sr:169728	Pasta, fresh-refrigerated, plain, cooked	usda	131	5.15	24.93	1.05	2 oz:128
sr:169729	Pasta, fresh-refrigerated, spinach, as purchased	usda	289	11.26	55.72	2.1	4.5 oz:128
sr:169730	Pasta, fresh-refrigerated, spinach, cooked	usda	130	5.06	25.04	0.94	2 oz:57
sr:169731	Noodles, egg, dry, enriched	usda	384	14.16	71.27	4.44	1 cup:38|2 oz:57
sr:169732	Noodles, egg, enriched, cooked	usda	138	4.54	25.16	2.07	1 cup:160
sr:169733	Noodles, egg, spinach, enriched, dry	usda	382	14.61	70.32	4.55	1 cup:38|2 oz:57
sr:169734	Noodles, egg, spinach, enriched, cooked	usda	132	5.04	24.25	1.57	1 cup:160
sr:169735	Noodles, flat, crunchy, Chinese restaurant	usda	521	10.33	51.9	31.72	1 cup:45
sr:169736	Pasta, dry, enriched	usda	371	13.04	74.67	1.51	1 cup spaghetti:91|2 oz:57|1 cup elbows:122|1 cup penne:95|1 cup farfalle:81|1 cup rotini:96
sr:169737	Pasta, cooked, enriched, without added salt	usda	158	5.8	30.86	0.93	1 cup spaghetti not packed:124|1 cup spaghetti packed:151|1 cup elbows not packed:120|1 cup elbows packed:132|1 cup penne:107|1 cup farfalle:107
sr:169738	Pasta, whole-wheat, dry (Includes foods for USDA's Food Distribution Program)	usda	352	13.87	73.37	2.93	1 cup spaghetti:91|1 cup elbows:122|1 cup penne:95|1 cup farfalle:81|1 cup rotini:96|1 cup shells:64
sr:169739	Barley flour or meal	usda	345	10.5	74.52	1.6	1 cup:148
sr:169740	Barley malt flour	usda	361	10.28	78.3	1.84	1 cup:162
sr:169741	Oat flour, partially debranned	usda	404	14.66	65.7	9.12	1 cup:104
sr:169742	Rice noodles, dry	usda	364	5.95	80.18	0.56	2 oz:57
sr:169743	Wheat, KAMUT khorasan, uncooked	usda	337	14.54	70.58	2.13	1 cup:186
sr:169744	Wheat, KAMUT khorasan, cooked	usda	132	5.71	27.6	0.83	1 cup:172
sr:169745	Spelt, uncooked	usda	338	14.57	70.19	2.43	1 cup:174
sr:169746	Spelt, cooked	usda	127	5.5	26.44	0.85	1 cup:194
sr:169747	Teff, uncooked	usda	367	13.3	73.13	2.38	1 cup:193
sr:169748	Corn flour, whole-grain, white	usda	361	6.93	76.85	3.86	1 cup:117
sr:169749	Corn flour, yellow, masa, enriched	usda	363	8.46	76.59	3.69	1 cup:114
sr:169750	Cornmeal, whole-grain, white	usda	362	8.12	76.89	3.59	1 cup:122
sr:169751	Pasta, cooked, enriched, with added salt	usda	157	5.8	30.59	0.93	1 cup spaghetti not packed:124|1 cup packed:151|1 cup elbows not packed:120|1 cup elbows packed:132|1 cup penne:107|1 cup farfalle:107
sr:169752	Hominy, canned, yellow	usda	72	1.48	14.26	0.88	1 cup:160
sr:169753	Rice, white, long-grain, regular, cooked, enriched, with salt	usda	130	2.69	28.17	0.28	1 cup:158
sr:169754	Wheat flour, white, all-purpose, enriched, calcium-fortified	usda	364	10.33	76.31	0.98	1 cup:125
sr:169755	Noodles, egg, dry, unenriched	usda	384	14.16	71.27	4.44	1 cup:38
sr:169756	Rice, white, long-grain, regular, raw, unenriched	usda	365	7.13	79.95	0.66	1 cup:185
sr:169757	Rice, white, long-grain, regular, unenriched, cooked without salt	usda	130	2.69	28.17	0.28	1 cup:158
sr:169758	Rice, white, long-grain, parboiled, unenriched, dry	usda	374	7.51	80.89	1.03	1 cup:185
sr:169759	Rice, white, long-grain, parboiled, unenriched, cooked	usda	123	2.91	26.05	0.37	1 cup:158
sr:169760	Rice, white, medium-grain, raw, unenriched	usda	360	6.61	79.34	0.58	1 cup:195
sr:169761	Wheat flour, white, all-purpose, unenriched	usda	364	10.33	76.31	0.98	1 cup:125
sr:169762	Noodles, egg, cooked, unenriched, with added salt	usda	138	4.54	25.16	2.07	1 cup:160
sr:169763	Potatoes, yellow fleshed, roasted, salt added in processing, frozen, unprepared	usda	119	1.99	23.44	1.85	3 oz:85
sr:169764	Potatoes, yellow fleshed, french fried, frozen, unprepared	usda	162	2.47	25.01	5.84	3 oz:85
sr:169765	Ginger root, pickled, canned, with artificial sweetener	usda	20	0.33	4.83	0.1	2 tablespoon:25
sr:169766	Peppers, hot pickled, canned	usda	22	0.8	4.56	0.4	0.25 cup drained:34
sr:169767	Vegetable juice, BOLTHOUSE FARMS, DAILY GREENS	usda	31	0.49	8.13	0.04	1 cup:269
sr:169768	Potatoes, mashed, ready-to-eat	usda	106	1.97	13.29	5.01	1 cup:229|1 container:700
sr:169769	Macaroni and cheese, box mix with cheese sauce, unprepared	usda	334	12.73	46.66	10.67	1 serving (3.5 oz):25|1 serving (4 oz):37
sr:169770	Macaroni and cheese, box mix with cheese sauce, prepared	usda	164	6.68	23.1	4.99	1 cup prepared:189
sr:169771	Taquitos, frozen, chicken and cheese, oven-heated	usda	284	9.21	33.63	12.54	1 piece:42
sr:169772	Taquitos, frozen, beef and cheese, oven-heated	usda	287	9.4	33.46	12.79	1 piece:42
sr:169773	Potsticker or wonton, pork and vegetable, frozen, unprepared	usda	136	8.28	13.28	5.52	5 pieces 1 serving:145
sr:169774	Macaroni or noodles with cheese, made from reduced fat packaged mix, unprepared	usda	297	13.1	52.06	4.03	1 serving (3.5 oz):99
sr:169775	Turnover, cheese-filled, tomato-based sauce, frozen, unprepared	usda	235	10.24	27.29	9.45	1 serving 4.5 oz:127
sr:169776	Macaroni or noodles with cheese, microwaveable, unprepared	usda	388	11.48	70.75	6.56	1 serving 1 pouch:61
sr:169777	Spanish rice mix, dry mix, prepared (with canola/vegetable oil blend or diced tomatoes and margarine)	usda	125	3.27	22.74	2.38	1 cup:198
sr:169778	Rice mix, cheese flavor, dry mix, unprepared	usda	362	8.77	73.88	3.51	0.25 cup dry rice mix:57
sr:169779	Dumpling, potato- or cheese-filled, frozen	usda	195	5.26	29.64	6.14	3 pieces pierogies:114
sr:169780	Turnover, chicken- or turkey-, and vegetable-filled, reduced fat, frozen	usda	168	7.87	21.74	5.51	1 piece turnover 1 serving:127
sr:169781	Sausage, egg and cheese breakfast biscuit	usda	324	9.54	21.57	22.13	1 biscuit:126|1 box:526
sr:169782	HUNGRY MAN, Salisbury Steak With Gravy, frozen, unprepared	usda	136	7.96	6.96	8.53	1 patty:64
sr:169783	BANQUET, Salisbury Steak With Gravy, family size, frozen, unprepared	usda	155	6.89	6.96	11.1	1 patty:72
sr:169784	JIMMY DEAN, Sausage, Egg, and Cheese Breakfast Biscuit, frozen, unprepared	usda	328	9.29	21.07	22.9	1 biscuit:128|1 box:595
sr:169793	Bear, black, meat (Alaska Native)	usda	155	20.1	0	8.3	
sr:169794	Bear, polar, meat, raw (Alaska Native)	usda	130	25.6	0	3.1	
sr:169795	Whale, beluga, meat, dried (Alaska Native)	usda	327	69.86	0	5.34	1 strip:45
sr:169796	Whale, beluga, eyes (Alaska Native)	usda	291	19.6	0	23.3	
sr:169797	Whale, beluga, meat, raw (Alaska Native)	usda	111	26.5	0	0.5	
sr:169798	Fish, blackfish, whole (Alaska Native)	usda	82	15.5	0	1.75	
sr:169799	Blueberries, wild, frozen (Alaska Native)	usda	44	0.7	10.4	0	
sr:169800	Caribou, bone marrow, raw (Alaska Native)	usda	786	6.7	0	84.4	
sr:169801	Caribou, eye, raw (Alaska Native)	usda	326	10.8	0	31.4	
sr:169802	Cloudberries, raw (Alaska Native)	usda	51	2.4	8.6	0.8	
sr:169803	Cockles, raw (Alaska Native)	usda	79	13.5	4.7	0.7	
sr:169804	Cranberries, wild, bush, raw (Alaska Native)	usda	55	1.1	12.3	0.2	
sr:169805	Cranberry, low bush or lingenberry, raw (Alaska Native)	usda	55	0.4	12.2	0.5	
sr:169806	Fish, herring eggs, Pacific, plain (Alaska Native)	usda	74	9.6	4.47	1.93	
sr:169807	Fish, herring, Pacific, flesh, air-dried, packed in oil (Alaska Native)	usda	489	44.5	0	34.6	
sr:169808	Huckleberries, raw (Alaska Native)	usda	37	0.4	8.7	0.1	
sr:169809	Fish, lingcod, meat, raw (Alaska Native)	usda	79	17.9	0	0.8	
sr:169810	Fish, lingcod, liver (Alaska Native)	usda	424	5.6	6	42	
sr:169811	Tennis Bread, plain (Apache)	usda	258	9	53.26	1.05	
sr:169812	Fish, halibut, cooked, with skin (Alaska Native)	usda	113	22.13	0	2.73	
sr:169813	Salmon, red (sockeye), filets with skin, smoked (Alaska Native)	usda	345	60.62	0	11.43	1 filet:108|1 strip:136
sr:169814	Agave, raw (Southwest)	usda	68	0.52	16.23	0.15	
sr:169815	Lambsquarters, steamed (Northern Plains Indians)	usda	48	4.06	7.47	0.16	1 cup:65
sr:169816	Prickly pears, raw (Northern Plains Indians)	usda	42	0.12	10.17	0.11	1 pad peeled:19|1 pad:61
sr:169817	Prickly pears, broiled (Northern Plains Indians)	usda	91	0.39	21.57	0.31	1 pad:7.5
sr:169818	Prairie Turnips, raw (Northern Plains Indians)	usda	156	2.62	35.67	0.36	1 bulb peeled:12.6
sr:169819	Stinging Nettles, blanched (Northern Plains Indians)	usda	42	2.71	7.49	0.11	1 cup:89
sr:169820	Plums, wild (Northern Plains Indians)	usda	91	0.43	21.95	0.17	1 cup:161
sr:169821	Pinon Nuts, roasted (Navajo)	usda	541	7.41	51.06	34.08	
sr:169822	Caribou, hind quarter, meat, cooked (Alaska Native)	usda	159	28.81	0	4.82	0.5 cup:66|1 piece:102
sr:169823	Agutuk, fish with shortening (Alaskan ice cream) (Alaska Native)	usda	470	9	10.5	43.5	
sr:169824	Sea lion, Steller, meat with fat (Alaska Native)	usda	242	22.1	5.55	14.65	
sr:169825	Sea lion, Steller, fat (Alaska Native)	usda	850	0.9	0	94	
sr:169826	Wocas, dried seeds, Oregon, yellow pond lily (Klamath)	usda	361	7.9	80.02	1.07	1 oz:28.4
sr:169827	Hazelnuts, beaked (Northern Plains Indians)	usda	628	14.89	22.98	52.99	1 nut:0.4|1 oz:28.4
sr:169828	Tea, herbal, brewed, Hohoysi (Hopi)	usda	2	0.12	0	0.2	
sr:169829	Tortilla, blue corn, Sakwavikaviki (Hopi)	usda	276	7.83	58.12	1.4	1 piece:57
sr:169830	Bread, blue corn, somiviki (Hopi)	usda	186	3.1	39.84	1.53	
sr:169831	APPLEBEE'S, 9 oz house sirloin steak	usda	189	26.85	0	9.08	1 serving:157
sr:169832	T.G.I. FRIDAY'S, FRIDAY'S Shrimp, breaded	usda	302	11.87	20.87	19.02	1 serving:175
sr:169833	T.G.I. FRIDAY'S, french fries	usda	296	3.74	36.9	14.82	1 serving:184
sr:169834	T.G.I. FRIDAY'S, fried mozzarella	usda	333	15.82	25.33	18.76	1 piece:35|1 serving:212
sr:169835	T.G.I. FRIDAY'S, macaroni & cheese, from kid's menu	usda	121	5.03	17.4	3.45	1 cup:144|1 serving:236
sr:169836	Restaurant, family style, french fries	usda	289	3.49	37.2	14.04	1 serving:170
sr:169837	Restaurant, family style, chicken fingers, from kid's menu	usda	307	18.68	18.77	17.45	1 serving:114|1 piece:37
sr:169838	Restaurant, family style, shrimp, breaded and fried	usda	308	12.67	22.29	18.67	1 serving:169
sr:169839	Restaurant, family style, macaroni & cheese, from kids' menu	usda	151	5.42	18.8	6.06	1 cup:136|1 serving:210
sr:169840	APPLEBEE'S, crunchy onion rings	usda	356	4.58	40.17	19.61	1 serving:350
sr:169841	APPLEBEE'S, chicken tenders platter	usda	297	19.62	17.98	16.24	1 serving:209
sr:169842	CRACKER BARREL, chicken tenderloin platter, fried	usda	293	18.06	20.29	15.48	1 serving:175
sr:169843	CRACKER BARREL, coleslaw	usda	175	0.89	13.01	13.22	1 serving:167
sr:169844	DENNY'S, onion rings	usda	385	5.29	41.05	22.23	1 serving:166
sr:169845	DENNY'S, spaghetti and meatballs	usda	170	7.84	15.51	8.52	1 serving:565|1 cup:134
sr:169846	Restaurant, family style, fish fillet, battered or breaded, fried	usda	219	13.49	16.89	10.79	1 serving:226
sr:169847	Restaurant, family style, chicken tenders	usda	302	18.88	19.29	16.63	1 serving:201
sr:169848	Restaurant, family style, hash browns	usda	197	2.49	26.59	8.99	1 cup:94|1 serving:124
sr:169849	CRACKER BARREL, macaroni n' cheese	usda	194	6.49	15.61	11.75	1 serving:175|1 cup:149
sr:169850	Restaurant, Italian, lasagna with meat	usda	185	10.83	11.36	10.69	1 serving:457
sr:169851	OLIVE GARDEN, lasagna classico	usda	184	11.28	10.33	10.84	1 serving:422
sr:169852	OLIVE GARDEN, spaghetti with pomodoro sauce	usda	102	4.26	17.14	1.85	1 serving:478
sr:169853	CARRABBA'S ITALIAN GRILL, spaghetti with pomodoro sauce	usda	104	3.42	18.63	1.75	1 serving:489
sr:169854	ON THE BORDER, cheese enchilada	usda	271	11.67	16.2	17.74	1 serving serving size varied from 1 to 3 enchiladas:250|2 enchilada:241|1 enchilada:124|3 enchilada:343
sr:169855	Restaurant, Mexican, cheese enchilada	usda	273	11.24	15.45	18.47	1 serving serving size varied from 1 to 3 enchiladas:244|1 enchilada:137|2 enchilada:257|3 enchilada:365
sr:169856	Restaurant, Mexican, cheese tamales	usda	216	8.99	17.97	11.99	1 serving serving size varied from 1 to 3 tamales:302|1 tamale:179|2 tamale:351|3 tamale:550
sr:169857	CARRABBA'S ITALIAN GRILL, chicken parmesan without cavatappi pasta	usda	206	19	7.8	10.95	1 serving:339
sr:169858	OLIVE GARDEN, chicken parmigiana without pasta	usda	211	15.33	12.28	11.23	1 serving:304
sr:169859	Cereals ready-to-eat, POST, HONEY BUNCHES OF OATS, with almonds	usda	409	7.7	79.6	7.3	0.75 cup (1 NLEA serving):32
sr:169860	Margarine-like, vegetable oil spread, stick or tub, sweetened	usda	534	0	16.7	52	1 tablespoon:14
sr:169861	Snacks, popcorn, home-prepared, oil-popped, unsalted	usda	500	9	58.1	28.1	1 cup:8|1 oz:28.4
sr:169862	Cereals ready-to-eat, POST, GREAT GRAINS Crunchy Pecan Cereal	usda	403	9	73	10.5	0.75 cup (1 NLEA serving):52
sr:169863	Snacks, granola bar, with coconut, chocolate coated	usda	531	5.2	55.2	32.2	1 oz:28.4
sr:169866	Frankfurter, meat and poultry, low fat	usda	121	15.5	8.4	2.8	1 cup, sliced:143
sr:169867	Oil, corn and canola	usda	884	0	0	100	1 tbsp:14|1 cup:224|1 teaspoon:4.5
sr:169868	Milk, fluid, nonfat, calcium fortified (fat free or skim)	usda	35	3.4	4.85	0.18	1 cup:247|1 fl oz:30.9
sr:169869	Peanut butter, reduced sodium	usda	590	24	21.83	49.9	1 tbsp:16
sr:169870	Cereals ready-to-eat, POST GREAT GRAINS Banana Nut Crunch	usda	390	9.8	70.9	8.8	1 cup (1 NLEA serving):59
sr:169875	Salad dressing, sweet and sour	usda	15	0.1	3.7	0	1 tbsp:16|1 cup:250
sr:169876	Salad dressing, blue or roquefort cheese, low calorie	usda	99	5.1	2.9	7.2	1 tbsp:15|1 cup:245
sr:169877	Salad dressing, caesar, low calorie	usda	110	0.3	18.6	4.4	1 tbsp:15|1 cup:240
sr:169878	Syrups, sugar free	usda	51	0.8	11.99	0	1 cup:240|1 tbsp:15
sr:169879	Jellies, no sugar (with sodium saccharin), any flavors	usda	121	0.55	29.6	0	1 cup:300|1 tbsp:19
sr:169880	Candies, hard, dietetic or low calorie (sorbitol)	usda	394	0	98.6	0	1 piece:3
sr:169881	Candies, chocolate covered, low sugar or low calorie	usda	590	12.39	37.68	43.27	1 serving:36
sr:169882	Chewing gum, sugarless	usda	268	0	94.8	0.4	1 piece:2
sr:169884	Vermicelli, made from soy	usda	331	0.1	82.32	0.1	1 cup:140
sr:169885	Beans, liquid from stewed kidney beans	usda	47	1.8	2.8	3.2	1 cup:240
sr:169886	Chicken, meatless	usda	224	23.64	3.64	12.73	1 cup:168
sr:169887	Frankfurter, meatless	usda	233	19.61	7.7	13.73	1 cup, sliced:140|1 frankfurter:70
sr:169888	Vegetarian meatloaf or patties	usda	197	21	8	9	1 slice:56
sr:169889	Radishes, hawaiian style, pickled	usda	28	1.1	5.2	0.3	1 cup:150
sr:169890	Cabbage, japanese style, fresh, pickled	usda	30	1.6	5.67	0.1	1 cup:150
sr:169891	Cabbage, mustard, salted	usda	28	1.1	5.63	0.1	1 cup:128
sr:169892	Eggplant, pickled	usda	49	0.9	9.77	0.7	1 cup:136
sr:169893	Bacon bits, meatless	usda	476	32	28.6	25.9	1 tbsp:7
sr:169894	Butter replacement, without fat, powder	usda	373	2	89	1	1 cup:80
sr:169895	Salad dressing, buttermilk, lite	usda	202	1.25	21.33	12.42	1 tablespoon:15|1 serving (2 tbsp):30
sr:169896	Sweeteners, tabletop, fructose, dry, powder	usda	368	0	100	0	1 cup:196|1 tsp:4.2|1 individual packet:3
sr:169897	Beverage, instant breakfast powder, chocolate, sugar-free, not reconstituted	usda	358	35.8	41	5.1	1 tbsp:5.6|1 envelope:20
sr:169898	Yogurt, fruit variety, nonfat	usda	95	4.4	19	0.2	1 container (6 oz):170|1 container (4.4 oz):125|1 cup (8 fl oz):245|1 container (8 oz):227
sr:169899	Whipped cream substitute, dietetic, made from powdered mix	usda	100	0.9	10.6	6	1 cup:80
sr:169900	Frozen novelties, ice cream type, sundae, prepackaged	usda	190	4.3	29.64	6	1 serving:74
sr:169901	Cheese, american cheddar, imitation	usda	239	16.7	11.6	14	1 slice:21|1 cubic inch:18|1 cup:224
sr:169902	Quail, cooked, total edible	usda	227	25.1	0	14.1	1 oz:28.4|1 lb:453
sr:169903	Pheasant, cooked, total edible	usda	239	32.4	0	12.1	1 cup, chopped or diced:140
sr:169904	Eggs, scrambled, frozen mixture	usda	131	13.1	7.5	5.6	1 oz:28.4
sr:169905	Dove, cooked (includes squab)	usda	213	23.9	0	13	1 cup, chopped or diced:140
sr:169906	Pork, cured, ham, boneless, low sodium, extra lean and regular, roasted	usda	165	22	0.5	7.7	3 oz, boneless:85|1 cubic inch, boneless:17
sr:169907	Longans, dried	usda	286	4.9	74	0.4	1 fruit:1.7
sr:169908	Loquats, raw	usda	47	0.43	12.14	0.2	1 cup, cubed:149|1 large:20|1 medium:16|1 small:13.6
sr:169909	Mammy-apple, (mamey), raw	usda	51	0.5	12.5	0.5	1 fruit without refuse:846
sr:169910	Mangos, raw	usda	60	0.82	14.98	0.38	1 cup pieces:165|1 fruit without refuse:336
sr:169912	Melon balls, frozen	usda	33	0.84	7.94	0.25	1 cup, unthawed:173
sr:169913	Mulberries, raw	usda	43	1.44	9.8	0.39	1 cup:140|1 fruit:15
sr:169915	Oheloberries, raw	usda	28	0.38	6.84	0.22	1 cup:140|1 fruit:11
sr:169916	Oranges, raw, California, valencias	usda	49	1.04	11.89	0.3	1 cup sections, without membranes:180|1 fruit (2-5/8" dia):121
sr:169918	Oranges, raw, Florida	usda	46	0.7	11.54	0.21	1 cup sections, without membranes:185|1 fruit (2-5/8" dia):141|1 fruit (2-11/16" dia):151
sr:169919	Oranges, raw, with peel	usda	63	1.3	15.5	0.3	1 cup:170|1 fruit without seeds:159
sr:169920	Orange juice, chilled, includes from concentrate, with added calcium	usda	47	0.68	11.27	0.12	1 cup:249|1 fl oz:31.1
sr:169921	Orange juice, frozen concentrate, unsweetened, diluted with 3 volume water, with added calcium	usda	37	0.6	8.47	0.06	1 cup:249|1 fl oz:31.1
sr:169922	Orange juice, frozen concentrate, unsweetened, undiluted, with added calcium	usda	147	2.4	33.86	0.25	1 cup:262|1 fl oz:33
sr:169923	Orange juice, frozen concentrate, unsweetened, undiluted	usda	148	2.4	35.19	0.25	1 cup:262|1 fl oz:33
sr:169924	Tangerines, (mandarin oranges), canned, light syrup pack	usda	61	0.45	16.19	0.1	1 cup:252
sr:169925	Tangerine juice, raw	usda	43	0.5	10.1	0.2	1 cup:247|1 fl oz:30.9
sr:169926	Papayas, raw	usda	43	0.47	10.82	0.26	1 cup 1" pieces:145|1 cup, mashed:230|1 fruit, small:157|1 fruit, large:781
sr:169927	Papaya, canned, heavy syrup, drained	usda	206	0.14	55.83	0.55	1 piece:39
sr:169929	Peaches, canned, water pack, solids and liquids	usda	24	0.44	6.11	0.06	1 cup, halves or slices:244|1 half, with liquid:98
sr:169930	Peaches, canned, juice pack, solids and liquids	usda	44	0.63	11.57	0.03	1 cup:250|1 cup, halves or slices:248|1 half, with liquid:98
sr:169931	Peaches, canned, extra light syrup, solids and liquids (Includes foods for USDA's Food Distribution Program)	usda	42	0.4	11.1	0.1	1 cup, halves or slices:247
sr:169932	Peaches, dehydrated (low-moisture), sulfured, uncooked	usda	325	4.89	83.18	1.03	1 cup:116
sr:169933	Peaches, dehydrated (low-moisture), sulfured, stewed	usda	133	2.01	34.14	0.42	1 cup:242
sr:169934	Peaches, dried, sulfured, uncooked	usda	239	3.61	61.33	0.76	1 cup, halves:160|1 half:13
sr:169935	Peaches, dried, sulfured, stewed, without added sugar	usda	77	1.16	19.69	0.25	1 cup:258
sr:169936	Pears, canned, juice pack, solids and liquids	usda	50	0.34	12.94	0.07	1 cup, halves:248|1 half, with liquid:76
sr:169937	Pears, canned, extra light syrup pack, solids and liquids (Includes foods for USDA's Food Distribution Program)	usda	47	0.3	12.2	0.1	1 cup, halves:247|1 half, with liquid:76
sr:169938	Pears, canned, light syrup pack, solids and liquids	usda	57	0.19	15.17	0.03	1 cup, halves:251|1 half, with liquid:76
sr:169939	Pears, canned, heavy syrup pack, solids and liquids	usda	74	0.2	19.17	0.13	1 cup:266|1 half, with liquid:76
sr:169940	Pear nectar, canned, without added ascorbic acid	usda	60	0.11	15.76	0.01	1 cup:250|1 fl oz:31.2
sr:169941	Persimmons, japanese, raw	usda	70	0.58	18.59	0.19	1 fruit (2-1/2" dia):168
sr:169942	Persimmons, japanese, dried	usda	274	1.38	73.43	0.59	1 fruit without refuse:34
sr:169943	Persimmons, native, raw	usda	127	0.8	33.5	0.4	1 fruit without refuse:25
sr:169944	Pineapple, canned, heavy syrup pack, solids and liquids	usda	78	0.35	20.2	0.11	1 cup, crushed, sliced, or chunks:254|1 slice or ring (3" dia) with liquid:49
sr:169945	Pineapple, canned, extra heavy syrup pack, solids and liquids	usda	83	0.34	21.5	0.11	1 cup, crushed, sliced, or chunks:260
sr:169946	Pineapple, frozen, chunks, sweetened	usda	86	0.4	22.2	0.1	1 cup, chunks:245
sr:169947	Pineapple juice, canned or bottled, unsweetened, without added ascorbic acid	usda	53	0.36	12.87	0.12	1 cup:250|1 fl oz:31.3
sr:169948	Pineapple juice, frozen concentrate, unsweetened, undiluted	usda	179	1.3	44.3	0.1	1 can (6 fl oz):216
sr:169949	Plums, raw	usda	46	0.7	11.42	0.28	1 cup, sliced:165|1 fruit (2-1/8" dia):66|1 NLEA serving:151
sr:169950	Plums, canned, purple, water pack, solids and liquids	usda	41	0.39	11.03	0.01	1 cup, pitted:249|1 plum with liquid:46
sr:169951	Plums, canned, purple, juice pack, solids and liquids	usda	58	0.51	15.15	0.02	1 cup, pitted:252|1 plum with liquid:46
sr:169952	Plums, canned, purple, light syrup pack, solids and liquids	usda	63	0.37	16.28	0.1	1 cup, pitted:252|1 plum with liquid:46
sr:169953	Lima beans, immature seeds, frozen, fordhook, unprepared	usda	106	6.4	19.83	0.35	1 cup:160|1 package (10 oz):284
sr:169954	Lima beans, immature seeds, frozen, fordhook, cooked, boiled, drained, without salt	usda	103	6.07	19.32	0.34	1 cup:170|1 package (10 oz) yields:311
sr:169955	Lima beans, immature seeds, frozen, baby, unprepared	usda	132	7.59	25.14	0.44	1 cup:164|1 package (10 oz):284
sr:169956	Lima beans, immature seeds, frozen, baby, cooked, boiled, drained, without salt	usda	105	6.65	19.45	0.3	1 cup:180|1 package (10 oz) yields:311
sr:169957	Mung beans, mature seeds, sprouted, raw	usda	30	3.04	5.94	0.18	1 cup:104|1 package (12 oz):340
sr:169958	Beans, pinto, immature seeds, frozen, unprepared	usda	170	9.8	32.5	0.5	0.33 package (10 oz):94|1 package (10 oz):284
sr:169959	Beans, pinto, immature seeds, frozen, cooked, boiled, drained, without salt	usda	162	9.31	30.87	0.48	0.33 package (10 oz) yields:94|1 package (10 oz) yields:284
sr:169960	Beans, shellie, canned, solids and liquids	usda	30	1.76	6.19	0.19	1 cup:245
sr:169962	Beans, snap, green, frozen, all styles, unprepared (Includes foods for USDA's Food Distribution Program)	usda	33	1.79	7.54	0.21	1 cup:121|1 package (10 oz):284
sr:169963	Beans, snap, green, frozen, cooked, boiled, drained without salt	usda	28	1.49	6.45	0.17	1 cup:135
sr:169964	Beans, snap, green, frozen, all styles, microwaved	usda	33	1.98	6.98	0.41	1 cup:111
sr:169965	Beans, snap, green, microwaved	usda	33	2.31	6.41	0.5	1 cup 1/2" pieces:116
sr:169966	Beets, canned, drained solids	usda	31	0.91	7.21	0.14	1 cup, diced:157|1 cup, shredded:195|1 cup slices:170|1 cup, whole:163|1 slice:8|1 beet:24
sr:169967	Broccoli, cooked, boiled, drained, without salt	usda	35	2.38	7.18	0.41	0.5 cup, chopped:78|1 stalk, large (11"-12" long):280|1 stalk, medium (7-1/2" - 8" long):180|1 stalk, small (5" long):140|1 spear (about 5" long):37
sr:169968	Broccoli, frozen, chopped, unprepared	usda	26	2.81	4.78	0.29	1 cup:156|1 package (10 oz):284
sr:169969	Broccoli, frozen, chopped, cooked, boiled, drained, without salt	usda	28	3.1	5.35	0.12	1 cup:184
sr:169970	Broccoli, frozen, spears, unprepared (Includes foods for USDA's Food Distribution Program)	usda	29	3.06	5.35	0.34	0.33 package (10 oz):95|1 package (10 oz):284|1 package (2 lb):907
sr:169971	Brussels sprouts, cooked, boiled, drained, without salt	usda	36	2.55	7.1	0.5	1 sprout:21|0.5 cup:78
sr:169972	Brussels sprouts, frozen, unprepared	usda	41	3.78	7.86	0.41	0.33 package (10 oz):95|1 package (10 oz):284|1 package (2 lb):907
sr:169973	Brussels sprouts, frozen, cooked, boiled, drained, without salt	usda	42	3.64	8.32	0.39	1 cup:155
sr:169974	Burdock root, raw	usda	72	1.53	17.34	0.15	1 cup (1" pieces):118|1 root:156
sr:169975	Cabbage, raw	usda	25	1.28	5.8	0.1	1 cup, chopped:89|1 cup, shredded:70|1 head, large (about 7" dia):1248|1 leaf, large:33|1 head, medium (about 5-3/4" dia):908|1 leaf, medium:23
sr:169976	Cabbage, cooked, boiled, drained, without salt	usda	23	1.27	5.51	0.06	0.5 cup, shredded:75|1 head:1262
sr:169978	Cabbage, red, cooked, boiled, drained, without salt	usda	29	1.51	6.94	0.09	1 leaf:22|0.5 cup, shredded:75
sr:169979	Cabbage, chinese (pe-tsai), raw	usda	16	1.2	3.23	0.2	1 cup, shredded:76
sr:169980	Cabbage, chinese (pe-tsai), cooked, boiled, drained, without salt	usda	14	1.5	2.41	0.17	1 cup, shredded:119|1 leaf:14
sr:169981	Cardoon, raw	usda	17	0.7	4.07	0.1	1 cup, shredded:178
sr:169982	Cardoon, cooked, boiled, drained, without salt	usda	22	0.76	5.33	0.11	
sr:169984	Carrots, frozen, cooked, boiled, drained, without salt	usda	37	0.58	7.73	0.68	1 cup, sliced:146
sr:169985	Cassava, raw	usda	160	1.36	38.06	0.28	1 cup:206|1 root:408
sr:169987	Celeriac, cooked, boiled, drained, without salt	usda	27	0.96	5.9	0.19	1 cup pieces:155
sr:169989	Celery, cooked, boiled, drained, without salt	usda	18	0.83	4	0.16	1 cup, diced:150|2 stalks:75
sr:169990	Celtuce, raw	usda	18	0.85	3.65	0.3	1 leaf:8
sr:169991	Chard, swiss, raw	usda	19	1.8	3.74	0.2	1 cup:36|1 leaf:48
sr:169992	Chicory greens, raw	usda	23	1.7	4.7	0.3	1 cup, chopped:29
sr:169993	Chicory roots, raw	usda	72	1.4	17.51	0.2	1 root:60|0.5 cup (1" pieces):45
sr:169994	Chives, raw	usda	30	3.27	4.35	0.73	1 tbsp chopped:3|1 tsp chopped:1
sr:169995	Chrysanthemum, garland, raw	usda	24	3.36	3.02	0.56	1 cup (1" pieces):25|1 stem (8-3/4" long):14
sr:169996	Collards, frozen, chopped, cooked, boiled, drained, without salt	usda	36	2.97	7.1	0.41	1 cup, chopped:170
sr:169997	Coriander (cilantro) leaves, raw	usda	23	2.13	3.67	0.52	0.25 cup:4|9 sprigs:20
sr:169998	Corn, sweet, yellow, raw	usda	86	3.27	18.7	1.35	1 cup:145|1 ear, large (7-3/4" to 9" long) yields:143|1 ear, medium (6-3/4" to 7-1/2" long) yields:102|1 ear, small (5-1/2" to 6-1/2" long):73
sr:169999	Corn, sweet, yellow, cooked, boiled, drained, without salt	usda	96	3.41	20.98	1.5	1 ear small (5-1/2" to 6-1/2" long):89|1 ear medium (6-3/4" to 7-1/2" long):103|1 ear large (7-3/4" to 9" long):118|1 cup cut:149|1 baby ear:8
sr:170000	Onions, raw	usda	40	1.1	9.34	0.1	1 cup, chopped:160|1 cup, sliced:115|1 tbsp chopped:10|1 large:150|1 slice, large (1/4" thick):38|1 medium (2-1/2" dia):110
sr:170001	Onions, cooked, boiled, drained, without salt	usda	44	1.36	10.15	0.19	1 cup:210|1 tbsp chopped:15|1 large:128|1 slice, large (1/4" thick):32|1 medium:94|1 slice, medium (1/8" thick):12
sr:170002	Onions, dehydrated flakes	usda	349	8.95	83.28	0.46	1 tbsp:5|0.25 cup:14
sr:170003	Onions, canned, solids and liquids	usda	19	0.85	4.02	0.09	1 onion:63|0.5 cup, chopped or diced:112
sr:170004	Onions, yellow, sauteed	usda	123	0.95	7.86	10.8	1 cup chopped:87
sr:170005	Onions, spring or scallions (includes tops and bulb), raw	usda	32	1.83	7.34	0.19	1 cup, chopped:100|1 tbsp chopped:6|1 large:25|1 medium (4-1/8" long):15|1 small (3" long):5
sr:170006	Onions, young green, tops only	usda	27	0.97	5.74	0.47	1 tbsp:6|1 stalk:12|1 cup chopped:71
sr:170007	Onions, welsh, raw	usda	34	1.9	6.5	0.4	
sr:170008	Onions, sweet, raw	usda	32	0.8	7.55	0.08	1 NLEA serving:148|1 onion:331
sr:170009	Parsnips, cooked, boiled, drained, without salt	usda	71	1.32	17.01	0.3	0.5 cup slices:78|1 parsnip (9" long):160
sr:170010	Peas, edible-podded, raw	usda	42	2.8	7.55	0.2	1 cup, chopped:98|1 cup, whole:63|1 pea pods:34
sr:170011	Peas, edible-podded, boiled, drained, without salt	usda	42	3.27	7.05	0.23	1 cup:160
sr:170012	Peas, edible-podded, frozen, unprepared	usda	42	2.8	7.2	0.3	1 cup:144|1 package (10 oz):284
sr:170013	Peas, green (includes baby and lesuer types), canned, drained solids, unprepared	usda	68	4.47	11.36	0.8	1 cup:175|1 can (303 x 406):313
sr:170014	Peas, green, canned, seasoned, solids and liquids	usda	50	3.09	9.25	0.27	1 cup:227|0.5 cup:114
sr:170015	Peas, green, canned, drained solids, rinsed in tap water	usda	71	4.33	11.82	0.95	1 can:257|1 cup:163
sr:170016	Peas, green, frozen, unprepared (Includes foods for USDA's Food Distribution Program)	usda	77	5.22	13.62	0.4	1 cup:134|1 package:284
sr:170017	Peas, green, frozen, cooked, boiled, drained, without salt	usda	78	5.15	14.26	0.27	0.5 cup:80|1 package (10 oz) yields:253
sr:170018	Peas and carrots, frozen, cooked, boiled, drained, without salt	usda	48	3.09	10.12	0.42	1 package (10 oz) yields:278|0.5 cup:80
sr:170019	Peas and onions, canned, solids and liquids	usda	51	3.28	8.57	0.38	1 cup:120
sr:170020	Peas and onions, frozen, unprepared	usda	70	3.98	13.51	0.32	0.5 cup:69|1 package (10 oz):284
sr:170021	Peas and onions, frozen, cooked, boiled, drained, without salt	usda	45	2.54	8.63	0.2	1 cup:180
sr:170022	Peppers, sweet, green, frozen, chopped, unprepared	usda	20	1.08	4.45	0.21	0.33 package (10 oz):95|1 package (10 oz):284
sr:170023	Peppers, sweet, green, frozen, chopped, boiled, drained, without salt	usda	18	0.95	3.9	0.18	
sr:170024	Peppers, sweet, green, sauteed	usda	116	0.78	4.22	11.85	1 cup chopped:115
sr:170025	Pigeonpeas, immature seeds, raw	usda	136	7.2	23.88	1.64	1 cup:154|1 seeds:4
sr:170026	Potatoes, flesh and skin, raw	usda	77	2.05	17.49	0.09	0.5 cup, diced:75|1 Potato large (3" to 4-1/4" dia):369|1 Potato medium (2-1/4" to 3-1/4" dia):213|1 Potato small (1-3/4" to 2-1/2" dia):170
sr:170027	Potatoes, russet, flesh and skin, raw (Includes foods for USDA's Food Distribution Program)	usda	79	2.14	18.07	0.08	0.5 cup, diced:75|1 potato large (3" to 4-1/4" dia):369|1 Potato medium (2-1/4" to 3-1/4" dia):213|1 Potato small (1-3/4" to 2-1/4" dia):170
sr:170028	Potatoes, white, flesh and skin, raw	usda	69	1.68	15.71	0.1	0.5 cup, diced:75|1 large (3" to 4-1/4" dia.):369|1 medium (2+-1/4" to 3-1/4" dia.):213|1 small (1-3/4" to 2-1/4" dia.):92
sr:170029	Potatoes, red, flesh and skin, raw	usda	70	1.89	15.9	0.14	0.5 cup, diced:75|1 potato large (3" to 4-1/4" dia):369|1 potato medium (2-1/4" to 3-1/4" dia):213|1 potato small (1-3/4" to 2-1/4" dia):170
sr:170030	Potatoes, Russet, flesh and skin, baked	usda	95	2.63	21.44	0.13	1 potato large (3" to 4-1/4" dia.:299|1 potato medium (2-1/4" to 3-1/4" dia.):173|1 potato small (1-3/4" to 2-1/2" dia.):138
sr:170031	Potatoes, roasted, salt added in processing, frozen, unprepared	usda	127	2.22	26.15	1.81	3 oz:85
sr:170032	Potatoes, raw, skin	usda	58	2.57	12.44	0.1	1 skin:38
sr:170033	Potatoes, baked, flesh, without salt	usda	93	1.96	21.55	0.1	0.5 cup:61|1 potato (2-1/3" x 4-3/4"):156
sr:170034	Potatoes, baked, skin, without salt	usda	198	4.29	46.06	0.1	1 skin:58
sr:170035	Potatoes, microwaved, cooked in skin, skin, without salt	usda	132	4.39	29.63	0.1	1 skin:58
sr:170036	Potatoes, hash brown, home-prepared	usda	265	3	35.11	12.52	1 cup:156
sr:170037	Potatoes, mashed, home-prepared, whole milk and margarine added	usda	113	1.96	16.94	4.2	1 cup:210
sr:170038	Potatoes, scalloped, home-prepared with butter	usda	88	2.87	10.78	3.68	1 cup:245
sr:170039	Potatoes, mashed, dehydrated, granules without milk, dry form	usda	372	8.22	85.51	0.54	1 cup:200
sr:170040	Potatoes, mashed, dehydrated, prepared from granules without milk, whole milk and butter added	usda	108	2.05	14.36	4.96	1 cup:210
sr:170041	Potatoes, mashed, dehydrated, granules with milk, dry form	usda	357	10.9	77.7	1.1	1 cup:200
sr:170042	Potatoes, mashed, dehydrated, prepared from granules with milk, water and margarine added	usda	116	2.13	16.13	4.8	1 cup:210
sr:170043	Potatoes, hash brown, frozen, plain, unprepared	usda	82	2.06	17.72	0.62	0.5 cup:105|1 package (12 oz):340
sr:170044	Potatoes, hash brown, frozen, plain, prepared, pan fried in canola oil	usda	219	2.65	28.51	11.59	1 cup prepared:150|1 patty, oval (approx 3" x 1-1/2" x 1/2"):29|1 package yield, 12 oz:205
sr:170045	Potatoes, hash brown, frozen, with butter sauce, unprepared	usda	135	1.87	18.28	6.66	1 package (6 oz):170
sr:170046	Potatoes, hash brown, frozen, with butter sauce, prepared	usda	178	2.46	24.13	8.79	
sr:170047	Potato puffs, frozen, unprepared	usda	178	1.93	24.8	8.71	1 cup:120|1 pieces:91
sr:170048	Potato puffs, frozen, oven-heated	usda	192	2.13	27.29	9.05	1 puffs:79|1 Crispy Crowns:60|1 puff:7|1 cup:128
sr:170049	Potatoes, frozen, whole, cooked, boiled, drained, without salt	usda	65	1.98	14.52	0.13	
sr:170050	Tomatoes, red, ripe, cooked	usda	18	0.95	4.01	0.11	1 cup:240|2 medium:246
sr:170051	Tomatoes, red, ripe, canned, packed in tomato juice	usda	16	0.79	3.47	0.25	1 cup:240|1 tbsp:15|1 can:190|1 large:164|1 medium:111|1 small:82
sr:170052	Tomatoes, red, ripe, canned, stewed	usda	26	0.91	6.19	0.19	1 cup:255
sr:170053	Tomatoes, red, ripe, canned, with green chilies	usda	15	0.69	3.62	0.08	1 cup:241
sr:170054	Tomato products, canned, sauce	usda	24	1.2	5.31	0.3	1 cup:245
sr:170055	Tomato products, canned, sauce, with mushrooms	usda	35	1.45	8.43	0.13	1 cup:245
sr:170056	Tomato products, canned, sauce, with onions	usda	42	1.56	9.94	0.19	1 cup:245
sr:170057	Tomato products, canned, sauce, with herbs and cheese	usda	59	2.13	10.24	1.93	0.5 cup:122|1 can, 15 oz (303 x 406):425
sr:170058	Turnips, cooked, boiled, drained, without salt	usda	22	0.71	5.06	0.08	1 cup, cubes:156|1 cup, mashed:230
sr:170059	Turnips, frozen, unprepared	usda	16	1.04	2.94	0.16	0.33 package, mashed (10 oz):94|1 package, mashed (10 oz):284
sr:170060	Turnips, frozen, cooked, boiled, drained, without salt	usda	23	1.53	4.35	0.24	1 cup:156
sr:170061	Turnip greens, raw	usda	32	1.5	7.13	0.3	1 cup, chopped:55
sr:170062	Turnip greens and turnips, frozen, cooked, boiled, drained, without salt	usda	35	2.99	4.85	0.38	1 cup:163
sr:170063	Vegetable juice cocktail, canned	usda	22	0.93	3.87	0.31	1 cup:253|6 fl oz:182
sr:170064	Vegetables, mixed, canned, solids and liquids	usda	36	1.42	7.13	0.25	1 cup:245
sr:170065	Vegetables, mixed, canned, drained solids	usda	49	2.59	9.26	0.25	1 cup:163
sr:170066	Waterchestnuts, chinese, (matai), raw	usda	97	1.4	23.94	0.1	0.5 cup slices:62|4 waterchestnuts:36
sr:170067	Waterchestnuts, chinese, canned, solids and liquids	usda	50	0.88	12.3	0.06	0.5 cup slices:70|4 waterchestnuts:28
sr:170068	Watercress, raw	usda	11	2.3	1.29	0.1	1 cup, chopped:34|1 sprig:2.5|1 sprigs:25
sr:170069	Waxgourd, (chinese preserving melon), raw	usda	13	0.4	3	0.2	1 cup, cubes:132|1 waxgourd:5700
sr:170070	Winged bean tuber, raw	usda	148	11.6	28.1	0.9	
sr:170071	Yam, raw	usda	118	1.53	27.88	0.17	1 cup, cubes:150
sr:170072	Yam, cooked, boiled, drained, or baked, without salt	usda	116	1.49	27.48	0.14	1 cup, cubes:136|0.5 cup, cubes:68
sr:170073	Yambean (jicama), raw	usda	38	0.72	8.82	0.09	1 cup slices:120|1 cup:130|1 large:1200|1 medium:659|1 slice:6|1 small:365
sr:170074	Yambean (jicama), cooked, boiled, drained, without salt	usda	38	0.72	8.82	0.09	
sr:170075	Chives, freeze-dried	usda	311	21.2	64.29	3.5	1 tbsp:0.2|0.25 cup:0.8
sr:170076	Dock, raw	usda	22	2	3.2	0.7	1 cup, chopped:133
sr:170077	Dock, cooked, boiled, drained, without salt	usda	20	1.83	2.93	0.64	
sr:170078	Eppaw, raw	usda	150	4.6	31.68	1.8	1 cup:100
sr:170079	Beans, mung, mature seeds, sprouted, canned, drained solids	usda	12	1.4	2.14	0.06	1 cup:125
sr:170080	Peppers, jalapeno, canned, solids and liquids	usda	27	0.92	4.74	0.94	1 cup, chopped:136|1 cup, sliced:104|1 pepper:22
sr:170081	Radishes, white icicle, raw	usda	14	1.1	2.63	0.1	0.5 cup slices:50|1 radish (7" long):17
sr:170082	Shallots, freeze-dried	usda	348	12.3	80.7	0.5	1 tbsp:0.9|0.25 cup:3.6
sr:170083	Sweet potato, canned, syrup pack, solids and liquids	usda	89	0.98	20.93	0.2	1 cup:228|1 can (404 x 307):638
sr:170084	Sweet potato, canned, syrup pack, drained solids	usda	108	1.28	25.36	0.32	1 cup:196
sr:170085	Tomato products, canned, sauce, spanish style	usda	33	1.44	7.24	0.27	1 cup:244|1 can, 15 oz (303 x 406):425
sr:170086	Beans, pinto, mature seeds, sprouted, raw	usda	62	5.25	11.6	0.9	
sr:170087	Beans, pinto, mature seeds, sprouted, cooked, boiled, drained, without salt	usda	22	1.86	4.1	0.32	
sr:170088	Sweet potato, cooked, candied, home-prepared	usda	164	0.89	32.12	3.54	1 piece (2-1/2" x 2" dia):105
sr:170089	Tomatoes, red, ripe, cooked, stewed	usda	79	1.96	13.05	2.68	1 cup:101|1 recipe yield:604
sr:170090	Seaweed, agar, dried	usda	306	6.21	80.88	0.3	
sr:170091	Seaweed, spirulina, raw	usda	26	5.92	2.42	0.39	
sr:170092	Potato pancakes	usda	268	6.08	27.81	14.76	1 small 2-3/4 in. dia., 5/8 in. thick.:22|1 medium 3-1/4 in. x 3-5/8 in., 5/8 in. thick.:37
sr:170093	Potatoes, baked, flesh and skin, without salt	usda	93	2.5	21.15	0.13	1 NLEA serving:148|1 potato large:299|1 potato medium:173|1 potato small:138
sr:170094	Potatoes, microwaved, cooked in skin, flesh and skin, without salt	usda	105	2.44	24.24	0.1	1 potato (2-3/4" dia by 4-3/4" long):202
sr:170095	Radish seeds, sprouted, raw	usda	43	3.81	3.6	2.53	1 cup:38
sr:170096	Tomatoes, yellow, raw	usda	15	0.98	2.98	0.26	1 cup, chopped:139|1 tomato:212
sr:170097	Mushrooms, shiitake, cooked, with salt	usda	56	1.56	14.39	0.22	1 cup pieces:145|4 mushrooms:72
sr:170098	Okra, cooked, boiled, drained, with salt	usda	22	1.87	4.51	0.21	0.5 cup slices:80|8 pods (3" long):85
sr:170099	Okra, frozen, cooked, boiled, drained, with salt	usda	29	1.63	6.41	0.24	0.5 cup slices:92|1 package (10 oz) yields:255
sr:170100	Onions, cooked, boiled, drained, with salt	usda	42	1.36	9.56	0.19	1 cup:210|1 tbsp chopped:15|1 large:128|1 slice large (1/4" thick):32|1 medium:94|1 slice medium (1/8" thick):12
sr:170101	Onions, frozen, chopped, cooked, boiled, drained, with salt	usda	26	0.77	6	0.1	1 tbsp chopped:15|0.5 cup, chopped or diced:105
sr:170102	Peas, green, cooked, boiled, drained, with salt	usda	84	5.36	15.63	0.22	1 cup:160
sr:170103	Peas, green, canned, no salt added, solids and liquids	usda	53	3.19	9.75	0.3	0.5 cup:124|1 can (303 x 406):482
sr:170104	Peas, green, canned, no salt added, drained solids	usda	69	4.42	12.58	0.35	0.5 cup:85|1 can (303 x 406):313
sr:170105	Peas, green, frozen, cooked, boiled, drained, with salt	usda	78	5.15	14.26	0.27	0.5 cup:80|1 package (10 oz) yields:253
sr:170106	Peppers, hot chili, red, raw	usda	40	1.87	8.81	0.44	1 pepper:45|0.5 cup, chopped or diced:75
sr:170107	Peppers, hot chili, red, canned, excluding seeds, solids and liquids	usda	21	0.9	5.1	0.1	1 pepper:73|0.5 cup, chopped or diced:68
sr:170108	Peppers, sweet, red, raw	usda	26	0.99	6.03	0.3	1 cup, chopped:149|1 cup, sliced:92|1 tablespoon:9.3|1 large (2-1/4 per pound, approx 3-3/4" long, 3" dia.):164|1 medium (approx 2-3/4" long, 2-1/2 dia.):119|1 small:74
sr:170109	Peppers, sweet, green, cooked, boiled, drained, with salt	usda	26	0.92	6.11	0.2	1 tbsp:11.6|1 pepper:73|0.5 cup, chopped:92
sr:170110	Peppers, sweet, red, cooked, boiled, drained, without salt	usda	28	0.92	6.7	0.2	1 cup, strips:135|1 tbsp:11.6|0.5 cup, chopped:68
sr:170111	Potatoes, baked, flesh and skin, with salt	usda	93	2.5	21.15	0.13	0.5 cup:61|1 potato large (3" to 4-1/4" dia):299|1 potato medium (2-1/4" to 3-1/4" dia):173|1 potato small (1-3/4" to 2-1/2" dia):138|1 NLEA serving:148
sr:170112	Potatoes, baked, flesh, with salt	usda	93	1.96	21.55	0.1	0.5 cup:61|1 potato (2-1/3" x 4-3/4"):156
sr:170113	Potatoes, baked, skin only, with salt	usda	198	4.29	46.06	0.1	1 skin:58
sr:170114	Potatoes, boiled, cooked in skin, flesh, with salt	usda	87	1.87	20.13	0.1	0.5 cup:78|1 potato (2-1/2" dia, sphere):136
sr:170115	Potatoes, microwaved, cooked, in skin, skin with salt	usda	132	4.39	29.63	0.1	1 skin:58
sr:170116	Potatoes, frozen, whole, cooked, boiled, drained, with salt	usda	63	1.98	13.93	0.13	
sr:170117	Potatoes, frozen, french fried, par fried, cottage-cut, prepared, heated in oven, with salt	usda	218	3.44	34.03	8.2	1 strips:50|1 package (9 oz) yields:198
sr:170118	Potatoes, french fried, all types, salt not added in processing, frozen, oven-heated	usda	168	2.66	28.71	5.22	1 strip:74
sr:170119	Pumpkin, flowers, cooked, boiled, drained, with salt	usda	15	1.09	3.18	0.08	1 cup:134
sr:170120	Pumpkin leaves, cooked, boiled, drained, with salt	usda	21	2.72	3.39	0.22	1 cup:71
sr:170121	Purslane, cooked, boiled, drained, with salt	usda	18	1.49	3.55	0.19	1 cup:115
sr:170122	Radishes, oriental, cooked, boiled, drained, with salt	usda	17	0.67	3.43	0.24	1 cup slices:147
sr:170123	Spinach, canned, no salt added, solids and liquids	usda	19	2.11	2.92	0.37	1 cup:234
sr:170124	Spinach, frozen, chopped or leaf, cooked, boiled, drained, with salt	usda	34	4.01	4.8	0.87	0.5 cup:95|1 package (10 oz) yields:220
sr:170125	Squash, summer, all varieties, cooked, boiled, drained, with salt	usda	20	0.91	4.31	0.31	1 cup slices:180
sr:170126	Squash, summer, crookneck and straightneck, cooked, boiled, drained, with salt	usda	19	1.04	3.79	0.39	1 cup slices:180
sr:170127	Squash, winter, all varieties, cooked, baked, with salt	usda	37	0.89	8.85	0.35	1 cup, cubes:205
sr:170128	Squash, winter, acorn, cooked, baked, with salt	usda	56	1.12	14.58	0.14	1 cup, cubes:205
sr:170129	Squash, winter, acorn, cooked, boiled, mashed, with salt	usda	34	0.67	8.79	0.08	1 cup, mashed:245
sr:170130	Squash, winter, butternut, cooked, baked, with salt	usda	40	0.9	10.49	0.09	1 cup, cubes:205
sr:170131	Succotash, (corn and limas), frozen, cooked, boiled, drained, with salt	usda	93	4.31	19.95	0.89	1 cup:170
sr:170132	Water convolvulus, cooked, boiled, drained, with salt	usda	20	2.08	3.7	0.24	1 cup, chopped:98
sr:170133	Sweet potato leaves, cooked, steamed, with salt	usda	35	2.18	7.38	0.34	1 cup:64
sr:170134	Sweet potato, cooked, baked in skin, flesh, with salt	usda	90	2.01	20.71	0.15	1 medium (2" dia, 5" long, raw):114|0.5 cup, mashed:100
sr:170135	Taro, shoots, cooked, with salt	usda	14	0.73	3.19	0.08	1 cup slices:140
sr:170136	Taro, tahitian, cooked, with salt	usda	44	4.16	6.85	0.68	1 cup slices:137
sr:170137	Tomatoes, red, ripe, cooked, with salt	usda	18	0.95	4.01	0.11	1 cup:240|0.5 cup:120|1 NLEA serving:121
sr:170138	Tomatoes, red, ripe, canned, packed in tomato juice, no salt added	usda	16	0.79	3.47	0.25	1 cup:240|1 tbsp:15|1 can:190|1 large:164|1 medium:111|1 small:82
sr:170139	Turnip greens, cooked, boiled, drained, with salt	usda	20	1.14	4.36	0.23	1 cup, chopped:144
sr:170140	Turnip greens, frozen, cooked, boiled, drained, with salt	usda	29	3.35	4.98	0.42	0.5 cup:82|1 package (10 oz) yields:220
sr:170141	Turnip greens and turnips, frozen, cooked, boiled, drained, with salt	usda	34	2.99	4.74	0.38	1 cup:163|0.5 cup:86
sr:170142	Vegetables, mixed, frozen, cooked, boiled, drained, with salt	usda	60	2.86	13.09	0.15	0.5 cup:91|1 package (10 oz) yields:275
sr:170143	Mushrooms, portabella, exposed to ultraviolet light, raw	usda	22	2.11	3.87	0.35	1 cup diced:86|1 piece whole:84
sr:170144	Seeds, breadfruit seeds, raw	usda	191	7.4	29.24	5.59	1 oz:28.4
sr:170145	Seeds, breadfruit seeds, boiled	usda	168	5.3	32	2.3	1 oz:28.4
sr:170146	Seeds, cottonseed flour, low fat (glandless)	usda	332	49.83	36.1	1.41	1 oz:28.4
sr:170147	Seeds, cottonseed meal, partially defatted (glandless)	usda	367	49.1	38.43	4.77	1 oz:28.4
sr:170148	Seeds, hemp seed, hulled	usda	553	31.56	8.67	48.75	3 tbsp:30
sr:170149	Seeds, lotus seeds, dried	usda	332	15.41	64.47	1.97	1 cup:32|1 oz (42 medium seeds):28.4
sr:170150	Seeds, sesame seeds, whole, dried	usda	573	17.73	23.45	49.67	1 cup:144|1 tbsp:9
sr:170151	Seeds, sesame seeds, whole, roasted and toasted	usda	565	16.96	25.74	48	1 oz:28.4
sr:170152	Seeds, sesame seed kernels, toasted, without salt added (decorticated)	usda	567	16.96	26.04	48	1 cup:128|1 oz:28.4
sr:170153	Seeds, sesame flour, partially defatted	usda	382	40.32	35.14	11.89	1 oz:28.4
sr:170154	Seeds, sunflower seed kernels, toasted, without salt	usda	619	17.21	20.59	56.8	1 cup:134|1 oz:28.4
sr:170155	Seeds, sunflower seed butter, without salt	usda	617	17.28	23.32	55.2	1 tbsp:16|1 oz:28.4
sr:170156	Seeds, sunflower seed flour, partially defatted	usda	326	48.06	35.83	1.61	1 cup:64|1 tbsp:4
sr:170157	Nuts, acorns, raw	usda	387	6.15	40.75	23.86	1 oz:28.4
sr:170158	Nuts, almonds, dry roasted, without salt added	usda	598	20.96	21.01	52.54	1 cup whole kernels:138|1 oz (22 whole kernels):28.4
sr:170159	Nuts, almonds, oil roasted, without salt added	usda	607	21.23	17.68	55.17	1 cup whole kernels:157|1 oz (22 whole kernels):28.4
sr:170160	Nuts, almond paste	usda	458	9	47.81	27.74	1 oz:28.4|1 cup, firmly packed:227
sr:170161	Nuts, beechnuts, dried	usda	576	6.2	33.5	50	1 oz:28.4
sr:170163	Nuts, cashew butter, plain, without salt added	usda	587	17.56	27.57	49.41	1 tbsp:16|1 oz:28.4
sr:170164	Nuts, chestnuts, chinese, raw	usda	224	4.2	49.07	1.11	1 oz:28.4
sr:170165	Nuts, chestnuts, chinese, dried	usda	363	6.82	79.76	1.81	1 oz:28.4
sr:170166	Nuts, chestnuts, chinese, boiled and steamed	usda	153	2.88	33.64	0.76	1 oz:28.4
sr:170167	Nuts, chestnuts, european, dried, peeled	usda	369	5.01	78.43	3.91	1 oz:28.4
sr:170168	Nuts, chestnuts, european, boiled and steamed	usda	131	2	27.76	1.38	1 oz:28.4
sr:170169	Nuts, coconut meat, raw	usda	354	3.33	15.23	33.49	1 cup, shredded:80|1 medium:397|1 piece (2" x 2" x 1/2"):45
sr:170170	Nuts, coconut meat, dried (desiccated), not sweetened	usda	660	6.88	23.65	64.53	1 oz:28.4
sr:170171	Nuts, coconut cream, canned, sweetened	usda	357	1.17	53.21	16.31	1 tbsp:19|1 cup:296
sr:170172	Nuts, coconut milk, raw (liquid expressed from grated meat and water)	usda	230	2.29	5.54	23.84	1 cup:240|1 tbsp:15
sr:170173	Nuts, coconut milk, canned (liquid expressed from grated meat and water)	usda	197	2.02	2.81	21.33	1 cup:226|1 tbsp:15
sr:170174	Nuts, coconut water (liquid from coconuts)	usda	19	0.72	3.71	0.2	1 cup:240|1 tbsp:15|1 coconut yields:206
sr:170175	Nuts, ginkgo nuts, dried	usda	348	10.35	72.45	2	1 oz:28.4
sr:170176	Nuts, ginkgo nuts, canned	usda	111	2.29	22.1	1.62	1 cup (78 kernels):155|1 oz (14 kernels):28.4
sr:170177	Nuts, hickorynuts, dried	usda	657	12.72	18.25	64.37	1 cup:120|1 oz:28.4|1 nut:3
sr:170179	Nuts, macadamia nuts, dry roasted, without salt added	usda	718	7.79	13.38	76.08	1 cup, whole or halves:132|1 oz (10-12 kernels):28.4
sr:170180	Nuts, formulated, wheat-based, unflavored, with salt added	usda	622	13.82	23.68	57.7	1 oz:28.4
sr:170181	Nuts, mixed nuts, dry roasted, with peanuts, salt added, CHOSEN ROASTER	usda	608	18	24.62	53.2	1 cup:132
sr:170182	Nuts, pecans	usda	691	9.17	13.86	71.97	1 cup, chopped:109|1 cup, halves:99|1 oz (19 halves):28.4
sr:170183	Nuts, pecans, dry roasted, without salt added	usda	710	9.5	13.55	74.27	1 oz:28.4
sr:170185	Nuts, pistachio nuts, dry roasted, without salt added	usda	572	21.05	28.28	45.82	1 cup:123|1 oz (49 kernels):28.4|1 kernel:0.7
sr:170186	Nuts, walnuts, black, dried	usda	619	24.06	9.58	59.33	1 cup, chopped:125|1 tbsp:7.8|1 oz:28.4
sr:170187	Nuts, walnuts, english	usda	654	15.23	13.71	65.21	1 cup, chopped:117|1 cup, ground:80|1 cup, in shell, edible yield (7 nuts):28|1 cup shelled (50 halves):100|1 cup pieces or chips:120|1 oz (14 halves):28.4
sr:170188	Seeds, pumpkin and squash seeds, whole, roasted, without salt	usda	446	18.55	53.75	19.4	1 cup:64|1 oz (85 seeds):28.4
sr:170189	Seeds, sesame butter, tahini, from roasted and toasted kernels (most common type)	usda	595	17	21.19	53.76	1 tbsp:15|1 oz:28.4
sr:170190	Nuts, chestnuts, european, roasted	usda	245	3.17	52.96	2.2	1 cup:143|1 oz:28.4|1 kernels:84
sr:170191	Seeds, sesame butter, paste	usda	586	18.08	24.05	50.87	1 tbsp:16
sr:170192	Seeds, sesame flour, high-fat	usda	526	30.78	26.62	37.1	1 oz:28.4
sr:170193	Beef, variety meats and by-products, suet, raw	usda	854	1.5	0	94	1 oz:28.4|4 oz:113
sr:170194	Beef, variety meats and by-products, thymus, raw	usda	236	12.18	0	20.35	1 oz:28.4|4 oz:113
sr:170195	Beef, variety meats and by-products, thymus, cooked, braised	usda	319	21.85	0	24.98	3 oz:85|1 piece, cooked, excluding refuse (yield from 1 lb raw meat with refuse):381
sr:170196	Beef, variety meats and by-products, tongue, raw	usda	224	14.9	3.68	16.09	1 oz:28.4|4 oz:113
sr:170197	Beef, cured, breakfast strips, raw or unheated	usda	406	12.5	0.7	38.8	3 slices:68|1 package (net weight, 12 oz):340
sr:170198	Beef, cured, breakfast strips, cooked	usda	449	31.3	1.4	34.4	3 slices:34|1 package, cooked (yield from 12 oz raw product):170
sr:170199	Beef, cured, corned beef, brisket, raw	usda	198	14.68	0.14	14.9	1 oz:28.4|1 lb:453.6
sr:170200	Beef, cured, corned beef, brisket, cooked	usda	251	18.17	0.47	18.98	3 oz:85|1 piece, cooked, excluding refuse (yield from 1 lb raw meat with refuse):320
sr:170201	Beef, chuck, under blade center steak, boneless, Denver Cut, separable lean only, trimmed to 0" fat, choice, cooked, grilled	usda	228	26.49	0.28	13.42	3 oz:85|1 steak:356
sr:170202	Beef, cured, luncheon meat, jellied	usda	111	19	0	3.3	1 slice (1 oz) (4" x 4" x 3/32" thick):28
sr:170203	Beef, chuck, under blade center steak, boneless, Denver Cut, separable lean only, trimmed to 0" fat, select, cooked, grilled	usda	209	26.53	0	11.46	3 oz:85|1 steak:349
sr:170204	Beef, cured, pastrami	usda	147	21.8	0.36	5.82	1 package, 2.5 oz:71|1 slice (1 oz):28
sr:170205	Beef, chuck, under blade center steak, boneless, Denver Cut, separable lean only, trimmed to 0" fat, all grades, raw	usda	170	19.42	0.49	9.99	4 oz:113|1 steak:473
sr:170206	Beef, composite of trimmed retail cuts, separable lean and fat, trimmed to 0" fat, choice, cooked	usda	233	28.17	0	12.53	3 oz:85
sr:170207	Beef, composite of trimmed retail cuts, separable lean and fat, trimmed to 0" fat, select, cooked	usda	203	28.61	0	9.18	3 oz:85
sr:170208	Beef, composite of trimmed retail cuts, separable lean only, trimmed to 0" fat, all grades, cooked	usda	203	29.9	0	8.37	3 oz:85
sr:170209	Beef, composite of trimmed retail cuts, separable lean only, trimmed to 0" fat, choice, cooked	usda	206	29.51	0	8.87	3 oz:85
sr:170210	Beef, brisket, flat half, separable lean only, trimmed to 0" fat, all grades, cooked, braised	usda	205	33.26	0	6.99	3 oz:85|1 steak (yield from 418g raw meat):270
sr:170211	Beef, brisket, point half, separable lean and fat, trimmed to 0" fat, all grades, cooked, braised	usda	358	23.53	0	28.5	3 oz:85|1 piece, cooked, excluding refuse (yield from 1 lb raw meat with refuse):314
sr:170212	Beef, brisket, point half, separable lean only, trimmed to 0" fat, all grades, cooked, braised	usda	244	28.05	0	13.8	3 oz:85|1 piece, cooked, excluding refuse (yield from 1 lb raw meat with refuse):232
sr:170213	Beef, chuck, arm pot roast, separable lean and fat, trimmed to 0" fat, all grades, cooked, braised	usda	297	28.94	0	19.17	3 oz:85|1 roast (yield from 1601 g raw meat):1166
sr:170214	Beef, chuck, under blade pot roast, boneless, separable lean and fat, trimmed to 0" fat, select, cooked, braised	usda	288	27.17	0	19.02	3 oz:85|1 roast:629
sr:170215	Beef, chuck, blade roast, separable lean only, trimmed to 0" fat, all grades, cooked, braised	usda	253	31.06	0	13.3	3 oz:85|1 piece, cooked, excluding refuse (yield from 1 lb raw meat with refuse):191
sr:170216	Beef, chuck, under blade pot roast, boneless, separable lean only, trimmed to 0" fat, choice, cooked, braised	usda	231	30.45	0	11.14	3 oz:85|1 roast:658
sr:170217	Beef, chuck, under blade pot roast, boneless, separable lean only, trimmed to 0" fat, select, cooked, braised	usda	216	30.68	0	9.44	3 oz:85|1 roast:629
sr:170218	Beef, rib, large end (ribs 6-9), separable lean only, trimmed to 0" fat, select, cooked, roasted	usda	220	27.53	0	11.4	3 oz:85|1 piece, cooked, excluding refuse (yield from 1 lb raw meat with refuse):217
sr:170219	Beef, rib, small end (ribs 10-12), separable lean and fat, trimmed to 0" fat, all grades, cooked, broiled	usda	249	27.27	0	14.74	3 oz:85|1 steak (yield from 233 g raw meat):233
sr:170220	Beef, rib, small end (ribs 10-12), separable lean and fat, trimmed to 0" fat, choice, cooked, broiled	usda	312	24.73	0	22.84	3 oz:85|1 piece, cooked, excluding refuse (yield from 1 lb raw meat with refuse):272
sr:170221	Beef, rib, small end (ribs 10-12), separable lean and fat, trimmed to 0" fat, select, cooked, broiled	usda	285	24.91	0	19.79	3 oz:85|1 piece, cooked, excluding refuse (yield from 1 lb raw meat with refuse):265
sr:170222	Beef, round, bottom round, roast, separable lean and fat, trimmed to 0" fat, all grades, cooked, roasted	usda	187	27.42	0	7.72	3 oz:85|1 roast (yield from 600 g raw meat):489
sr:170223	Beef, round, bottom round, steak, separable lean and fat, trimmed to 0" fat, choice, cooked, braised	usda	230	32.73	0	10	3 oz:85|1 steak (yield from 299 g raw meat):191
sr:170224	Beef, round, bottom round, roast, separable lean and fat, trimmed to 0" fat, choice, cooked, roasted	usda	199	26.76	0	9.37	3 oz:85|1 roast (yield from 627 g raw meat):515
sr:170225	Beef, round, bottom round, steak, separable lean and fat, trimmed to 0" fat, select, cooked, braised	usda	217	34.39	0	7.72	3 oz:85|1 steak (yield from 281 g raw meat):179
sr:170226	Beef, round, bottom round, steak, separable lean only, trimmed to 0" fat, select, cooked, braised	usda	206	34.93	0	6.3	3 oz:85|1 steak (yield from 281 g raw meat):179
sr:170227	Beef, round, bottom round roast, separable lean only, trimmed to 0" fat, select, cooked, roasted	usda	169	28.29	0	5.33	3 oz:85|1 roast (yield from 572 g raw meat):464
sr:170228	Beef, round, eye of round roast, boneless, separable lean and fat, trimmed to 0" fat, all grades, cooked, roasted	usda	167	29.66	0	4.46	3 oz:85|1 roast (yield from 436 g raw meat):346|1 piece, cooked, excluding refuse (yield from 1 lb raw meat with refuse):333
sr:170229	Beef, round, eye of round roast, boneless, separable lean and fat, trimmed to 0" fat, choice, cooked, roasted	usda	171	29.79	0	4.83	3 oz:85|1 roast (yield from 445 g raw meat):355
sr:170230	Beef, round, tip round, roast, separable lean and fat, trimmed to 0" fat, all grades, cooked, roasted	usda	188	26.79	0	8.21	3 oz:85|1 piece, cooked, excluding refuse (yield from 1 lb raw meat with refuse):330
sr:170231	Beef, round, tip round, roast, separable lean and fat, trimmed to 0" fat, choice, cooked, roasted	usda	196	27.01	0	8.9	3 oz:85|1 roast (yield from 1405 g raw meat):1138
sr:170232	Beef, round, tip round, roast, separable lean and fat, trimmed to 0" fat, select, cooked, roasted	usda	181	26.57	0	7.53	3 oz:85|1 roast (yield from 1388 g raw meat):1141
sr:170233	Beef, round, tip round, roast, separable lean only, trimmed to 0" fat, all grades, cooked, roasted	usda	174	27.53	0	6.2	3 oz:85|1 piece, cooked, excluding refuse (yield from 1 lb raw meat with refuse):320
sr:170234	Beef, round, top round, separable lean and fat, trimmed to 0" fat, select, cooked, braised	usda	200	35.62	0	5.33	3 oz:85|1 piece, cooked, excluding refuse (yield from 1 lb raw meat with refuse):267
sr:170235	Beef, round, top round, separable lean only, trimmed to 0" fat, choice, cooked, braised	usda	207	36.12	0	5.8	3 oz:85|1 piece, cooked, excluding refuse (yield from 1 lb raw meat with refuse):261
sr:170236	Beef, round, top round, separable lean only, trimmed to 0" fat, select, cooked, braised	usda	190	36.12	0	4	3 oz:85|1 piece, cooked, excluding refuse (yield from 1 lb raw meat with refuse):261
sr:170237	Beef, loin, tenderloin steak, boneless, separable lean and fat, trimmed to 0" fat, all grades, cooked, grilled	usda	211	30.5	0	8.91	3 oz:85|1 steak:117
sr:170238	Beef, loin, tenderloin steak, boneless, separable lean and fat, trimmed to 0" fat, choice, cooked, grilled	usda	217	30.21	0	9.71	3 oz:85|1 steak (yield from 161 g raw meat):126
sr:170239	Beef, loin, top loin steak, boneless, lip off, separable lean and fat, trimmed to 0" fat, all grades, cooked, grilled	usda	223	28.57	0	11.15	3 oz:85|1 steak:119
sr:170240	Beef, loin, top loin steak, boneless, lip off, separable lean and fat, trimmed to 0" fat, choice, cooked, grilled	usda	233	28.19	0	12.51	3 oz:85|1 steak (yield from 203 g raw meat):164
sr:170241	Puddings, banana, dry mix, regular, with added oil	usda	387	0	88.4	5	1 package (3.12 oz):88|1 portion, amount to make 1/2 cup:22
sr:170242	Puddings, lemon, dry mix, regular, with added oil, potassium, sodium	usda	366	0.1	90.3	1.5	1 package (3 oz):85|1 portion, amount to make 1/2 cup:21
sr:170243	Puddings, tapioca, dry mix, with no added salt	usda	369	0.1	94.3	0.1	1 package (3.5 oz):92|1 portion, amount to make 1/2 cup:23
sr:170244	Snacks, corn-based, extruded, puffs or twists, cheese-flavor, unenriched	usda	558	5.76	54.1	35.76	1 oz:28.4|1 bag (8 oz):227
sr:170245	Snacks, corn-based, extruded, chips, barbecue-flavor, made with enriched masa flour	usda	523	7	56.2	32.7	1 oz:28.4
sr:170246	Snacks, popcorn, air-popped (Unsalted)	usda	382	12	77.9	4.2	1 cup:8|1 oz:28.4
sr:170247	Snacks, popcorn, oil-popped, white popcorn, salt added	usda	500	9	57.2	28.1	1 cup:11|1 oz:28.4
sr:170248	Snacks, potato chips, plain, made with partially hydrogenated soybean oil, salted	usda	536	7	52.9	34.6	1 oz:28.4|1 bag (8 oz):227
sr:170249	Snacks, pretzels, hard, plain, made with enriched flour, unsalted	usda	381	9.1	79.2	3.5	1 oz:28.4|1 twists:60
sr:170250	Snacks, rice cakes, brown rice, plain, unsalted	usda	387	8.2	81.5	2.8	1 cake:9|2 cakes:18
sr:170251	Snacks, rice cakes, brown rice, buckwheat, unsalted	usda	380	9	80.1	3.5	1 cake:9|2 cakes:18
sr:170252	Snacks, rice cakes, brown rice, multigrain, unsalted	usda	387	8.5	80.1	3.5	1 cake:9|2 cakes:18
sr:170253	Potato chips, without salt, reduced fat	usda	487	7.1	67.8	20.8	1 oz:28.4
sr:170254	Snacks, tortilla chips, low fat, unsalted	usda	416	11	80.1	5.7	1 oz:28.4
sr:170255	Frozen novelties, juice type, POPSICLE SCRIBBLERS	usda	81	0	19.68	0.24	1 serving 1.2 fl oz pop:33
sr:170256	Snacks, tortilla chips, nacho-flavor, made with enriched masa flour	usda	511	7.8	62.3	25.6	1 oz:28.4
sr:170257	Sweeteners, tabletop, sucralose, SPLENDA packets	usda	336	0	91.17	0	1 serving 1 packet:1
sr:170258	Frozen novelties, No Sugar Added, FUDGSICLE pops	usda	124	3.67	23.11	1.87	1 serving:84
sr:170259	Frozen novelties, ice type, sugar free, orange, cherry, and grape POPSICLE pops	usda	21	0	5.14	0	1 serving 1.75 fl oz pop:55
sr:170260	Frozen novelties, KLONDIKE, SLIM-A-BEAR Fudge Bar, 98% fat free, no sugar added	usda	124	4.31	30.07	1.88	1 serving 3.5 fl oz bar:74
sr:170261	Ice creams, BREYERS, All Natural Light Vanilla	usda	162	4.84	25.3	4.59	1 serving 1/2 cup:68
sr:170262	Ice creams, BREYERS, No Sugar Added, Butter Pecan	usda	180	3.99	21.3	10.3	1 serving 1/2 cup:68
sr:170263	Ice creams, BREYERS, No Sugar Added, French Vanilla	usda	154	4.5	20.75	7.05	1 serving 1/2 cup:68
sr:170264	Ice creams, BREYERS, No Sugar Added, Vanilla	usda	143	3.68	21.92	6.2	1 serving 1/2 cup:69
sr:170265	Ice creams, BREYERS, No Sugar Added, Vanilla Fudge Twirl	usda	153	3.53	25.63	5.68	1 serving 1/2 cup:72
sr:170266	Frozen novelties, No Sugar Added CREAMSICLE Pops	usda	72	3.69	12.88	0.61	1 serving 1 pop:44
sr:170267	Frozen novelties, Sugar Free, CREAMSICLE Pops	usda	49	1.37	11.95	2.33	1 serving 2 pops:80
sr:170268	Ice creams, BREYERS, All Natural Light French Chocolate	usda	201	5.3	29.68	7.28	1 serving 1/2 cup:68
sr:170269	Ice creams, BREYERS, 98% Fat Free Chocolate	usda	136	3.89	30.18	2.17	1 serving 1/2 cup:68
sr:170270	Ice creams, regular, low carbohydrate, chocolate	usda	237	3.8	26.8	12.7	1 individual (3.5 fl oz):58
sr:170271	Chocolate, dark, 45- 59% cacao solids	usda	546	4.88	61.17	31.28	1 oz:28.4|1 bar:162
sr:170272	Chocolate, dark, 60-69% cacao solids	usda	579	6.12	52.42	38.31	1 oz:28.4|1 bar:112
sr:170273	Chocolate, dark, 70-85% cacao solids	usda	598	7.79	45.9	42.63	1 oz:28.4|1 bar:101
sr:170274	Candies, chocolate, dark, NFS (45-59% cacao solids 90%; 60-69% cacao solids 5%; 70-85% cacao solids 5%)	usda	550	5.09	59.97	32.2	1 oz:28.4|1 bar:127
sr:170275	Candies, crispy bar with peanut butter filling	usda	542	9.53	55.53	31.34	1 serving 1.5 oz:42
sr:170276	Syrup, maple, Canadian	usda	270	0	67.38	0	6 milliliter:80
sr:170277	Sweetener, syrup, agave	usda	310	0.09	76.37	0.45	1 tsp:6.9|0.25 cup:55
sr:170278	Candies, NESTLE, BUTTERFINGER Crisp	usda	465	6.67	68.45	18.33	1 piece:60
sr:170279	Candies, fruit snacks, with high vitamin C	usda	352	0.08	87.97	0	1 serving:44
sr:170280	Jams, preserves, marmalades, sweetened with fruit juice	usda	212	0	52.93	0	1 tablespoon:19
sr:170281	Candies, Tamarind	usda	331	0	91.96	0	1 serving:14
sr:170282	Candies, coconut bar, not chocolate covered	usda	481	2.13	55.87	27.65	1 bar:47
sr:170283	Barley, hulled	usda	354	12.48	73.48	2.3	1 cup:184
sr:170284	Barley, pearled, raw	usda	352	9.91	77.72	1.16	1 cup:200
sr:170285	Barley, pearled, cooked	usda	123	2.26	28.22	0.44	1 cup:157
sr:170286	Buckwheat	usda	343	13.25	71.5	3.4	1 cup:170
sr:170287	Bulgur, cooked	usda	83	3.08	18.58	0.24	1 cup:182|1 tbsp:8.4
sr:170288	Corn grain, yellow	usda	365	9.42	74.26	4.74	1 cup:166
sr:170289	Corn bran, crude	usda	224	8.36	85.64	0.92	1 cup:76
sr:170290	Corn flour, whole-grain, yellow	usda	361	6.93	76.85	3.86	1 cup:117
sr:170291	Fast foods, nachos, with cheese	usda	343	4.32	34.91	21.5	1 serving:80
sr:170292	Fast foods, nachos, with cheese, beans, ground beef, and tomatoes	usda	219	6.21	21.39	12.48	1 serving:222
sr:170293	Fast foods, cheeseburger, double, regular patty and bun, with condiments	usda	282	16.24	17.97	16.18	1 sandwich:155
sr:170294	Fast foods, cheeseburger; single, large patty; plain	usda	310	17.29	24.07	15.97	1 sandwich:182
sr:170295	Fast foods, chicken fillet sandwich, plain with pickles	usda	250	16.28	20.89	11.19	1 sandwich:187
sr:170296	Fast foods, fish sandwich, with tartar sauce	usda	257	10.29	26.69	12.45	1 sandwich:220
sr:170297	Fast foods, fish sandwich, with tartar sauce and cheese	usda	279	11.26	26.39	14.64	1 sandwich:134
sr:170298	Fast foods, submarine sandwich, roast beef on white bread with lettuce and tomato	usda	156	12.17	20.34	2.73	6 inch sub:190|12 inch sub:381
sr:170299	Fast foods, submarine sandwich, tuna on white bread with lettuce and tomato	usda	218	12.33	15.95	12.04	6 inch sub:237|12 inch sub:474
sr:170300	Fast foods, coleslaw	usda	153	0.95	14.89	9.91	1 cup:191|1 package:116
sr:170301	Fast foods, hush puppies	usda	296	6.16	40.21	13.25	1 piece:22
sr:170302	Fast food, biscuit	usda	370	7.08	42.82	18.92	1 biscuit:55
sr:170303	CHICK-FIL-A, Chick-n-Strips	usda	228	21.4	10.39	11.2	1 strip:50|1 serving 4 pieces:201
sr:170304	CHICK-FIL-A, hash browns	usda	301	3	30.51	18.5	1 piece:5.5|1 serving:77
sr:170305	School Lunch, pizza, BIG DADDY'S LS 16" 51% Whole Grain Rolled Edge Cheese Pizza, frozen	usda	243	13.89	27.1	8.81	1 slice 1/8 per pizza:155|1 slice 1/10 per pizza:124
sr:170306	Fast foods, submarine sandwich, sweet onion chicken teriyaki on white bread with lettuce, tomato and sweet onion sauce	usda	155	10.91	22.54	2.37	6 inch sub:228|12 inch sub:457
sr:170307	SUBWAY, SUBWAY CLUB sub on white bread with lettuce and tomato	usda	146	10.66	20.36	2.42	6 inch sub:207|12 inch sub:413
sr:170308	Fast foods, submarine sandwich, turkey, roast beef and ham on white bread with lettuce and tomato	usda	146	10.66	20.36	2.42	12 inch sub:413|6 inch sub:207
sr:170309	Fast foods, submarine sandwich, oven roasted chicken on white bread with lettuce and tomato	usda	157	10.84	21.35	3.15	6 inch sub:198|12 inch sub:396
sr:170310	SUBWAY, steak & cheese sub on white bread with American cheese, lettuce and tomato	usda	183	12.29	21.49	5.34	6 inch sub:201|12 inch sub:401
sr:170311	Fast foods, submarine sandwich, steak and cheese on white bread with cheese, lettuce and tomato	usda	183	12.29	21.49	5.34	6 inch sub:201|12 inch sub:401
sr:170312	SUBWAY, B.L.T. sub on white bread with bacon, lettuce and tomato	usda	205	10.06	26.66	6.41	6 inch sub:148|12 inch sub:296
sr:170313	Fast foods, submarine sandwich, bacon, lettuce, and tomato on white bread	usda	205	10.06	26.66	6.41	6 inch sub:148|12 inch sub:296
sr:170314	SUBWAY, oven roasted chicken sub on white bread with lettuce and tomato	usda	157	10.84	21.35	3.15	6 inch sub:198|12 inch sub:396
sr:170315	SUBWAY, cold cut sub on white bread with lettuce and tomato	usda	214	10.52	20.43	10.04	6 inch sub:196|12 inch sub:391
sr:170316	SUBWAY, tuna sub on white bread with lettuce and tomato	usda	221	12.33	15.95	12.04	6 inch sub:237|12 inch sub:474
sr:170317	Pizza, cheese topping, regular crust, frozen, cooked	usda	268	10.36	29.02	12.28	1 serving 9 servings per 24 oz package:81|1 serving 3 servings per 15.1 oz package:151|1 serving 2 servings per 9.8 oz package:146|1 serving 1 serving per 8 oz box:199|1 package 24 oz pizza:727|1 package 15.1 oz pizza:452
sr:170318	Fast Foods, crispy chicken filet sandwich, with lettuce and mayonnaise	usda	276	10.94	27.4	13.59	1 sandwich:152
sr:170319	McDONALD'S, FILET-O-FISH	usda	282	11.26	26.39	14.64	1 sandwich:134
sr:170320	McDONALD'S, Cheeseburger	usda	263	12.97	27.81	11.79	1 item 4 oz:119
sr:170321	McDONALD'S, QUARTER POUNDER	usda	244	14.1	22.17	11.55	1 item:171
sr:170322	WENDY'S, CLASSIC SINGLE Hamburger, with cheese	usda	221	14.87	14.2	11.6	1 item:236
sr:170323	WENDY'S, Jr. Hamburger, without cheese	usda	243	12.62	28.45	8.75	1 item:117
sr:170324	WENDY'S, Jr. Hamburger, with cheese	usda	256	13.06	24.97	11.5	1 item:129
sr:170325	WENDY'S, CLASSIC DOUBLE, with cheese	usda	241	16.52	11.71	14.2	1 item:310
sr:170326	WENDY'S, Frosty Dairy Dessert	usda	132	3.49	23.62	2.6	1 junior 6 oz. cup:113|1 small 12 oz. cup:227|1 medium 16 oz. cup:298
sr:170327	BURGER KING, french fries	usda	280	3.23	38.7	12.48	1 small serving:74|1 medium serving:117|1 large serving:160
sr:170328	BURGER KING, Hamburger	usda	261	14.85	26.76	10.55	1 sandwich:99
sr:170329	BURGER KING, Cheeseburger	usda	286	14.57	23.71	14.81	1 item:133
sr:170330	BURGER KING, Premium Fish Sandwich	usda	260	10.29	26.69	12.45	1 sandwich:220
sr:170331	BURGER KING, Original Chicken Sandwich	usda	286	12.14	26.22	14.69	1 sandwich:199
sr:170332	TACO BELL, Original Taco with beef, cheese and lettuce	usda	229	8.86	19.85	12.7	1 each taco:69
sr:170333	TACO BELL, Soft Taco with beef, cheese and lettuce	usda	206	9.25	20.23	9.75	1 each taco:102
sr:170334	TACO BELL, BURRITO SUPREME with chicken	usda	179	9.84	20.51	6.42	1 item:248
sr:170335	TACO BELL, BURRITO SUPREME with steak	usda	183	9.13	20.32	7.27	1 item:248
sr:170336	TACO BELL, Nachos	usda	350	4.32	34.91	21.5	1 serving:80
sr:170337	TACO BELL, Nachos Supreme	usda	223	6.21	21.39	12.48	1 serving:222
sr:170338	POPEYES, Spicy Chicken Strips, analyzed 2006	usda	253	19.61	18.52	11.2	1 strip:53
sr:170339	KFC, biscuit	usda	358	7.5	43.55	17.05	1 biscuit:49
sr:170340	KFC, Coleslaw	usda	144	0.91	15.65	8.64	1 package:112|1 cup:191
sr:170341	KFC, Crispy Chicken Strips	usda	274	20.25	13.66	15.42	1 strip:47
sr:170342	KFC, Fried Chicken, ORIGINAL RECIPE, Wing, meat only, skin and breading removed	usda	216	28.65	1.76	10.49	1 wing wing without skin:39|1 wing bone and skin removed:23
sr:170343	KFC, Fried Chicken, EXTRA CRISPY, Skin and Breading	usda	464	10.96	22.54	36.61	
sr:170344	KFC, Fried Chicken, EXTRA CRISPY, Breast, meat only, skin and breading removed	usda	153	27.25	0.25	4.82	1 breast, without skin:140|1 breast, bone and skin removed:121
sr:170345	KFC, Fried Chicken, EXTRA CRISPY, Drumstick, meat only, skin and breading removed	usda	170	25.9	0	7.43	1 drumstick, bone and skin removed:41|1 drumstick, without skin:57
sr:170346	KFC, Fried Chicken, ORIGINAL RECIPE, Thigh, meat and skin with breading	usda	269	18.9	8.46	17.73	1 thigh, with skin:135|1 thigh, without skin:86|1 thigh, bone and skin removed:60
sr:170347	KFC, Fried Chicken, ORIGINAL RECIPE, Wing, meat and skin with breading	usda	297	21.7	9.93	18.9	1 wing, with skin:60|1 wing, without skin:39|1 wing, bone and skin removed:23
sr:170348	KFC, Fried Chicken, EXTRA CRISPY, Breast, meat and skin with breading	usda	268	21.24	8.47	16.55	1 breast, with skin:212|1 breast, without skin:140|1 breast, bone and skin removed:121
sr:170349	KFC, Fried Chicken, EXTRA CRISPY, Drumstick, meat and skin with breading	usda	274	20.62	7.96	17.73	1 drumstick, with skin:81|1 drumstick, without skin:57|1 drumstick, bone and skin removed:41
sr:170350	POPEYES, Fried Chicken, Mild, Skin and Breading	usda	433	13.96	21.54	32.32	
sr:170351	POPEYES, Fried Chicken, Mild, Thigh, meat only, skin and breading removed	usda	188	24.31	0.85	9.66	1 thigh thigh without skin:83|1 thigh bone and skin removed:54
sr:170352	POPEYES, Fried Chicken, Mild, Wing, meat only, skin and breading removed	usda	212	28.94	2.9	9.42	1 wing without skin, bone and breading:16
sr:170353	POPEYES, Fried Chicken, Mild, Breast, meat and skin with breading	usda	274	21.67	9.83	16.47	1 breast, with skin:194|1 breast, without skin:132|1 breast, bone and skin removed:99
sr:170354	POPEYES, Fried Chicken, Mild, Drumstick, meat and skin with breading	usda	293	20.44	9.84	19.14	1 drumstick, with skin:76|1 drumstick, without skin:59|1 drumstick, bone and skin removed:44
sr:170355	Yogurt parfait, lowfat, with fruit and granola	usda	84	3.36	15.86	1.01	1 item:149
sr:170356	Fast Foods, Fried Chicken, Breast, meat only, skin and breading removed	usda	153	27.93	0	4.54	1 breast without skin:142|1 breast bone and skin removed:107
sr:170357	Fast Foods, Fried Chicken, Drumstick, meat only, skin and breading removed	usda	172	26.24	0	7.41	1 drumstick, bone and skin removed:40|1 drumstick, drumstick without skin:56
sr:170358	Fast Foods, Fried Chicken, Thigh, meat only, skin and breading removed	usda	178	23.21	0.24	9.41	1 thigh without skin:84|1 thigh bone and skin removed:66
sr:170359	Fast Foods, Fried Chicken, Thigh, meat and skin and breading	usda	274	19.23	8.68	18.07	1 thigh with skin:136|1 thigh without skin:84|1 thigh bone and skin removed:66
sr:170360	Fast Foods, Fried Chicken, Wing, meat and skin and breading	usda	310	21.14	11.19	20.09	1 wing, with skin:58|1 wing, without skin:37|1 wing, bone and skin removed:20
sr:170361	DIGIORNO Pizza, cheese topping, cheese stuffed crust, frozen, baked	usda	279	13.48	29.86	11.68	1 slice 1/4 of pie:164|1 pie 12" diameter:688
sr:170362	DIGIORNO Pizza, cheese topping, rising crust, frozen, baked	usda	256	12.8	31.78	8.6	1 slice 1/4 of pie:183|1 pie 12" diameter:729
sr:170363	DIGIORNO Pizza, supreme topping, rising crust, frozen, baked	usda	255	11.74	27.93	10.68	1 slice 1/4 of pie:227|1 pie 12" diameter:876
sr:170364	DIGIORNO Pizza, supreme topping, thin crispy crust, frozen, baked	usda	255	11.41	28.05	10.8	1 slice 1/4 of pie:155|1 pie 24.8 oz:595
sr:170365	Fast Food, Pizza Chain, 14" pizza, sausage topping, thick crust	usda	282	11.06	30.36	12.94	1 slice:127|1 pizza:1017
sr:170366	Fast Food, Pizza Chain, 14" pizza, sausage topping, thin crust	usda	321	13.36	27	17.71	1 slice:88|1 pizza:670
sr:170367	Fast Food, Pizza Chain, 14" pizza, sausage topping, regular crust	usda	280	11.5	30.62	12.35	1 slice:116|1 pizza:932
sr:170368	Fast Foods, grilled chicken filet sandwich, with lettuce, tomato and spread	usda	182	17.34	16.78	4.57	1 sandwich:230
sr:170369	PIZZA HUT 14" Pepperoni Pizza, THIN 'N CRISPY Crust	usda	333	14.13	32.66	16.17	1 slice:80|1 pizza:634
sr:170370	DOMINO'S 14" Pepperoni Pizza, Crunchy Thin Crust	usda	328	13.88	25.35	19.05	1 slice:79|1 pizza:563
sr:170371	DOMINO'S 14" Sausage Pizza, Crunchy Thin Crust	usda	319	12.77	25.3	18.52	1 slice:78|1 pizza:597
sr:170372	PIZZA HUT 14" Sausage Pizza, Pan Crust	usda	287	11.08	29.56	13.85	1 slice:125|1 pizza:1003
sr:170373	Pizza, cheese topping, thin crust, frozen, cooked	usda	263	11.91	28.8	11.07	1 slice:69|1 pie:556
sr:170374	BURGER KING, Double Cheeseburger	usda	282	16.83	17.43	16.13	1 sandwich:162
sr:170375	Beet greens, raw	usda	22	2.2	4.33	0.13	1 cup:38|1 leaf:32|0.5 cup (1" pieces):19
sr:170376	Beet greens, cooked, boiled, drained, without salt	usda	27	2.57	5.46	0.2	1 cup (1" pieces):144|0.5 cup (1" pieces):72
sr:170377	Broadbeans, immature seeds, raw	usda	72	5.6	11.7	0.6	1 cup:109|1 broadbean:8
sr:170378	Broadbeans, immature seeds, cooked, boiled, drained, without salt	usda	62	4.8	10.1	0.5	
sr:170380	Broccoli, frozen, spears, cooked, boiled, drained, without salt	usda	28	3.1	5.36	0.11	0.5 cup:92|1 package (10 oz) yields:250
sr:170381	Broccoli raab, raw	usda	22	3.17	2.85	0.49	1 cup chopped:40|1 stalk:19
sr:170382	Broccoli raab, cooked	usda	25	3.83	3.12	0.52	1 NLEA serving:85|1 bunch cooked:437
sr:170384	Burdock root, cooked, boiled, drained, without salt	usda	88	2.09	21.15	0.14	1 cup (1" pieces):125|1 root:166
sr:170385	Butterbur, (fuki), raw	usda	14	0.39	3.61	0.04	1 cup:94|1 petiole:5
sr:170386	Butterbur, cooked, boiled, drained, without salt	usda	8	0.23	2.16	0.02	
sr:170387	Butterbur, canned	usda	3	0.11	0.38	0.13	1 cup, chopped:124|3 stalks:45
sr:170388	Cabbage, savoy, raw	usda	27	2	6.1	0.1	1 cup, shredded:70
sr:170389	Cabbage, savoy, cooked, boiled, drained, without salt	usda	24	1.8	5.41	0.09	1 cup, shredded:145
sr:170390	Cabbage, chinese (pak-choi), raw	usda	13	1.5	2.18	0.2	1 cup, shredded:70|1 head:840|1 leaf:14
sr:170391	Cabbage, chinese (pak-choi), cooked, boiled, drained, without salt	usda	12	1.56	1.78	0.16	1 cup, shredded:170
sr:170392	Cabbage, kimchi	usda	15	1.1	2.4	0.5	1 cup:150
sr:170393	Carrots, raw	usda	41	0.93	9.58	0.24	1 cup chopped:128|1 cup grated:110|1 cup strips or slices:122|1 large (7-1/4" to 8-/1/2" long):72|1 medium:61|1 small (5-1/2" long):50
sr:170394	Carrots, cooked, boiled, drained, without salt	usda	35	0.76	8.22	0.18	1 tbsp:9.7|0.5 cup slices:78|1 carrot:46
sr:170395	Carrots, canned, regular pack, solids and liquids	usda	23	0.58	5.37	0.14	0.5 cup slices:123|1 can (303 x 406):454
sr:170396	Carrots, canned, regular pack, drained solids	usda	25	0.64	5.54	0.19	1 cup, sliced:146|1 cup, mashed:228|1 slice:2.8|1 can (303 x 406):284
sr:170397	Cauliflower, cooked, boiled, drained, without salt	usda	23	1.84	4.11	0.45	0.5 cup (1" pieces):62|3 flowerets:54
sr:170398	Cauliflower, frozen, unprepared	usda	24	2.01	4.68	0.27	0.5 cup (1" pieces):66|1 package (10 oz):284
sr:170399	Cauliflower, frozen, cooked, boiled, drained, without salt	usda	19	1.61	3.75	0.22	1 cup (1" pieces):180
sr:170400	Celeriac, raw	usda	42	1.5	9.2	0.3	1 cup:156
sr:170401	Chard, swiss, cooked, boiled, drained, without salt	usda	20	1.88	4.13	0.08	1 cup, chopped:175
sr:170402	Chayote, fruit, raw	usda	19	0.82	4.51	0.13	1 cup (1" pieces):132|1 chayote (5-3/4"):203
sr:170403	Chayote, fruit, cooked, boiled, drained, without salt	usda	24	0.62	5.09	0.48	1 cup (1" pieces):160
sr:170404	Chicory, witloof, raw	usda	17	0.9	4	0.1	1 head:53|0.5 cup:45
sr:170405	Chrysanthemum, garland, cooked, boiled, drained, without salt	usda	20	1.64	4.31	0.09	1 cup (1" pieces):100
sr:170407	Collards, cooked, boiled, drained, without salt	usda	33	2.71	5.65	0.72	1 cup, chopped:190
sr:170408	Collards, frozen, chopped, unprepared	usda	33	2.69	6.46	0.37	0.33 package (10 oz):95|1 package (10 oz):284|1 package (3 lb):1361
sr:170409	Corn, sweet, yellow, canned, brine pack, regular pack, solids and liquids	usda	61	1.95	13.86	0.77	1 cup:256|1 can (303 x 406):482
sr:170410	Onions, frozen, chopped, unprepared	usda	29	0.79	6.82	0.1	0.33 package (10 oz):95|1 package (10 oz):284
sr:170411	Onions, frozen, chopped, cooked, boiled, drained, without salt	usda	28	0.77	6.59	0.1	1 tbsp chopped:15|0.5 cup, chopped or diced:105
sr:170412	Onions, frozen, whole, unprepared	usda	35	0.89	8.45	0.06	0.33 package (10 oz):95|1 package (10 oz):284
sr:170413	Onions, frozen, whole, cooked, boiled, drained, without salt	usda	28	0.71	6.7	0.05	1 cup:210
sr:170414	Onion rings, breaded, par fried, frozen, unprepared	usda	258	3.15	30.53	14.1	6 rings:85|1 package (16 oz):454|1 package (9 oz):255
sr:170416	Parsley, fresh	usda	36	2.97	6.33	0.79	1 cup chopped:60|1 tbsp:3.8|1 sprigs:10
sr:170417	Parsnips, raw	usda	75	1.2	17.99	0.3	1 cup slices:133
sr:170418	Peas, edible-podded, frozen, cooked, boiled, drained, without salt	usda	52	3.5	9.02	0.38	1 cup:160|1 package (10 oz) yields:253
sr:170419	Peas, green, raw	usda	81	5.42	14.45	0.4	1 cup:145
sr:170420	Peas, green, cooked, boiled, drained, without salt	usda	84	5.36	15.63	0.22	1 cup:160
sr:170421	Peas, green, canned, regular pack, solids and liquids	usda	58	3.01	10.6	0.48	0.5 cup:124|1 can (303 x 406):482
sr:170422	Peas, mature seeds, sprouted, raw	usda	124	8.8	27.11	0.68	1 cup:120
sr:170423	Peas, mature seeds, sprouted, cooked, boiled, drained, without salt	usda	98	7.05	17.08	0.51	
sr:170424	Peas and carrots, canned, regular pack, solids and liquids	usda	38	2.17	8.48	0.27	1 cup:255
sr:170425	Peas and carrots, frozen, unprepared	usda	53	3.4	11.15	0.47	0.5 cup:70|1 package (10 oz):284
sr:170426	Peppers, hot chili, green, canned, pods, excluding seeds, solids and liquids	usda	21	0.9	5.1	0.1	1 pepper:73|0.5 cup, chopped or diced:68
sr:170427	Peppers, sweet, green, raw	usda	20	0.86	4.64	0.17	1 cup, chopped:149|1 cup, sliced:92|1 tbsp:9.3|1 large (2-1/4 per lb, approx 3-3/4" long, 3" dia):164|1 medium (approx 2-3/4" long, 2-1/2" dia):119|1 ring (3" dia, 1/4" thick):10
sr:170428	Peppers, sweet, green, cooked, boiled, drained, without salt	usda	28	0.92	6.7	0.2	1 cup, chopped or strips:135|1 tablespoon, chopped:11.6
sr:170429	Peppers, sweet, green, canned, solids and liquids	usda	18	0.8	3.9	0.3	1 cup, halves:140
sr:170430	Pigeonpeas, immature seeds, cooked, boiled, drained, without salt	usda	111	5.96	19.49	1.36	1 cup:153
sr:170431	Poi	usda	112	0.38	27.23	0.14	1 cup:240
sr:170432	Pokeberry shoots, (poke), raw	usda	23	2.6	3.7	0.4	1 cup:160
sr:170433	Pokeberry shoots, (poke), cooked, boiled, drained, without salt	usda	20	2.3	3.1	0.4	1 cup:165|1 tbsp:10
sr:170434	Potatoes, white, flesh and skin, baked	usda	92	2.1	21.08	0.15	1 potato large (3" to 4-1/4" dia):299|1 potato medium (2-1/4" to 3-1/4" dia):173|1 potato small (1-3/4" to 2-1/2" dia):138
sr:170435	Potatoes, red, flesh and skin, baked	usda	87	2.3	19.59	0.15	1 potato large (3" to 4-1/4" dia.:299|1 potato medium (2-1/4" to 3-1/4" dia.):173|1 potato small (1-3/4" to 2-1/2" dia.):138
sr:170436	Potatoes, french fried, crinkle or regular cut, salt added in processing, frozen, as purchased	usda	146	2.34	23.96	4.99	1 strip:82|3 oz:85
sr:170437	Potatoes, french fried, crinkle or regular cut, salt added in processing, frozen, oven-heated	usda	161	2.51	27.5	5.13	1 strip:69
sr:170438	Potatoes, boiled, cooked in skin, flesh, without salt	usda	87	1.87	20.13	0.1	0.5 cup:78|1 potato (2-1/2" dia, sphere):136
sr:170439	Potatoes, boiled, cooked in skin, skin, without salt	usda	78	2.86	17.21	0.1	1 skin:34
sr:170440	Potatoes, boiled, cooked without skin, flesh, without salt	usda	86	1.71	20.01	0.1	0.5 cup:78|1 large (3" to 4-1/4" dia.):300|1 medium (2-1/4" to 3-1/4" dia.):167|1 small (1-3/4" to 2-1/2" dia.):125
sr:170441	Potatoes, microwaved, cooked in skin, flesh, without salt	usda	100	2.1	23.28	0.1	0.5 cup:78|1 potato (2-1/3" x 4-3/4"):156
sr:170442	Potatoes, au gratin, home-prepared from recipe using butter	usda	134	5.06	11.26	7.59	1 cup:245
sr:170443	Potatoes, canned, solids and liquids	usda	44	1.2	9.89	0.11	1 cup, whole:300|1 can (303 x 406):454
sr:170444	Potatoes, canned, drained solids	usda	60	1.41	13.61	0.21	1 cup:180|1 potato:35
sr:170445	Potatoes, mashed, dehydrated, flakes without milk, dry form	usda	354	8.34	81.17	0.41	1 cup:60
sr:170446	Potatoes, mashed, dehydrated, prepared from flakes without milk, whole milk and butter added	usda	97	1.77	10.87	5.13	1 cup:210
sr:170447	Potatoes, au gratin, dry mix, unprepared	usda	314	8.9	74.31	3.7	0.16 package (5.5 oz):26|1 package (5.5 oz):156
sr:170448	Potatoes, au gratin, dry mix, prepared with water, whole milk and butter	usda	93	2.3	12.84	4.12	0.16 package (5.5 oz) yields:137|1 package yield, 5.5 oz:822
sr:170449	Potatoes, scalloped, dry mix, unprepared	usda	358	7.77	73.93	4.59	0.16 package (5.5 oz):26|1 package (5.5 oz):156
sr:170450	Potatoes, scalloped, dry mix, prepared with water, whole milk and butter	usda	93	2.12	12.77	4.3	1 cup (unprepared):245|0.16 package (5.5 oz) yields:137|1 package yield, 5.5 oz:822
sr:170451	Potatoes, french fried, shoestring, salt added in processing, frozen, as purchased	usda	163	2.16	25.59	6.24	1 strip:30
sr:170452	Potatoes, french fried, shoestring, salt added in processing, frozen, oven-heated	usda	194	2.9	31.66	6.76	1 strip:21
sr:170453	Potatoes, o'brien, frozen, unprepared	usda	76	1.83	17.47	0.14	
sr:170454	Potatoes, o'brien, frozen, prepared	usda	204	2.22	21.86	13.21	
sr:170455	Taro, tahitian, cooked, without salt	usda	44	4.16	6.85	0.68	1 cup slices:137
sr:170456	Tomatoes, green, raw	usda	23	1.2	5.1	0.2	1 cup:180|1 large:182|1 medium:123|1 slice or wedge:20|1 small:91
sr:170457	Tomatoes, red, ripe, raw, year round average	usda	18	0.88	3.89	0.2	1 cup cherry tomatoes:149|1 cup, chopped or sliced:180|1 Italian tomato:62|1 cherry:17|1 large whole (3" dia):182|1 medium whole (2-3/5" dia):123
sr:170458	Tomato juice, canned, with salt added	usda	17	0.85	3.53	0.29	1 cup:243|6 fl oz:182
sr:170459	Tomato products, canned, paste, without salt added (Includes foods for USDA's Food Distribution Program)	usda	82	4.32	18.91	0.47	0.25 cup:66|1 cup:262|1 tbsp:16|1 can (6 oz):170
sr:170460	Tomato products, canned, puree, without salt added	usda	38	1.65	8.98	0.21	1 cup:250|1 can (29 oz) (401 x 411):822
sr:170461	Tomato powder	usda	302	12.91	74.68	0.44	
sr:170462	Tomato products, canned, sauce, with onions, green peppers, and celery	usda	41	0.94	8.77	0.74	1 cup:250|1 can, 15 oz (303 x 406):411
sr:170463	Tomato products, canned, sauce, with tomato tidbits	usda	32	1.32	7.09	0.39	1 cup:244|1 can, 15 oz (303 x 406):425
sr:170464	Tree fern, cooked, without salt	usda	40	0.29	10.98	0.07	0.5 cup, chopped:71|1 frond (6-1/2" long):31
sr:170465	Turnips, raw	usda	28	0.9	6.43	0.1	1 cup, cubes:130|1 large:183|1 medium:122|1 slice:15|1 small:61|0.5 cup, cubes:65
sr:170466	Turnip greens, cooked, boiled, drained, without salt	usda	20	1.14	4.36	0.23	1 cup, chopped:144
sr:170467	Turnip greens, canned, solids and liquids	usda	14	1.36	2.42	0.3	0.5 cup:117|1 can, 15 oz (303 x 406):425
sr:170468	Turnip greens, frozen, unprepared	usda	22	2.47	3.67	0.31	0.5 cup, chopped or diced:82|1 package (10 oz):284
sr:170469	Turnip greens, frozen, cooked, boiled, drained, without salt	usda	29	3.35	4.98	0.42	1 cup:164|1 package (10 oz) yields:220
sr:170470	Turnip greens and turnips, frozen, unprepared	usda	21	2.46	3.39	0.19	0.33 package (10 oz):95|1 package (10 oz):284|1 package (3 lb):1361
sr:170471	Vegetables, mixed, frozen, unprepared	usda	72	3.33	13.47	0.52	0.33 package (10 oz):95|1 package (10 oz):284|1 pack (2-1/2 lb):1134
sr:170472	Vegetables, mixed, frozen, cooked, boiled, drained, without salt	usda	65	2.86	13.09	0.15	0.5 cup:91|1 package (10 oz) yields:275
sr:170473	Vegetable juice cocktail, low sodium, canned	usda	19	0.91	3.83	0.32	1 cup:254|6 fl oz:182
sr:170474	Vinespinach, (basella), raw	usda	19	1.8	3.4	0.3	
sr:170475	Waxgourd, (chinese preserving melon), cooked, boiled, drained, without salt	usda	14	0.4	3.04	0.2	1 cup, cubes:175
sr:170476	Winged beans, immature seeds, raw	usda	49	6.95	4.31	0.87	1 cup slices:44|1 pod:16
sr:170477	Winged beans, immature seeds, cooked, boiled, drained, without salt	usda	38	5.31	3.21	0.66	1 cup:62
sr:170478	Winged bean leaves, raw	usda	74	5.85	14.1	1.1	
sr:170479	Beets, harvard, canned, solids and liquids	usda	73	0.84	18.18	0.06	1 cup slices:246
sr:170480	Beets, pickled, canned, solids and liquids	usda	65	0.8	16.28	0.08	1 cup slices:227
sr:170481	Borage, raw	usda	21	1.8	3.06	0.7	1 cup (1" pieces):89
sr:170482	Borage, cooked, boiled, drained, without salt	usda	25	2.09	3.55	0.81	
sr:170483	Drumstick pods, raw	usda	37	2.1	8.53	0.2	1 cup slices:100|1 pod (15-1/3" long):11
sr:170484	Drumstick pods, cooked, boiled, drained, without salt	usda	36	2.09	8.18	0.19	1 cup slices:118
sr:170485	Leeks, (bulb and lower-leaf portion), freeze-dried	usda	321	15.2	74.65	2.1	1 tbsp:0.2|0.25 cup:0.8
sr:170486	Parsley, freeze-dried	usda	271	31.3	42.38	5.2	1 tbsp:0.4|0.25 cup:1.4
sr:170487	Squash, summer, all varieties, raw	usda	16	1.21	3.35	0.18	1 cup, sliced:113|1 large:323|1 medium:196|1 slice:9.9|1 small:118
sr:170488	Squash, summer, all varieties, cooked, boiled, drained, without salt	usda	20	0.91	4.31	0.31	1 cup, sliced:180
sr:170489	Squash, winter, all varieties, raw	usda	34	0.95	8.59	0.13	1 cup, cubes:116
sr:170490	Squash, winter, all varieties, cooked, baked, without salt	usda	37	0.89	8.85	0.35	1 cup, cubes:205
sr:170491	Carrot juice, canned	usda	40	0.95	9.28	0.15	1 cup:236|1 fl oz:29.5
sr:170492	Corn pudding, home prepared	usda	131	4.42	16.97	5.04	1 cup:250|0.66 cup (#6 scoop):167
sr:170493	Potatoes, mashed, home-prepared, whole milk added	usda	83	1.91	17.57	0.57	1 cup:210
sr:170494	Spinach souffle	usda	172	7.89	5.9	12.95	1 cup:136|1 recipe yield:813
sr:170495	Seaweed, spirulina, dried	usda	290	57.47	23.9	7.72	1 cup:112|1 tablespoon:7
sr:170496	Seaweed, wakame, raw	usda	45	3.03	9.14	0.64	2 tbsp (1/8 cup):10
sr:170497	Peppers, hot chili, green, raw	usda	40	2	9.46	0.2	1 pepper:45|0.5 cup, chopped or diced:75
sr:170498	Potatoes, o'brien, home-prepared	usda	81	2.35	15.47	1.28	1 cup:194|1 recipe yield:1162
sr:170499	Shallots, raw	usda	72	2.5	16.8	0.1	1 tbsp chopped:10
sr:170500	Carrot, dehydrated	usda	341	8.1	79.57	1.49	1 cup:74
sr:170502	Tomatoes, orange, raw	usda	16	1.16	3.18	0.19	1 cup, chopped:158|1 tomato:111
sr:170503	Mustard greens, cooked, boiled, drained, with salt	usda	26	2.56	4.51	0.47	1 cup, chopped:140
sr:170504	Mustard greens, frozen, cooked, boiled, drained, with salt	usda	19	2.27	3.11	0.25	1 cup, chopped or diced:150|1 package (10 oz) yields:212
sr:170505	Mustard spinach, (tendergreen), cooked, boiled, drained, with salt	usda	16	1.7	2.8	0.2	1 cup, chopped:180
sr:170506	New zealand spinach, cooked, boiled, drained, with salt	usda	12	1.3	2.13	0.17	1 cup, chopped:180
sr:170507	Onions, frozen, whole, cooked, boiled, drained, with salt	usda	26	0.71	6.11	0.05	1 cup:210
sr:170508	Parsnips, cooked, boiled, drained, with salt	usda	71	1.32	17.01	0.3	0.5 cup slices:78|1 parsnip (9" long):160
sr:170509	Peas, edible-podded, cooked, boiled, drained, with salt	usda	40	3.27	6.46	0.23	1 cup:160
sr:170510	Peas, edible-podded, frozen, cooked, boiled, drained, with salt	usda	50	3.5	8.43	0.38	1 cup:160|1 package (10 oz) yields:253
sr:170511	Peas, mature seeds, sprouted, cooked, boiled, drained, with salt	usda	98	7.05	17.08	0.51	
sr:170512	Peas and carrots, canned, no salt added, solids and liquids	usda	38	2.17	8.48	0.27	1 cup:255
sr:170513	Peas and carrots, frozen, cooked, boiled, drained, with salt	usda	48	3.09	10.12	0.42	0.5 cup:80|1 package (10 oz) yields:278
sr:170514	Peas and onions, frozen, cooked, boiled, drained, with salt	usda	45	2.54	8.63	0.2	1 cup:180
sr:170515	Peppers, sweet, red, cooked, boiled, drained, with salt	usda	26	0.92	6.11	0.2	1 tbsp:12|1 pepper:73|0.5 cup, chopped:92
sr:170516	Peppers, sweet, green, frozen, chopped, cooked, boiled, drained, with salt	usda	16	0.95	3.31	0.18	1 cup, chopped or strips:135|1 tablespoon, chopped:11.6
sr:170517	Pigeonpeas, immature seeds, cooked, boiled, drained, with salt	usda	111	5.96	19.49	1.36	1 cup:153
sr:170518	Pokeberry shoots, (poke), cooked, boiled, drained, with salt	usda	20	2.3	3.1	0.4	1 cup:165
sr:170519	Potatoes, boiled, cooked in skin, skin, with salt	usda	78	2.86	17.2	0.1	1 skin:34
sr:170520	Potatoes, boiled, cooked without skin, flesh, with salt	usda	86	1.71	20.01	0.1	0.5 cup:78|1 large (3" to 4-1/4" dia.):300|1 medium (2-1/4" to 2-1/4" dia.):167|1 small (1-3/4" to 2-1/2" dia.):125
sr:170521	Potatoes, microwaved, cooked, in skin, flesh and skin, with salt	usda	105	2.44	24.24	0.1	1 potato (2-1/3" x 4-3/4"):202
sr:170522	Potatoes, microwaved, cooked in skin, flesh, with salt	usda	100	2.1	23.28	0.1	0.5 cup:78|1 potato (2-1/3" x 4-3/4"):156
sr:170523	Potatoes, french fried, all types, salt not added in processing, frozen, as purchased	usda	147	2.24	24.81	4.66	1 strips:65|1 package (9 oz):255
sr:170524	Potatoes, au gratin, home-prepared from recipe using margarine	usda	132	5.06	11.27	7.59	1 cup:245
sr:170525	Potatoes, scalloped, home-prepared with margarine	usda	88	2.87	10.78	3.68	1 cup:245
sr:170526	Pumpkin, cooked, boiled, drained, with salt	usda	18	0.72	4.31	0.07	1 cup, mashed:245
sr:170527	Pumpkin, canned, with salt	usda	34	1.1	8.09	0.28	1 cup:245
sr:170528	Rutabagas, cooked, boiled, drained, with salt	usda	30	0.93	6.84	0.18	0.5 cup, mashed:120
sr:170529	Salsify, cooked, boiled, drained, with salt	usda	68	2.73	15.36	0.17	1 cup slices:135
sr:170530	Soybeans, green, cooked, boiled, drained, with salt	usda	141	12.35	11.05	6.4	1 cup:180
sr:170531	Spinach, cooked, boiled, drained, with salt	usda	23	2.97	3.75	0.26	1 cup:180
sr:170532	Squash, summer, crookneck and straightneck, frozen, cooked, boiled, drained, with salt	usda	25	1.28	5.54	0.2	1 cup slices:192
sr:170533	Squash, summer, scallop, cooked, boiled, drained, with salt	usda	16	1.03	3.3	0.17	0.5 cup slices:90|0.5 cup, mashed:120
sr:170534	Squash, summer, zucchini, includes skin, cooked, boiled, drained, with salt	usda	15	1.14	2.69	0.36	0.5 cup slices:90|0.5 cup, mashed:120
sr:170535	Squash, summer, zucchini, includes skin, frozen, cooked, boiled, drained, with salt	usda	14	1.15	2.97	0.13	1 cup:223
sr:170536	Squash, winter, butternut, frozen, cooked, boiled, with salt	usda	39	1.23	10.04	0.07	1 cup, mashed:240
sr:170537	Squash, winter, hubbard, baked, with salt	usda	50	2.48	10.81	0.62	1 cup, cubes:205
sr:170538	Squash, winter, hubbard, cooked, boiled, mashed, with salt	usda	30	1.48	6.46	0.37	1 cup, mashed:236
sr:170539	Squash, winter, spaghetti, cooked, boiled, drained, or baked, with salt	usda	27	0.66	6.46	0.26	1 cup:155
sr:170540	Succotash, (corn and limas), cooked, boiled, drained, with salt	usda	111	5.07	24.37	0.8	1 cup:192
sr:170541	Sweet potato, cooked, boiled, without skin, with salt	usda	76	1.37	17.72	0.14	1 cup, mashed:328|1 medium:151
sr:170542	Sweet potato, frozen, cooked, baked, with salt	usda	100	1.71	23.4	0.12	1 cup, cubes:176
sr:170543	Taro, cooked, with salt	usda	142	0.52	34.6	0.11	1 cup slices:132
sr:170544	Taro, leaves, cooked, steamed, with salt	usda	24	2.72	3.89	0.41	1 cup:145
sr:170545	Tomato juice, canned, without salt added	usda	17	0.85	3.53	0.29	1 cup:243|1 fl oz:30.4|6 fl oz:182
sr:170546	Tomato products, canned, puree, with salt added	usda	38	1.65	8.98	0.21	1 cup:250|1 can (29 oz) (401 x 411):822
sr:170547	Turnips, cooked, boiled, drained, with salt	usda	22	0.71	5.06	0.08	1 cup, cubes:156|1 cup, mashed:230
sr:170548	Turnips, frozen, cooked, boiled, drained, with salt	usda	21	1.53	3.73	0.24	1 cup:156
sr:170549	Waxgourd, (chinese preserving melon), cooked, boiled, drained, with salt	usda	11	0.4	2.45	0.2	1 cup, cubes:175
sr:170550	Winged bean, immature seeds, cooked, boiled, drained, with salt	usda	37	5.31	3.21	0.66	1 cup:62|0.5 cup:31
sr:170551	Yam, cooked, boiled, drained, or baked, with salt	usda	114	1.49	26.99	0.14	1 cup, cubes:136|0.5 cup, cubes:68
sr:170552	Seeds, breadnut tree seeds, raw	usda	217	5.97	46.28	0.99	1 oz (8-14 seeds):28.4
sr:170553	Seeds, breadnut tree seeds, dried	usda	367	8.62	79.39	1.68	1 cup:160|1 oz:28.4
sr:170554	Seeds, chia seeds, dried	usda	486	16.54	42.12	30.74	1 oz:28.4
sr:170555	Seeds, cottonseed flour, partially defatted (glandless)	usda	359	40.96	40.54	6.2	1 cup:94|1 tbsp:5
sr:170556	Seeds, pumpkin and squash seed kernels, dried	usda	559	30.23	10.71	49.05	1 cup:129|1 oz:28.4
sr:170557	Seeds, pumpkin and squash seed kernels, roasted, without salt	usda	574	29.84	14.71	49.05	1 cup:118|1 oz:28.4
sr:170558	Seeds, safflower seed kernels, dried	usda	517	16.18	34.29	38.45	1 oz:28.4
sr:170559	Seeds, safflower seed meal, partially defatted	usda	342	35.62	48.73	2.39	1 oz:28.4
sr:170560	Seeds, sesame flour, low-fat	usda	333	50.14	35.51	1.75	1 oz:28.4
sr:170561	Seeds, sesame meal, partially defatted	usda	567	16.96	26.04	48	1 oz:28.4
sr:170562	Seeds, sunflower seed kernels, dried	usda	584	20.78	20	51.46	1 cup, with hulls, edible yield:46|1 cup:140
sr:170563	Seeds, sunflower seed kernels, dry roasted, without salt	usda	582	19.33	24.07	49.8	1 cup:128|1 oz:28.4
sr:170564	Seeds, sunflower seed kernels, oil roasted, without salt	usda	592	20.06	22.89	51.3	1 cup:135|1 oz:28.4
sr:170565	Nuts, acorns, dried	usda	509	8.1	53.66	31.41	1 oz:28.4
sr:170566	Nuts, acorn flour, full fat	usda	501	7.49	54.65	30.17	1 oz:28.4
sr:170567	Nuts, almonds	usda	579	21.15	21.55	49.93	1 cup, whole:143|1 cup, sliced:92|1 cup, slivered:108|1 cup, ground:95|1 oz (23 whole kernels):28.4|1 almond:1.2
sr:170568	Nuts, almonds, blanched	usda	590	21.4	18.67	52.52	1 cup whole kernels:145|1 tbsp:9.1|1 oz:28.4
sr:170569	Nuts, brazilnuts, dried, unblanched	usda	659	14.32	11.74	67.1	1 cup, whole:133|1 kernel:5|1 oz (6 kernels):28.4
sr:170570	Nuts, butternuts, dried	usda	612	24.9	12.05	56.98	1 cup:120|1 oz:28.4|1 nutmeat:3
sr:170571	Nuts, cashew nuts, dry roasted, without salt added	usda	574	15.31	32.69	46.35	1 cup, halves and whole:137|1 tbsp:8.6|1 oz:28.4
sr:170572	Nuts, cashew nuts, oil roasted, without salt added	usda	580	16.84	29.87	47.77	1 cup, whole:129|1 cup, halves and pieces:129|1 oz (18 kernels):28.4
sr:170573	Nuts, chestnuts, chinese, roasted	usda	239	4.48	52.36	1.19	1 oz:28.4
sr:170574	Nuts, chestnuts, european, raw, unpeeled	usda	213	2.42	45.54	2.26	1 cup:145|1 oz:28.4
sr:170575	Nuts, chestnuts, european, raw, peeled	usda	196	1.63	44.17	1.25	1 oz:28.4
sr:170576	Nuts, chestnuts, european, dried, unpeeled	usda	374	6.39	77.31	4.45	1 oz:28.4
sr:170577	Nuts, coconut meat, dried (desiccated), sweetened, flaked, packaged	usda	456	3.13	51.85	27.99	1 cup:85|1 oz:28.4
sr:170578	Nuts, coconut meat, dried (desiccated), sweetened, flaked, canned	usda	443	3.35	40.91	31.69	1 cup:77|4 oz:114
sr:170579	Nuts, coconut meat, dried (desiccated), toasted	usda	592	5.3	44.4	47	1 oz:28.4
sr:170580	Nuts, coconut cream, raw (liquid expressed from grated meat)	usda	330	3.63	6.65	34.68	1 tbsp:15|1 cup:240
sr:170581	Nuts, hazelnuts or filberts	usda	628	14.95	16.7	60.75	1 cup, chopped:115|1 cup, ground:75|1 cup, whole:135|1 oz (21 whole kernels):28.4|1 nuts:14
sr:170582	Nuts, hazelnuts or filberts, blanched	usda	629	13.7	17	61.15	1 oz:28.4
sr:170583	Nuts, hazelnuts or filberts, dry roasted, without salt added	usda	646	15.03	17.6	62.4	1 oz:28.4
sr:170584	Nuts, ginkgo nuts, raw	usda	182	4.32	37.6	1.68	1 oz:28.4
sr:170585	Nuts, mixed nuts, dry roasted, with peanuts, without salt added	usda	607	19.5	22.42	53.5	1 cup:131|1 oz:28.4
sr:170586	Nuts, mixed nuts, dry roasted, with peanuts, salt added, PLANTERS pistachio blend	usda	572	23.28	23.07	47.52	1 cup:147
sr:170587	Nuts, mixed nuts, oil roasted, with peanuts, without salt added	usda	607	20.04	21.05	53.95	1 cup:134|1 oz:28.4
sr:170588	Nuts, mixed nuts, oil roasted, without peanuts, without salt added	usda	615	15.52	22.27	56.17	1 cup:144|1 oz:28.4
sr:170589	Nuts, pecans, oil roasted, without salt added	usda	715	9.2	13.01	75.23	1 cup:110|1 oz (15 halves):28.4
sr:170590	Nuts, pilinuts, dried	usda	719	10.8	3.98	79.55	1 cup:120|1 oz (15 kernels):28.4
sr:170591	Nuts, pine nuts, dried	usda	673	13.69	13.08	68.37	1 cup:135|1 oz (167 kernels):28.4|1 nuts:1.7
sr:170592	Nuts, pine nuts, pinyon, dried	usda	629	11.57	19.3	60.98	1 oz:28.4|1 nuts:1
sr:170593	Nuts, walnuts, glazed	usda	500	8.28	47.59	35.71	1 oz:28
sr:170594	Nuts, walnuts, dry roasted, with salt added	usda	643	14.29	17.86	60.71	1 oz:28
sr:170595	Seeds, breadfruit seeds, roasted	usda	207	6.2	40.1	2.7	1 oz:28.4
sr:170596	Seeds, cottonseed kernels, roasted (glandless)	usda	506	32.59	21.9	36.29	1 cup:149|1 tbsp:10
sr:170597	Beef, variety meats and by-products, spleen, cooked, braised	usda	145	25.1	0	4.2	3 oz:85|1 piece, cooked, excluding refuse (yield from 1 lb raw meat with refuse):308
sr:170598	Beef, variety meats and by-products, tongue, cooked, simmered	usda	284	19.29	0	22.3	3 oz:85
sr:170599	Beef, variety meats and by-products, tripe, raw	usda	85	12.07	0	3.69	1 oz:28.4|4 oz:113
sr:170600	Beef, sandwich steaks, flaked, chopped, formed and thinly sliced, raw	usda	309	16.5	0	27	4 oz:113|1 steak:56|1 package:396
sr:170601	Beef, brisket, flat half, separable lean only, trimmed to 0" fat, choice, cooked, braised	usda	212	32.62	0	8.07	3 oz:85|1 steak:293
sr:170602	Beef, cured, corned beef, canned	usda	250	27.1	0	14.93	1 oz:28.4|1 slice (3/4 oz):21
sr:170603	Beef, chuck, under blade pot roast or steak, boneless, separable lean only, trimmed to 0" fat, select, raw	usda	134	21.03	0.19	5.41	4 oz:113|1 steak:732|1 roast:977
sr:170604	Beef, cured, dried	usda	153	31.1	2.76	1.94	1 slices:28
sr:170605	Beef, chuck, under blade center steak, boneless, Denver Cut, separable lean only, trimmed to 0" fat, all grades, cooked, grilled	usda	220	26.5	0.14	12.64	3 oz:85|1 steak:353
sr:170606	Sausage, beef, cured, cooked, smoked	usda	312	14.11	2.42	26.91	1 sausage:43|1 oz:28.4
sr:170607	Beef, chopped, cured, smoked	usda	133	20.19	1.86	4.42	1 slice (1 oz):28
sr:170608	Beef, chuck, under blade center steak, boneless, Denver Cut, separable lean only, trimmed to 0" fat, choice, raw	usda	178	19.23	0.67	10.96	4 oz:113|1 steak:483
sr:170609	Beef, composite of trimmed retail cuts, separable lean and fat, trimmed to 0" fat, all grades, cooked	usda	230	28.4	0	12.42	3 oz:85
sr:170610	Beef, composite of trimmed retail cuts, separable lean only, trimmed to 0" fat, select, cooked	usda	188	29.88	0	7.12	3 oz:85
sr:170611	Beef, brisket, whole, separable lean and fat, trimmed to 0" fat, all grades, cooked, braised	usda	291	26.79	0	19.52	3 oz:85|1 piece, cooked, excluding refuse (yield from 1 lb raw meat with refuse):314
sr:170612	Beef, brisket, whole, separable lean only, trimmed to 0" fat, all grades, cooked, braised	usda	218	29.75	0	10.08	3 oz:85|1 piece, cooked, excluding refuse (yield from 1 lb raw meat with refuse):264
sr:170613	Beef, brisket, flat half, separable lean and fat, trimmed to 0" fat, all grades, cooked, braised	usda	213	32.9	0	8.01	3 oz:85|1 steak (Yield from 418 g raw meat):270
sr:170614	Beef, chuck, arm pot roast, separable lean and fat, trimmed to 0" fat, select, cooked, braised	usda	283	29.23	0	17.56	3 oz:85|1 roast (yield from 1675 g raw meat):1236
sr:170615	Beef, chuck, arm pot roast, separable lean only, trimmed to 0" fat, choice, cooked, braised	usda	212	33.36	0	7.67	3 oz:85|1 roast (yield from 1528g raw meat):1095
sr:170616	Beef, chuck, arm pot roast, separable lean only, trimmed to 0" fat, select, cooked, braised	usda	195	33.37	0	5.8	3 oz:85|1 roast (yield from 1675 g raw meat):1236
sr:170617	Beef, chuck, blade roast, separable lean and fat, trimmed to 0" fat, all grades, cooked, braised	usda	334	27.18	0	24.14	1 piece, cooked, excluding refuse (yield from 1 lb raw meat with refuse):235|3 oz:85
sr:170618	Beef, chuck, under blade pot roast, boneless, separable lean and fat, trimmed to 0" fat, choice, cooked, braised	usda	306	26.39	0	21.48	3 oz:85|1 roast:658
sr:170619	Beef, rib, large end (ribs 6-9), separable lean and fat, trimmed to 0" fat, choice, cooked, roasted	usda	372	22.8	0	30.49	3 oz:85|1 piece, cooked, excluding refuse (yield from 1 lb raw meat with refuse):290
sr:170620	Beef, rib, large end (ribs 6-9), separable lean and fat, trimmed to 0" fat, select, cooked, roasted	usda	331	23.48	0	25.54	3 oz:85|1 piece, cooked, excluding refuse (yield from 1 lb raw meat with refuse):286
sr:170621	Beef, rib, large end (ribs 6-9), separable lean only, trimmed to 0" fat, all grades, cooked, roasted	usda	238	27.53	0	13.4	3 oz:85|1 piece, cooked, excluding refuse (yield from 1 lb raw meat with refuse):214
sr:170622	Beef, rib, large end (ribs 6-9), separable lean only, trimmed to 0" fat, choice, cooked, roasted	usda	253	27.53	0	15	3 oz:85|1 piece, cooked, excluding refuse (yield from 1 lb raw meat with refuse):207
sr:170623	Beef, rib, small end (ribs 10-12), separable lean only, trimmed to 0" fat, all grades, cooked, broiled	usda	193	29.41	0	7.53	3 oz:85|1 steak (yield from 296 g raw meat):233
sr:170624	Beef, rib, small end (ribs 10-12), separable lean only, trimmed to 0" fat, choice, cooked, broiled	usda	225	28.04	0	11.7	3 oz:85|1 piece, cooked, excluding refuse (yield from 1 lb raw meat with refuse):220
sr:170625	Beef, rib, small end (ribs 10-12), separable lean only, trimmed to 0" fat, select, cooked, broiled	usda	198	28.04	0	8.7	3 oz:85|1 piece, cooked, excluding refuse (yield from 1 lb raw meat with refuse):220
sr:170626	Beef, round, bottom round, steak, separable lean and fat, trimmed to 0" fat, all grades, cooked, braised	usda	223	33.56	0	8.86	3 oz:85|1 steak (yield from 290 g raw meat):185
sr:170627	Beef, round, bottom round, roast, separable lean and fat, trimmed to 0" fat, select, cooked, roasted	usda	175	28.08	0	6.06	3 oz:85|1 roast (yield from 572 g raw meat):464
sr:170628	Beef, round, bottom round, steak, separable lean only, trimmed to 0" fat, all grades, cooked, braised	usda	214	34	0	7.67	3 oz:85|1 steak (yield from 290 g raw meat):185
sr:170629	Beef, round, bottom round, roast, separable lean only, trimmed to 0" fat, all grades, cooked, roasted	usda	177	27.76	0	6.48	3 oz:85|1 roast (yield from 600 g raw meat):489
sr:170630	Beef, round, bottom round, steak, separable lean only, trimmed to 0" fat, choice, cooked, braised	usda	223	33.08	0	9.03	3 oz:85|1 steak (yield from 299 g raw meat):191
sr:170631	Beef, round, bottom round, roast, separable lean only, trimmed to 0" fat, choice, cooked, roasted	usda	185	27.23	0	7.63	3 oz:85|1 roast (yield from 627 g raw meat):515
sr:170632	Beef, round, eye of round roast, boneless, separable lean and fat, trimmed to 0" fat, select, cooked, roasted	usda	162	29.45	0	3.97	3 oz:85|1 roast (yield from 426 g raw meat):337
sr:170633	Beef, round, eye of round roast, boneless, separable lean only, trimmed to 0" fat, all grades, cooked, roasted	usda	163	29.85	0	3.9	3 oz:85|1 roast (yield from 436 g raw meat):346|1 piece, cooked, excluding refuse (yield from 1 lb raw meat with refuse):330
sr:170634	Beef, round, eye of round roast, boneless, separable lean only, trimmed to 0" fat, choice, cooked, roasted	usda	166	29.94	0	4.26	3 oz:85|1 roast (yield from 445 g raw meat):355|1 piece, cooked, excluding refuse (yield from 1 lb raw meat with refuse):331
sr:170635	Beef, round, eye of round roast, boneless, separable lean only, trimmed to 0" fat, select, cooked, roasted	usda	157	29.52	0	3.43	3 oz:85|1 roast (yield from 426 g raw meat):337|1 piece, cooked, excluding refuse (yield from 1 lb raw meat with refuse):296
sr:170636	Beef, round, tip round, roast, separable lean only, trimmed to 0" fat, choice, cooked, roasted	usda	176	27.68	0	6.42	3 oz:85|1 roast (yield from 1405 g raw meat):1138
sr:170637	Beef, round, tip round, roast, separable lean only, trimmed to 0" fat, select, cooked, roasted	usda	149	27.37	0	4.38	3 oz:85|1 roast (yield from 1388 g raw meat):1141
sr:170638	Beef, round, top round, separable lean and fat, trimmed to 0" fat, all grades, cooked, braised	usda	209	35.62	0	6.31	3 oz:85|1 piece, cooked, excluding refuse (yield from 1 lb raw meat with refuse):267
sr:170639	Beef, round, top round, separable lean and fat, trimmed to 0" fat, choice, cooked, braised	usda	216	35.62	0	7.09	3 oz:85|1 piece, cooked, excluding refuse (yield from 1 lb raw meat with refuse):267
sr:170640	Beef, loin, tenderloin steak, boneless, separable lean and fat, trimmed to 0" fat, select, cooked, grilled	usda	202	30.93	0	7.7	3 oz:85|1 steak (yield from 136 g raw meat):108
sr:170641	Beef, loin, tenderloin steak, boneless, separable lean only, trimmed to 0" fat, all grades, cooked, grilled	usda	198	30.7	0	8.32	3 oz:85|1 steak:119
sr:170642	Beef, loin, tenderloin steak, boneless, separable lean only, trimmed to 0" fat, choice, cooked, grilled	usda	211	30.45	0	9.03	3 oz:85|1 steak:121
sr:170643	Beef, loin, tenderloin steak, boneless, separable lean only, trimmed to 0" fat, select, cooked, grilled	usda	198	31.09	0	7.25	3 oz:85|1 steak:117
sr:170644	Puddings, vanilla, dry mix, regular, with added oil	usda	369	0.3	92.4	1.1	1 package (3.12 oz):88|1 portion, amount to make 1/2 cup:22
sr:170645	Jams and preserves, apricot	usda	242	0.7	64.4	0.2	1 tbsp:20|1 packet (0.5 oz):14
sr:170646	Syrups, table blends, pancake, with 2% maple, with added potassium	usda	265	0	69.6	0.1	1 cup:315|1 tbsp:20
sr:170647	Snacks, corn cakes, very low sodium	usda	387	8.1	83.4	2.4	1 cake:9|2 cakes:18
sr:170648	Snacks, potato chips, plain, made with partially hydrogenated soybean oil, unsalted	usda	536	7	52.9	34.6	1 oz:28.4|1 bag (8 oz):227
sr:170649	Snacks, potato chips, plain, unsalted	usda	536	7	52.9	34.6	1 oz:28.4|1 bag (8 oz):227
sr:170650	Snacks, pretzels, hard, plain, made with unenriched flour, salted	usda	381	9.1	79.2	3.5	1 oz:28.4|1 twists:60
sr:170651	Snacks, pretzels, hard, plain, made with unenriched flour, unsalted	usda	381	9.1	79.2	3.5	1 oz:28.4|1 twists:60
sr:170652	Snacks, rice cakes, brown rice, sesame seed, unsalted	usda	392	7.6	81.5	3.8	1 cake:9|2 cakes:18
sr:170653	Snacks, sesame sticks, wheat-based, unsalted	usda	541	10.9	46.5	36.7	1 oz:28.4|2 oz:57
sr:170654	Snacks, trail mix, regular, unsalted	usda	462	13.8	44.9	29.4	1 cup:150|1 oz:28.4|1.5 oz:42
sr:170655	Snacks, trail mix, regular, with chocolate chips, unsalted nuts and seeds	usda	484	14.2	44.9	31.9	1 cup:146|1 oz:28.4|1.5 oz:42
sr:170656	Candies, sugar-coated almonds	usda	465	10	68.26	17.93	1 piece:3.5
sr:170657	Cocoa, dry powder, hi-fat or breakfast, processed with alkali	usda	479	16.8	49.71	23.71	1 tablespoon Ghirardelli label 2011:6|1 tablespoon Hershey's label 2011:5|1 container Ghirardelli label 2011:283
sr:170658	Candies, soft fruit and nut squares	usda	390	2.31	73.81	9.52	3 pieces:42
sr:170659	Ice creams, vanilla, fat free	usda	138	4.48	30.06	0	0.5 cup:67
sr:170660	Ice creams, BREYERS, All Natural Light French Vanilla	usda	173	4.82	26.03	5.56	1 serving 1/2 cup:68
sr:170661	Ice creams, BREYERS, 98% Fat Free Vanilla	usda	137	3.3	30.51	2.2	1 serving 1/2 cup:68
sr:170662	Ice creams, BREYERS, All Natural Light Vanilla Chocolate Strawberry	usda	161	4.69	26.06	4.35	1 serving 1/2 cup:68
sr:170663	Ice creams, BREYERS, All Natural Light Mint Chocolate Chip	usda	196	4.69	28.39	7.09	1 serving 1/2 cup:68
sr:170664	Ice creams, BREYERS, No Sugar Added, Vanilla Chocolate Strawberry	usda	143	3.71	21.7	6.26	1 serving 1/2 cup:68
sr:170665	Frozen novelties, KLONDIKE, SLIM-A-BEAR Chocolate Cone	usda	224	4.09	45.32	4.1	1 serving 1 cone:79
sr:170666	Frozen novelties, KLONDIKE, SLIM-A-BEAR Vanilla Sandwich	usda	239	3.9	42.75	5.85	1 serving 1 sandwich:64
sr:170667	Frozen novelties, KLONDIKE, SLIM-A-BEAR, No Sugar Added, Stickless Bar	usda	242	5.2	25.98	13	1 serving 1 bar:78
sr:170668	Ice creams, BREYERS, No Sugar Added, Chocolate Caramel	usda	151	3.54	25.17	5.8	1 serving 1/2 cup:71
sr:170669	Candies, REESE's Fast Break, milk chocolate, peanut butter, soft nougats, candy bar	usda	495	8.93	63.9	23.21	1 serving 1 bar:56
sr:170670	Candies, MARS SNACKFOOD US, COCOAVIA Chocolate Covered Almonds	usda	573	9.51	50.22	37.07	1 serving 1oz pack:28
sr:170671	Ice creams, regular, low carbohydrate, vanilla	usda	216	3.17	22.23	12.7	1 individual (3.5 fl oz):58|0.5 cup (4 fl oz):66
sr:170672	Sweeteners, for baking, brown, contains sugar and sucralose	usda	388	0	97.11	0	1 tbsp:12.9|1 cup:189
sr:170673	Sweeteners, for baking, contains sugar and sucralose	usda	398	0	99.53	0	1 tbsp:14.5|1 cup:202
sr:170674	Sugar, turbinado	usda	399	0	99.8	0	1 tsp:4.6|1 cup:202
sr:170675	Sweeteners, sugar substitute, granulated, brown	usda	347	2.06	84.77	0	1 tsp:0.5|1 cup:23
sr:170676	Candies, M&M MARS 3 MUSKETEERS Truffle Crisp	usda	538	6.41	63.15	28.85	1 serving:31
sr:170677	Syrups, chocolate, HERSHEY'S Sugar free, Genuine Chocolate Flavored, Lite Syrup	usda	43	2.87	14.2	2.03	2 tbsp:35
sr:170678	Candies, M&M MARS Pretzel Chocolate Candies	usda	447	5	72.94	15	0.25 cup:40
sr:170680	Candies, HERSHEYS, PAYDAY Bar	usda	490	13.44	52.88	25	1 serving:52
sr:170681	Syrup, NESTLE, chocolate	usda	269	0	67.21	0	1 tablespoon:20
sr:170682	Amaranth grain, uncooked	usda	371	13.56	65.25	7.02	1 cup:193
sr:170683	Amaranth grain, cooked	usda	102	3.8	18.69	1.58	1 cup:246
sr:170684	Arrowroot flour	usda	357	0.3	88.15	0.1	1 cup:128
sr:170685	Buckwheat groats, roasted, dry	usda	346	11.73	74.95	2.71	1 cup:164
sr:170686	Buckwheat groats, roasted, cooked	usda	92	3.38	19.94	0.62	1 cup:168
sr:170687	Buckwheat flour, whole-groat	usda	335	12.62	70.59	3.1	1 cup:120
sr:170688	Bulgur, dry	usda	342	12.29	75.87	1.33	1 cup:140
sr:170689	Fast foods, taco with beef, cheese and lettuce, hard shell	usda	226	8.86	19.85	12.7	1 each taco:69
sr:170690	Fast foods, cheeseburger; single, regular patty; plain	usda	308	16.51	28.03	14.72	1 sandwich:91
sr:170691	Fast foods, cheeseburger; single, regular patty, with condiments	usda	270	13.49	25.46	12.9	1 item:127
sr:170692	Fast foods, cheeseburger; single, regular patty, with condiments and vegetables	usda	254	13.06	24.97	11.5	1 sandwich:115
sr:170693	Fast foods, hamburger; single, regular patty; plain	usda	297	16.52	31.5	12.01	1 sandwich:78
sr:170694	Fast foods, hamburger; single, regular patty; with condiments	usda	263	13.3	29.57	10.18	1 sandwich:97
sr:170695	Fast foods, roast beef sandwich, plain	usda	244	15.17	22.21	10.3	1 sandwich:149
sr:170696	Fast foods, submarine sandwich, cold cut on white bread with lettuce and tomato	usda	213	10.52	20.43	10.04	6 inch sub:196|12 inch sub:391
sr:170697	Fast foods, onion rings, breaded and fried	usda	411	3.86	43.58	25.23	1 package (18 onion rings):117
sr:170698	Fast foods, potato, french fried in vegetable oil	usda	312	3.43	41.44	14.73	1 serving small:71|1 serving medium:117|1 serving large:154
sr:170699	Fast foods, potato, mashed	usda	89	1.65	14.65	2.82	1 cup:242
sr:170700	BURGER KING, Vanilla Shake	usda	168	3.19	19.03	8.74	1 fl oz:24.8|1 small 12 fl oz:298|1 medium 16 fl oz:397
sr:170701	School Lunch, pizza, BIG DADDY'S LS 16" 51% Whole Grain Rolled Edge Turkey Pepperoni Pizza, frozen	usda	248	13.63	27.35	9.33	1 slice 1/8 per pizza:156|1 slice 1/10 per pizza:124
sr:170702	School Lunch, pizza, TONY'S SMARTPIZZA Whole Grain 4x6 Cheese Pizza 50/50 Cheese, frozen	usda	233	12.08	29.27	7.51	1 piece 4" x 6":130
sr:170703	School Lunch, pizza, TONY'S SMARTPIZZA Whole Grain 4x6 Pepperoni Pizza 50/50 Cheese, frozen	usda	238	12.14	28.84	8.19	1 piece 4"x6":127
sr:170704	School Lunch, pizza, TONY'S Breakfast Pizza Sausage, frozen	usda	240	10.39	26.99	10.04	1 piece 3.2 oz:91
sr:170705	SUBWAY, sweet onion chicken teriyaki sub on white bread with lettuce, tomato and sweet onion sauce	usda	155	10.91	22.54	2.37	6 inch sub:228|12 inch sub:457
sr:170706	Fast foods, submarine sandwich, turkey breast on white bread with lettuce and tomato	usda	147	9.12	22.42	2.31	6 inch sub:184|12 inch sub:367
sr:170707	Fast foods, submarine sandwich, ham on white bread with lettuce and tomato	usda	151	9.12	22.91	2.53	6 inch sub:184|12 inch sub:368
sr:170708	SUBWAY, meatball marinara sub on white bread (no toppings)	usda	219	9.77	26.01	8.45	6 inch sub:209|12 inch sub:418
sr:170709	Fast foods, submarine sandwich, meatball marinara on white bread	usda	219	9.77	26.01	8.45	6 inch sub:209|12 inch sub:418
sr:170710	Fast foods, hamburger, large, single patty, with condiments	usda	256	15.68	22.14	11.6	1 item:171
sr:170711	SUBWAY, turkey breast sub on white bread with lettuce and tomato	usda	147	9.12	22.42	2.31	6 inch sub:184|12 inch sub:367
sr:170712	SUBWAY, black forest ham sub on white bread with lettuce and tomato	usda	151	9.12	22.91	2.53	6 inch sub:184|12 inch sub:368
sr:170713	SUBWAY, roast beef sub on white bread with lettuce and tomato	usda	155	12.17	20.34	2.73	6 inch sub:190|12 inch sub:381
sr:170714	Pizza, cheese topping, rising crust, frozen, cooked	usda	260	12.37	32.91	8.78	1 serving 6 servings per 29.25 oz package:139|1 serving 4 servings per 19.7 oz package:149|1 package 29.25 oz pizza:834|1 package 19.7 oz pizza:595
sr:170715	Pizza, meat and vegetable topping, regular crust, frozen, cooked	usda	276	11.28	25.14	14.43	1 serving 5 servings per 24.2 oz package:143|1 serving 5 servings per 22.85 oz package:129|1 serving 2 servings per 10.9 oz package:177|1 package 24.2 oz pizza:713|1 package 22.85 oz pizza:644|1 package 10.9 oz pizza:354
sr:170716	Pizza, meat and vegetable topping, rising crust, frozen, cooked	usda	271	12.63	28.78	11.75	1 serving 6 servings per 34.98 oz package:170|1 serving 6 servings per 30.7 oz package:149|1 serving 3 servings per 14.3 oz package:138|1 package 34.98 oz pizza:1020|1 package 30.7 oz pizza:891|1 package 14.3 oz pizza:415
sr:170717	McDONALD'S, Hamburger	usda	264	12.92	30.28	10.09	1 sandwich:95
sr:170718	Fast foods, chicken, breaded and fried, boneless pieces, plain	usda	307	15.92	14.93	20.36	6 pieces:96|4 pieces:64|1 pieces:160|2 pieces:320
sr:170719	McDONALD'S, QUARTER POUNDER with Cheese	usda	258	14.59	19.95	14.22	1 item 7.1 oz:199
sr:170720	McDONALD'S, BIG MAC	usda	257	11.82	20.08	14.96	1 item 7.6 oz:219
sr:170721	McDONALD'S, french fries	usda	323	3.41	42.58	15.47	1 small serving:71|1 medium serving:117|1 large serving:154|1 kids serving:31
sr:170722	WENDY'S, CLASSIC SINGLE Hamburger, no cheese	usda	213	12.63	16.82	10.6	1 item:218
sr:170723	WENDY'S, Homestyle Chicken Fillet Sandwich	usda	214	13.78	21.55	8.1	1 item:230
sr:170724	WENDY'S, Ultimate Chicken Grill Sandwich	usda	179	14.73	18.88	5	1 item:225
sr:170725	WENDY'S, Chicken Nuggets	usda	326	16.46	14.31	22.55	5 pieces:68|1 pieces:142
sr:170726	WENDY'S, french fries	usda	301	3.73	39.73	14.1	1 kid's meal Serving:71|1 small Serving:113|1 medium Serving:142|1 large Serving:184
sr:170727	BURGER KING, WHOPPER, no cheese	usda	233	10.74	18.55	12.84	1 item:291
sr:170728	BURGER KING, WHOPPER, with cheese	usda	250	11.19	16.7	15.33	1 item:316
sr:170729	BURGER KING, DOUBLE WHOPPER, no cheese	usda	252	13.94	13.74	15.66	1 item:374
sr:170730	BURGER KING, DOUBLE WHOPPER, with cheese	usda	266	14.47	13.52	17.06	1 item:399
sr:170731	BURGER KING, Chicken Strips	usda	292	18.2	20.49	15.25	1 strip:36|1 serving 5 pieces:173
sr:170732	TACO BELL, Soft Taco with chicken, cheese and lettuce	usda	189	13.3	19.69	6.35	1 each taco:98
sr:170733	TACO BELL, Soft Taco with steak	usda	225	11.81	17.22	12.1	1 item:127
sr:170734	TACO BELL, Bean Burrito	usda	209	7.35	31.23	6.05	1 each burrito:185
sr:170735	TACO BELL, BURRITO SUPREME with beef	usda	183	7.03	23.37	6.8	1 burrito:241
sr:170736	TACO BELL, Taco Salad	usda	170	6.69	15.1	9.17	1 item:533
sr:170737	KFC, Popcorn Chicken	usda	351	17.67	21.18	21.74	1 piece:6.4|1 pieces:56
sr:170738	KFC, Fried Chicken, ORIGINAL RECIPE, Skin and Breading	usda	384	14.17	18.79	28.01	
sr:170739	KFC, Fried Chicken, ORIGINAL RECIPE, Breast, meat only, skin and breading removed	usda	149	26.89	0	4.56	1 breast without skin:152|1 breast bone and skin removed:115
sr:170740	KFC, Fried Chicken, ORIGINAL RECIPE, Drumstick, meat only, skin and breading removed	usda	175	26.3	0.11	7.66	1 drumstick, bone and skin removed:40|1 drumstick, without skin:57
sr:170741	KFC, Fried Chicken, ORIGINAL RECIPE, Thigh, meat only, skin and breading removed	usda	175	22.78	0.01	9.31	1 thigh without skin:86|1 thigh bone and skin removed:60
sr:170742	KFC, Fried Chicken, EXTRA CRISPY, Thigh, meat only, skin and breading removed	usda	179	22.41	0	9.96	1 thigh, without skin:91|1 thigh, bone and skin removed:72
sr:170743	KFC, Fried Chicken, EXTRA CRISPY, Wing, meat only, skin and breading removed	usda	236	28.67	2.97	12.13	1 wing, without skin:44|1 wing, bone and skin removed:29
sr:170744	KFC, Fried Chicken, ORIGINAL RECIPE, Breast, meat and skin with breading	usda	231	21.94	6.28	13.11	1 breast, with skin:212|1 breast, without skin:152|1 breast, bone and skin removed:115
sr:170745	KFC, Fried Chicken, ORIGINAL RECIPE, Drumstick, meat and skin with breading	usda	239	22.3	5.39	14.22	1 drumstick, with skin:75|1 drumstick, without skin:57|1 drumstick, bone and skin removed:40
sr:170746	KFC, Fried Chicken, EXTRA CRISPY, Thigh, meat and skin with breading	usda	309	17.17	10.3	22.14	1 thigh, with skin:152|1 thigh, without skin:91|1 thigh, bone and skin removed:72
sr:170747	KFC, Fried Chicken, EXTRA CRISPY, Wing, meat and skin with breading	usda	337	20.8	11.66	23	1 wing, with skin:68|1 wing, without skin:44|1 wing, bone and skin removed:29
sr:170748	POPEYES, Fried Chicken, Mild, Breast, meat only, skin and breading removed	usda	157	28.98	0	4.52	1 breast without skin:132|1 breast bone and skin removed:99
sr:170749	POPEYES, Fried Chicken, Mild, Drumstick, meat only, skin and breading removed	usda	170	26.51	0.04	7.14	1 drumstick, bone and skin removed:44|1 drumstick, without skin:59
sr:170750	POPEYES, Fried Chicken, Mild, Thigh, meat and skin with breading	usda	310	19.14	11.2	20.99	1 thigh with skin:138|1 thigh without skin:83|1 thigh bone and skin removed:54
sr:170751	POPEYES, Fried Chicken, Mild, Wing, meat and skin with breading	usda	338	20.4	13.52	22.48	1 wing, with skin:57|1 wing, without skin:35|1 wing, bone and skin removed:17
sr:170752	Fast foods, grilled chicken, bacon and tomato club sandwich, with cheese, lettuce, and mayonnaise	usda	220	17.19	19.87	8.05	1 sandwich:268
sr:170753	Fast foods, crispy chicken, bacon, and tomato club sandwich, with cheese, lettuce, and mayonnaise	usda	257	15.38	22.61	11.76	1 sandwich:271
sr:170754	Fast Foods, Fried Chicken, Wing, meat only, skin and breading removed	usda	215	28.77	2.13	10.2	1 wing without skin:37|1 wing bone and skin removed:20
sr:170755	Fast Foods, Fried Chicken, Skin and breading from all pieces	usda	398	14.11	19.56	29.22	
sr:170756	Fast Foods, Fried Chicken, Breast, meat and skin and breading	usda	230	23.51	6.03	12.44	1 breast, with skin:203|1 breast, without skin:142|1 breast, bone and skin removed:107
sr:170757	Fast Foods, Fried Chicken, Drumstick, meat and skin with breading	usda	267	21.13	7.59	16.92	1 drumstick, with skin:75|1 drumstick, without skin:56|1 drumstick, bone and skin removed:40
sr:170758	DIGIORNO Pizza, cheese topping, thin crispy crust, frozen, baked	usda	247	12.96	26.47	9.91	1 slice 1/4 of pie:161|1 pie 23 oz:643
sr:170759	DIGIORNO Pizza, pepperoni topping, cheese stuffed crust, frozen, baked	usda	279	13.92	29.46	11.71	1 slice 1/4 of pie:179|1 pie 12" diameter:732
sr:170760	DIGIORNO Pizza, pepperoni topping, rising crust, frozen, baked	usda	265	12.46	31.15	10.11	1 slice 1/4 of pie:207|1 pie 12" diameter:759
sr:170761	DIGIORNO Pizza, pepperoni topping, thin crispy crust, frozen, baked	usda	283	13.22	28.67	12.86	1 slice 1/4 of pie:145|1 pie 22.1 oz:548
sr:170762	Fast Food, Pizza Chain, 14" pizza, pepperoni topping, thin crust	usda	331	14.01	29	17.61	1 slice:79|1 pizza:597
sr:170763	Fast foods, taco with beef, cheese and lettuce, soft	usda	206	9.25	20.23	9.75	1 each taco:102
sr:170764	Fast foods, taco with chicken, lettuce and cheese, soft	usda	189	13.3	19.69	6.35	1 each taco:98
sr:170765	Fast foods, quesadilla, with chicken	usda	294	15.05	24.04	15.25	1 each quesadilla:180
sr:170766	DOMINO'S 14" Sausage Pizza, Classic Hand-Tossed Crust	usda	273	11.08	31.84	11.2	1 slice:114|1 pizza:913
sr:170767	DOMINO'S 14" Sausage Pizza, Ultimate Deep Dish Crust	usda	277	11.03	31.17	12.03	1 slice:129|1 pizza:1032
sr:170768	PIZZA HUT 14" Sausage Pizza, THIN 'N CRISPY Crust	usda	323	13.95	28.7	16.9	1 slice:92|1 pizza:737
sr:170769	PIZZA HUT 14" Sausage Pizza, Hand-Tossed Crust	usda	287	11.92	29.39	13.5	1 slice:119|1 pizza:952
sr:170770	WEND'YS, Crispy Chicken Sandwich	usda	278	11.72	26.36	13.93	1 sandwich:126
sr:170771	BURGER KING, Onion Rings	usda	417	3.86	43.58	25.23	1 small:91|1 medium:117|1 large:142
sr:170772	WENDY'S, DAVE'S Hot 'N Juicy 1/4 LB, single	usda	268	13.69	17.73	15.8	1 sandwich:215
sr:170773	Fast Food, Pizza Chain, 14" pizza, cheese topping, stuffed crust	usda	274	12.23	30	11.63	1 slice 1/8 pizza:117|1 pizza whole:937
sr:170774	PIZZA HUT 14" Cheese Pizza, Stuffed Crust	usda	274	12.23	30	11.63	1 slice:117|1 pizza:937
sr:170775	Fast foods, strawberry banana smoothie made with ice and low-fat yogurt	usda	65	0.86	15.05	0.14	12 fl oz:347
sr:170776	McDONALD'S, Southern Style Chicken Biscuit	usda	304	11.93	30.56	14.93	1 biscuit regular size biscuit:132
sr:170777	McDONALD'S, RANCH SNACK WRAP, Crispy	usda	275	11.48	23.22	15.1	1 wrap:133
sr:170778	McDONALD'S, RANCH SNACK WRAP, Grilled	usda	222	13.77	18.43	10.31	1 wrap:123
sr:170779	School Lunch, pizza, cheese topping, thick crust, whole grain, frozen, cooked	usda	254	14.62	28.08	9.27	1 slice per 1/10 pizza:124|1 slice per 1/8 pizza:155
sr:170780	School Lunch, pizza, pepperoni topping, thin crust, whole grain, frozen, cooked	usda	254	12.78	31.24	8.62	1 piece 4"x6":127
sr:170781	School Lunch, pizza, pepperoni topping, thick crust, whole grain, frozen, cooked	usda	259	14.35	28.3	9.82	1 slice per 1/10 pizza:124|1 slice per 1/8 pizza:156
sr:170782	School Lunch, pizza, sausage topping, thin crust, whole grain, frozen, cooked	usda	250	12.63	32.24	7.83	1 piece 4" x 6":133
sr:170783	Beef, chuck, short ribs, boneless, separable lean only, trimmed to 0" fat, choice, raw	usda	175	19.38	0.29	10.7	4 oz:113|1 piece:434
sr:170784	WENDY'S, Double Stack, with cheese	usda	285	18.53	15.35	16.6	1 sandwich:146
sr:170785	Fast foods, crispy chicken in tortilla, with lettuce, cheese, and ranch sauce	usda	275	11.48	23.22	15.1	1 item:133
sr:170786	Fast foods, grilled chicken in tortilla, with lettuce, cheese, and ranch sauce	usda	222	13.77	18.43	10.31	1 item:123
sr:170787	Fast foods, breakfast burrito, with egg, cheese, and sausage	usda	277	11.1	22.97	15.63	1 burrito:109
sr:170788	Fast foods, breadstick, soft, prepared with garlic and parmesan cheese	usda	343	12.2	44.48	12.88	1 breadstick:43
sr:170789	PIZZA HUT, breadstick, parmesan garlic	usda	343	12.2	44.48	12.88	1 breadstick:43
sr:170790	CHICK-FIL-A, chicken sandwich	usda	249	16.28	20.89	11.19	1 sandwich:187
sr:170791	ARBY'S, roast beef sandwich, classic	usda	242	15.17	22.21	10.3	1 sandwich:149
sr:170792	School Lunch, pizza, cheese topping, thin crust, whole grain, frozen, cooked	usda	247	12.72	31.31	7.91	1 piece 4"x6":130
sr:170793	School Lunch, pizza, sausage topping, thick crust, whole grain, frozen, cooked	usda	257	13.26	30.58	9.07	1 slice per 1/10 pizza:129
sr:170794	School Lunch, chicken patty, whole grain breaded	usda	246	17.64	12.5	13.93	1 patty:86
sr:170795	School Lunch, chicken nuggets, whole grain breaded	usda	270	15.67	22.86	12.9	5 pieces:88
sr:170796	Beef, chuck, short ribs, boneless, separable lean only, trimmed to 0" fat, all grades, raw	usda	169	19.68	0.05	10.02	4 oz:113|1 piece:432
sr:170797	Beef, chuck eye Country-Style ribs, boneless, separable lean only, trimmed to 0" fat, choice, cooked, braised	usda	234	30.95	0	12.22	3 oz:85|1 piece:224
sr:170798	Beef, chuck eye Country-Style ribs, boneless, separable lean only, trimmed to 0" fat, select, cooked, braised	usda	221	32.1	0	10.24	3 oz:85|1 piece:231
sr:170799	Beef, chuck eye Country-Style ribs, boneless, separable lean only, trimmed to 0" fat, all grades, cooked, braised	usda	228	31.41	0	11.43	3 oz:85|1 piece:227
sr:170800	Beef, chuck eye Country-Style ribs, boneless, separable lean only, trimmed to 0" fat, choice, raw	usda	152	20.87	0	7.67	4 oz:113|1 piece:325
sr:170801	Beef, chuck eye steak, boneless, separable lean only, trimmed to 0" fat, all grades, cooked, grilled	usda	209	27.94	0	10.79	3 oz:85|1 steak:308
sr:170802	Beef, chuck eye steak, boneless, separable lean only, trimmed to 0" fat, choice, raw	usda	160	21.31	0	8.29	4 oz:113|1 steak:382
sr:170803	Beef, chuck eye steak, boneless, separable lean only, trimmed to 0" fat, select, raw	usda	143	21.28	0	6.47	4 oz:113|1 steak:386
sr:170804	Beef, chuck eye steak, boneless, separable lean only, trimmed to 0" fat, all grades, raw	usda	153	21.29	0	7.56	4 oz:113|1 steak:384
sr:170805	Beef, chuck, mock tender steak, boneless, separable lean only, trimmed to 0" fat, select, cooked, braised	usda	181	32.96	0	5.44	3 oz:85|1 steak:141
sr:170806	Beef, chuck, mock tender steak, boneless, separable lean only, trimmed to 0" fat, all grades, cooked, braised	usda	190	33.31	0	6.34	3 oz:85|1 steak:141
sr:170807	Beef, chuck, mock tender steak, boneless, separable lean only, trimmed to 0" fat, choice, raw	usda	127	21.36	0	4.6	4 oz:113|1 steak:204
sr:170808	Beef, chuck, mock tender steak, boneless, separable lean only, trimmed to 0" fat, select, raw	usda	117	21.22	0	3.53	4 oz:113|1 steak:191
sr:170809	Beef, chuck for stew, separable lean and fat, select, raw	usda	124	21.9	0.21	3.99	4 oz:113
sr:170810	Beef, chuck for stew, separable lean and fat, choice, raw	usda	130	21.64	0.12	4.81	4 oz:113
sr:170811	Beef, chuck, under blade steak, boneless, separable lean only, trimmed to 0" fat, choice, cooked, braised	usda	222	30.91	0	10.91	3 oz:85|1 steak:445
sr:170812	Beef, chuck, under blade steak, boneless, separable lean only, trimmed to 0" fat, select, cooked, braised	usda	215	32.01	0	9.66	3 oz:85
sr:170813	Beef, chuck, under blade pot roast or steak, boneless, separable lean and fat, trimmed to 0" fat, all grades, raw	usda	196	19.17	0	13.26	4 oz:113|1 steak:679|1 roast:960
sr:170814	Beef, chuck, under blade pot roast or steak, boneless, separable lean and fat, trimmed to 0" fat, choice, raw	usda	202	19.15	0	13.93	4 oz:113|1 steak:648|1 roast:949
sr:170815	Beef, chuck, under blade pot roast or steak, boneless, separable lean and fat, trimmed to 0" fat, select, raw	usda	187	19.2	0	12.27	4 oz:113|1 steak:732|1 roast:977
sr:170816	Beef, chuck, under blade center steak, boneless, Denver Cut, separable lean and fat, trimmed to 0" fat, all grades, cooked, grilled	usda	227	26.18	0.21	13.54	3 oz:85|1 steak:353
sr:170817	Beef, chuck, under blade center steak, boneless, Denver Cut, separable lean and fat, trimmed to 0" fat, select, raw	usda	172	19.2	0.09	10.5	4 oz:113|1 steak:458
sr:170818	Beef, shoulder pot roast or steak, boneless, separable lean and fat, trimmed to 0" fat, choice, raw	usda	133	21.17	0.07	5.33	4 oz:113|1 steak:361|1 roast:1173
sr:170819	Beef, shoulder pot roast or steak, boneless, separable lean and fat, trimmed to 0" fat, select, raw	usda	127	21.72	0	4.44	4 oz:113|1 steak:381|1 roast:1139
sr:170820	Beef, chuck eye roast, boneless, America's Beef Roast, separable lean and fat, trimmed to 0" fat, all grades, cooked, roasted	usda	236	24.63	0	15.29	3 oz:85|1 roast:609
sr:170821	Beef, chuck, mock tender steak, boneless, separable lean and fat, trimmed to 0" fat, all grades, cooked, braised	usda	220	32.07	0	10.18	3 oz:85|1 steak:141
sr:170822	Beef, chuck, mock tender steak, boneless, separable lean and fat, trimmed to 0" fat, choice, cooked, braised	usda	225	32.21	0	10.74	3 oz:85|1 steak:141
sr:170823	Beef, chuck, mock tender steak, boneless, separable lean and fat, trimmed to 0" fat, select, cooked, braised	usda	211	31.86	0	9.34	3 oz:85|1 steak:141
sr:170824	Beef, chuck, mock tender steak, boneless, separable lean and fat, trimmed to 0" fat, all grades, raw	usda	128	21.13	0	4.79	4 oz:113|1 steak:198
sr:170825	Beef, chuck, short ribs, boneless, separable lean and fat, trimmed to 0" fat, select, cooked, braised	usda	287	25.81	0	20.38	3 oz:85|1 piece:315
sr:170826	Beef, chuck, short ribs, boneless, separable lean and fat, trimmed to 0" fat, all grades, raw	usda	235	17.48	0	18.33	4 oz:113|1 piece:432
sr:170827	Beef, chuck, short ribs, boneless, separable lean and fat, trimmed to 0" fat, choice, raw	usda	240	17.22	0	19.03	4 oz:113|1 piece:434
sr:170828	Beef, chuck, short ribs, boneless, separable lean and fat, trimmed to 0" fat, select, raw	usda	227	17.87	0	17.28	4 oz:113|1 piece:429
sr:170829	Beef, chuck eye Country-Style ribs, boneless, separable lean and fat, trimmed to 0" fat, choice, cooked, braised	usda	303	27.16	0	21.56	3 oz:85|1 piece:224
sr:170830	Beef, chuck eye Country-Style ribs, boneless, separable lean and fat, trimmed to 0" fat, select, cooked, braised	usda	285	28.47	0	19.03	3 oz:85|1 piece:231
sr:170831	Beef, chuck eye Country-Style ribs, boneless, separable lean and fat, trimmed to 0" fat, all grades, raw	usda	205	18.97	0	14.32	4 oz:113|1 piece:331
sr:170832	Beef, chuck eye Country-Style ribs, boneless, separable lean and fat, trimmed to 0" fat, choice, raw	usda	210	18.87	0	14.99	4 oz:113|1 piece:325
sr:170833	Beef, chuck eye Country-Style ribs, boneless, separable lean and fat, trimmed to 0" fat, select, raw	usda	196	19.1	0	13.33	4 oz:113|1 piece:340
sr:170834	Beef, chuck eye steak, boneless, separable lean and fat, trimmed to 0" fat, choice, raw	usda	227	18.86	0	16.85	4 oz:113|1 steak:382
sr:170835	Beef, chuck eye steak, boneless, separable lean and fat, trimmed to 0" fat, select, raw	usda	216	18.86	0	15.6	4 oz:113|1 steak:386
sr:170836	Beef, rib eye roast, bone-in, lip-on, separable lean only, trimmed to 1/8" fat, all grades, cooked, roasted	usda	231	27.12	0	13.64	3 oz:85|1 roast:2130
sr:170837	Beef, rib eye roast, bone-in, lip-on, separable lean only, trimmed to 1/8" fat, select, cooked, roasted	usda	219	27.03	0	12.29	3 oz:85|1 roast:2259
sr:170838	Beef, rib eye steak/roast, bone-in, lip-on, separable lean only, trimmed to 1/8" fat, select, raw	usda	155	21.65	0	7.64	4 oz:113|1 steak:471|1 roast:2557
sr:170839	Beef, rib eye steak/roast, boneless, lip-on, separable lean only, trimmed to 1/8" fat, all grades, raw	usda	156	21.99	0	7.54	4 oz:113|1 steak:361|1 roast:2155
sr:170840	Beef, rib eye steak/roast, boneless, lip-on, separable lean only, trimmed to 1/8" fat, choice, raw	usda	161	21.62	0	8.29	4 oz:113|1 steak:350|1 roast:2124
sr:170841	Beef, rib eye steak/roast, boneless, lip-on, separable lean only, trimmed to 1/8" fat, select, raw	usda	148	22.55	0	6.41	4 oz:113|1 steak:376|1 roast:2203
sr:170842	Beef, rib eye roast, boneless, lip-on, separable lean only, trimmed to 1/8" fat, choice, cooked, roasted	usda	229	27.87	0	13.01	3 oz:85|1 roast:1555
sr:170843	Cheese, fontina	usda	389	25.6	1.55	31.14	1 cup, diced:132|1 cup, shredded:108|1 oz:28.4|1 cubic inch:15|1 slice (1 oz):28|1 package (8 oz):227
sr:170844	Cheese, monterey	usda	373	24.48	0.68	30.28	1 cup, diced:132|1 cup, shredded:113|1 oz:28.4|1 cubic inch:17|1 slice (1 oz):28|1 package (6 oz):170
sr:170845	Cheese, mozzarella, whole milk	usda	299	22.17	2.4	22.14	1 cup, shredded:112|1 oz:28.4|6 slices:170
sr:170846	Cheese, mozzarella, whole milk, low moisture	usda	318	21.6	2.47	24.64	1 oz:28.4|1 cubic inch:18
sr:170847	Cheese, mozzarella, part skim milk	usda	254	24.26	2.77	15.92	1 oz:28.4
sr:170848	Cheese, parmesan, hard	usda	392	35.75	3.22	25	1 oz:28.4|1 cubic inch:10.3|5 package (5 oz):142
sr:170849	Cheese, port de salut	usda	352	23.78	0.57	28.2	1 cup, diced:132|1 cup, shredded:113|1 oz:28.4|1 cubic inch:17|1 slice (1 oz):28|1 package (6 oz):170
sr:170850	Cheese, provolone	usda	351	25.58	2.14	26.62	1 cup, diced:132|1 oz:28.4|1 cubic inch:17|1 slice (1 oz):28|1 package (6 oz):170
sr:170852	Cheese, tilsit	usda	340	24.41	1.88	25.98	1 oz:28.4|1 package (6 oz):170
sr:170853	Cheese, pasteurized process, American, fortified with vitamin D	usda	366	18.13	4.78	30.71	1 oz:28.4|1 slice (1 oz):28|1 slice (3/4 oz):21|1 cubic inch:18|1 cup, shredded:113|1 cup, diced:140
sr:170854	Cheese, pasteurized process, pimento	usda	375	22.13	1.73	31.2	1 cup, diced:140|1 cup, melted:244|1 cup, shredded:113|1 oz:28.4|1 cubic inch:18|1 slice (3/4 oz):21
sr:170855	Cheese, pasteurized process, swiss	usda	334	24.73	2.1	25.01	1 cup, diced:140|1 cup, shredded:113|1 oz:28.4|1 cubic inch:18|1 slice (3/4 oz):21
sr:170856	Cheese food, cold pack, American	usda	331	19.66	8.32	24.46	1 oz:28.4|1 package (8 oz):227
sr:170857	Cream, fluid, light (coffee cream or table cream)	usda	195	2.96	3.66	19.1	1 fl oz:30|1 tbsp:15|1 cup:240|1 container, individual:11.1
sr:170858	Cream, fluid, light whipping	usda	292	2.17	2.96	30.91	1 cup, whipped:120|1 cup, fluid (yields 2 cups whipped):239|1 tbsp:15
sr:170859	Cream, fluid, heavy whipping	usda	340	2.84	2.84	36.08	1 cup, whipped:120|1 cup, fluid (yields 2 cups whipped):238|1 tbsp:15|1 fl oz:29.8
sr:170860	Cream, whipped, cream topping, pressurized	usda	257	3.2	12.49	22.22	1 cup:60|1 tbsp:3
sr:170861	Milk, filled, fluid, with blend of hydrogenated vegetable oils	usda	63	3.33	4.74	3.46	1 cup:244|1 quart:976
sr:170862	Milk, filled, fluid, with lauric acid oil	usda	63	3.33	4.74	3.4	1 cup:244|1 fl oz:30.5|1 quart:976
sr:170863	Cheese, American, nonfat or fat free	usda	126	21.05	10.53	0	1 serving:19
sr:170864	Yogurt, Greek, 2% fat, apricot, CHOBANI	usda	93	7.22	12.15	1.71	
sr:170865	Dessert topping, powdered	usda	577	4.9	52.54	39.92	1.5 oz:43|1 portion, amount to make 1 tbsp:1.3
sr:170866	Dessert topping, powdered, 1.5 ounce prepared with 1/2 cup milk	usda	194	3.61	17.13	12.72	1 cup:80|1 tbsp:4|1 package yields:160
sr:170867	Dessert topping, pressurized	usda	264	0.98	16.07	22.3	1 cup:70|1 tbsp:4
sr:170868	Dessert topping, semi solid, frozen	usda	318	1.25	23.05	25.31	1 cup:75|1 tbsp:4
sr:170869	Sour cream, imitation, cultured	usda	208	2.4	6.63	19.52	1 oz:28.4|1 cup:230
sr:170870	Milk, reduced fat, fluid, 2% milkfat, with added nonfat milk solids and vitamin A and vitamin D	usda	51	3.48	4.97	1.92	1 cup:245|1 quart:980
sr:170871	Milk, reduced fat, fluid, 2% milkfat, protein fortified, with added vitamin A and vitamin D	usda	56	3.95	5.49	1.98	1 cup:246|1 quart:984
sr:170873	Milk, lowfat, fluid, 1% milkfat, with added nonfat milk solids, vitamin A and vitamin D	usda	43	3.48	4.97	0.97	1 cup:245|1 quart:980
sr:170874	Milk, buttermilk, fluid, cultured, lowfat	usda	40	3.31	4.79	1.07	1 cup:245|1 fl oz:30.6|1 quart:980
sr:170875	Milk, low sodium, fluid	usda	61	3.1	4.46	3.46	1 cup:244|1 fl oz:30.5|1 quart:976
sr:170876	Milk, dry, whole, with added vitamin D	usda	496	26.32	38.42	26.71	0.25 cup:32|1 cup:128
sr:170877	Milk, dry, nonfat, regular, without added vitamin A and vitamin D	usda	362	36.16	51.98	0.77	0.25 cup:30|1 cup:120|5 tbsp:23
sr:170878	Milk, canned, evaporated, nonfat, with added vitamin A and vitamin D	usda	78	7.55	11.35	0.2	1 fl oz:31.9|1 cup:256|0.5 cup:128
sr:170879	Milk, chocolate, fluid, commercial, whole, with added vitamin A and vitamin D	usda	83	3.17	10.34	3.39	1 cup:250|1 fl oz:31.2|1 quart:1000
sr:170880	Milk, chocolate, fluid, commercial, reduced fat, with added vitamin A and vitamin D	usda	76	2.99	12.13	1.9	1 cup:250|1 fl oz:31.2|1 quart:1000
sr:170881	Milk, chocolate, lowfat, with added vitamin A and vitamin D	usda	64	3.46	10.15	1.11	1 cup:250|1 quart:1000
sr:170882	Milk, sheep, fluid	usda	108	5.98	5.36	7	1 cup:245|1 quart:980
sr:170883	Milk shakes, thick chocolate	usda	119	3.05	21.15	2.7	1 fl oz:28.4|1 container (10.6 oz):300
sr:170884	Milk shakes, thick vanilla	usda	112	3.86	17.75	3.03	1 fl oz:28.4|1 container (11 oz):313
sr:170885	Whey, acid, fluid	usda	24	0.76	5.12	0.09	1 cup:246|1 quart:984
sr:170886	Yogurt, plain, low fat	usda	63	5.25	7.04	1.55	1 container (6 oz):170|1 container (8 oz):227|0.5 container (4 oz):113|1 cup (8 fl oz):245
sr:170887	Yogurt, plain, skim milk	usda	56	5.73	7.68	0.18	1 container (6 oz):170|1 container (8 oz):227|1 cup (8 fl oz):245
sr:170888	Yogurt, vanilla, low fat.	usda	85	4.93	13.8	1.25	1 container (6 oz):170|1 container (8 oz):227|1 cup (8 fl oz):245
sr:170889	Yogurt, fruit, low fat,9 g protein/8 oz	usda	99	3.98	18.64	1.15	1 container (6 oz):170|1 container (4.4 oz):125|1 container (5 oz):142|1 cup (8 fl oz):245|1 container (8 oz):227|0.5 container (4 oz):113
sr:170890	Milk dessert bar, frozen, made from lowfat milk	usda	147	4.41	32	1.47	1 bar:68
sr:170891	Yogurt, Greek, 2% fat,mixed berry blend, CHOBANI	usda	93	8.26	10.94	1.83	
sr:170892	Nutritional supplement for people with diabetes, liquid	usda	88	4.4	11.88	3.08	1 can:227
sr:170893	Egg, whole, raw, frozen, salted, pasteurized	usda	138	10.97	0.83	10.07	1 oz:28
sr:170894	Yogurt, Greek, plain, nonfat (Includes foods for USDA's Food Distribution Program)	usda	59	10.19	3.6	0.39	1 container:170
sr:170895	Egg, white, dried, stabilized, glucose reduced	usda	357	84.08	4.51	0.32	1 cup, sifted:107|1 tbsp:7
sr:170896	Cheese spread, American or Cheddar cheese base, reduced fat	usda	176	13.41	10.71	8.88	1 piece:21|1 package:566
sr:170897	Cheese, Swiss, nonfat or fat free	usda	127	28.4	3.4	0	1 serving:28
sr:170898	Cheese, mexican, queso cotija	usda	366	20	3.97	30	2 tsp:5
sr:170899	Cheese, cheddar, sharp, sliced	usda	410	24.25	2.13	33.82	1 slice (2/3 oz):19|1 slice (3/4 oz):21|1 slice (1 oz):28
sr:170900	Cheese, mozzarella, low moisture, part-skim, shredded	usda	304	23.63	8.06	19.72	1 cup:86
sr:170902	Yogurt, Greek, vanilla, nonfat	usda	78	8.64	10.37	0.18	1 container (5.3 oz):150
sr:170903	Yogurt, Greek, plain, lowfat	usda	73	9.95	3.94	1.92	1 container (7 oz):200
sr:170904	Kefir, lowfat, plain, LIFEWAY	usda	43	3.79	4.77	1.02	1 cup:243|1 bottle:971
sr:170905	Yogurt, Greek, fruit, whole milk	usda	106	7.33	12.29	3	
sr:170906	Yogurt, vanilla, non-fat	usda	78	2.94	17.04	0	1 cup (8 fl oz):245|1 container (8 oz):227|0.5 container (4 oz):113
sr:170907	Yogurt, Greek, vanilla, lowfat	usda	95	8.64	9.54	2.5	
sr:170908	Yogurt, frozen, flavors other than chocolate, lowfat	usda	139	8	21	2.5	
sr:170909	Yogurt, Greek, 2% fat, pineapple, CHOBANI	usda	94	7.05	12.27	1.82	
sr:170910	Milk, chocolate, lowfat, reduced sugar	usda	57	3.43	7.68	1.04	
sr:170911	Ice cream, lowfat, no sugar added, cone, added peanuts and chocolate sauce	usda	265	5.33	40.01	9.33	
sr:170912	Yogurt, Greek, 2% fat, strawberry banana, CHOBANI	usda	88	8	10.24	1.71	
sr:170913	Yogurt, Greek, nonfat, Fruit on Bottom, Pomegranate, CHOBANI	usda	80	7.45	12.13	0.18	
sr:170914	Yogurt, Greek, Blueberry, CHOBANI	usda	82	7.23	12.78	0.24	
sr:170915	Yogurt, Greek, nonfat, Fruit on Bottom, Strawberry, CHOBANI	usda	79	7.28	11.86	0.23	
sr:170916	Yogurt, Greek, nonfat, Fruit on Bottom, Blackberry, CHOBANI	usda	95	7.54	15.43	0.37	
sr:170917	Spices, bay leaf	usda	313	7.61	74.97	8.36	1 tsp, crumbled:0.6|1 tbsp, crumbled:1.8
sr:170918	Spices, caraway seed	usda	333	19.77	49.9	14.59	1 tsp:2.1|1 tbsp:6.7
sr:170919	Spices, cardamom	usda	311	10.76	68.47	6.7	1 tsp, ground:2|1 tbsp, ground:5.8
sr:170920	Spices, celery seed	usda	392	18.07	41.35	25.27	1 tsp:2|1 tbsp:6.5
sr:170921	Spices, coriander leaf, dried	usda	279	21.93	52.1	4.78	1 tsp:0.6|1 tbsp:1.8
sr:170922	Spices, coriander seed	usda	298	12.37	54.99	17.77	1 tsp:1.8|1 tbsp:5
sr:170923	Spices, cumin seed	usda	375	17.81	44.24	22.27	1 tsp, whole:2.1|1 tbsp, whole:6
sr:170924	Spices, curry powder	usda	325	14.29	55.83	14.01	1 tsp:2|1 tbsp:6.3
sr:170925	Spices, dill seed	usda	305	15.98	55.17	14.54	1 tsp:2.1|1 tbsp:6.6
sr:170926	Spices, ginger, ground	usda	335	8.98	71.62	4.24	1 tsp:1.8|1 tbsp:5.2
sr:170927	Spices, mace, ground	usda	475	6.71	50.5	32.38	1 tsp:1.7|1 tbsp:5.3
sr:170928	Spices, marjoram, dried	usda	271	12.66	60.56	7.04	1 tsp:0.6|1 tbsp:1.7
sr:170929	Spices, mustard seed, ground	usda	508	26.08	28.09	36.24	1 tsp:2|1 tbsp:6.3
sr:170930	Spices, parsley, dried	usda	292	26.63	50.64	5.48	1 tsp:0.5|1 tbsp:1.6
sr:170931	Spices, pepper, black	usda	251	10.39	63.95	3.26	1 tsp, ground:2.3|1 tbsp, ground:6.9|1 tsp, whole:2.9|1 dash:0.1
sr:170932	Spices, pepper, red or cayenne	usda	318	12.01	56.63	17.27	1 tsp:1.8|1 tbsp:5.3
sr:170933	Spices, pepper, white	usda	296	10.4	68.61	2.12	1 tsp, ground:2.4|1 tbsp, ground:7.1
sr:170934	Spices, saffron	usda	310	11.43	65.37	5.85	1 tsp:0.7|1 tbsp:2.1
sr:170935	Spices, sage, ground	usda	315	10.63	60.73	12.75	1 tsp:0.7|1 tbsp:2
sr:170936	Spices, savory, ground	usda	272	6.73	68.73	5.91	1 tsp:1.4|1 tbsp:4.4
sr:170937	Spices, tarragon, dried	usda	295	22.77	50.22	7.24	1 tsp, leaves:0.6|1 tbsp, leaves:1.8|1 tsp, ground:1.6|1 tbsp, ground:4.8
sr:170938	Spices, thyme, dried	usda	276	9.11	63.94	7.43	1 tsp, leaves:1|1 tbsp, leaves:2.7|1 tsp, ground:1.4|1 tbsp, ground:4.3
sr:171002	Salad dressing, KRAFT Mayo Light Mayonnaise	usda	334	0.6	8.5	32.9	1 tbsp:15
sr:171003	Salad dressing, KRAFT Mayo Fat Free Mayonnaise Dressing	usda	64	0.2	15.8	0	1 tbsp:16
sr:171004	Salad dressing, KRAFT MIRACLE WHIP FREE Nonfat Dressing	usda	84	0.2	15.5	2.7	1 tbsp:16
sr:171005	Salad dressing, russian dressing	usda	355	0.69	31.9	26.18	1 tbsp:15|1 cup:245|1 serving (2 tbsp):30
sr:171006	Salad dressing, sesame seed dressing, regular	usda	443	3.1	8.6	45.2	1 tablespoon:15|1 cup:245
sr:171007	Salad dressing, russian dressing, low calorie	usda	141	0.5	27.6	4	1 tablespoon:16|1 cup:260
sr:171008	Salad dressing, thousand island dressing, reduced fat	usda	195	0.83	24.06	11.32	1 tablespoon:15|1 cup:245|1 serving (2 tbsp):15
sr:171009	Salad dressing, mayonnaise, regular	usda	680	0.96	0.57	74.85	1 tbsp:13.8|1 cup:220|1 packet:10
sr:171010	Salad dressing, mayonnaise, soybean and safflower oil, with salt	usda	717	1.1	2.7	79.4	1 tablespoon:13.8|1 cup:220
sr:171011	Shortening, household, soybean (partially hydrogenated)-cottonseed (partially hydrogenated)	usda	884	0	0	100	1 tbsp:12.8|1 cup:205
sr:171012	Oil, soybean, salad or cooking, (partially hydrogenated)	usda	884	0	0	100	1 tbsp:13.6|1 cup:218|1 tsp:4.5
sr:171013	Oil, rice bran	usda	884	0	0	100	1 tablespoon:13.6|1 cup:218|1 tsp:4.5
sr:171014	Oil, wheat germ	usda	884	0	0	100	1 tsp:4.5|1 tablespoon:13.6|1 cup:218
sr:171015	Oil, palm	usda	884	0	0	100	1 tbsp:13.6|1 cup:216|1 tsp:4.5
sr:171016	Oil, sesame, salad or cooking	usda	884	0	0	100	1 tablespoon:13.6|1 cup:218|1 tsp:4.5
sr:171017	Oil, sunflower, linoleic (less than 60%)	usda	884	0	0	100	1 tbsp:13.6|1 cup:218|1 tsp:4.5
sr:171018	Margarine, regular, hard, soybean (hydrogenated)	usda	719	0.9	0.9	80.5	1 tsp:4.7|1 stick:113
sr:171019	Salad dressing, italian dressing, commercial, regular	usda	240	0.41	12.12	21.12	1 tbsp:14.7|1 cup:235
sr:171020	Salad dressing, french dressing, commercial, regular, without salt	usda	459	0.77	15.58	44.81	1 tablespoon:15
sr:171021	Salad dressing, french dressing, reduced fat, without salt	usda	233	0.58	29.28	13.46	1 tablespoon:16|1 cup:260
sr:171022	Salad dressing, italian dressing, commercial, regular, without salt	usda	292	0.38	10.43	28.37	1 tablespoon:14.7|1 cup:235
sr:171023	Salad dressing, italian dressing, reduced fat, without salt	usda	76	0.47	4.57	6.38	1 tablespoon:15|1 cup:240
sr:171024	Oil, cottonseed, salad or cooking	usda	884	0	0	100	1 tablespoon:13.6|1 cup:218|1 tsp:4.5
sr:171025	Oil, sunflower, linoleic, (approx. 65%)	usda	884	0	0	100	1 tbsp:13.6|1 cup:218|1 tsp:4.5
sr:171026	Oil, safflower, salad or cooking, linoleic, (over 70%)	usda	884	0	0	100	1 tbsp:13.6|1 cup:218|1 tsp:4.5
sr:171027	Oil, safflower, salad or cooking, high oleic (primary safflower oil of commerce)	usda	884	0	0	100	1 tablespoon:13.6|1 cup:218|1 tsp:4.5
sr:171028	Oil, grapeseed	usda	884	0	0	100	1 tablespoon:13.6|1 cup:218|1 tsp:4.5
sr:171029	Oil, corn, industrial and retail, all purpose salad or cooking	usda	900	0	0	100	1 tbsp:13.6|1 cup:218|1 tsp:4.5
sr:171030	Oil, walnut	usda	884	0	0	100	1 tbsp:13.6|1 cup:218|1 tsp:4.5
sr:171031	Oil, almond	usda	884	0	0	100	1 tablespoon:13.6|1 cup:218|1 tsp:4.5
sr:171032	Oil, apricot kernel	usda	884	0	0	100	1 tablespoon:13.6|1 cup:218|1 tsp:4.5
sr:171033	Oil, vegetable, Natreon canola, high stability, non trans, high oleic (70%)	usda	884	0	0	100	1 tbsp:14
sr:171034	Salad dressing, honey mustard dressing, reduced calorie	usda	207	0.98	28.26	10	2 tbsp (1 serving):30
sr:171035	Margarine-like spread, BENECOL Light Spread	usda	357	0	5.71	38.71	1 tablespoon (1 NLEA serving):14
sr:171036	Salad dressing, spray-style dressing, assorted flavors	usda	165	0.16	16.6	10.75	1 serving (approximately 10 sprays):8
sr:171037	Salad Dressing, mayonnaise, light, SMART BALANCE, Omega Plus light	usda	333	1.53	9.39	34.18	1 tbsp (1 NLEA serving):14
sr:171038	Margarine-like, vegetable oil spread, 60% fat, tub, with salt, with added vitamin D	usda	533	0.17	0.86	59.81	1 tbsp:14|1 cup:229|1 teaspoon:4.8
sr:171039	Margarine-like vegetable-oil spread, stick/tub/bottle, 60% fat, with added vitamin D	usda	535	0.6	0	59.17	1 tbsp:14|1 cup:229|1 teaspoon:4.8
sr:171040	Margarine, regular, 80% fat, composite, stick, without salt, with added vitamin D	usda	717	0.16	0.7	80.71	1 tbsp:14|1 cup:229|1 teaspoon:4.8
sr:171041	Margarine-like, vegetable oil spread, 60% fat, stick/tub/bottle, without salt, with added vitamin D	usda	542	0.17	0.86	59.81	1 tbsp:14
sr:171042	Oil, industrial, canola, high oleic	usda	900	0	0	100	1 tablespoon:14|1 cup:218|1 teaspoon:4.5
sr:171043	Salad dressing, honey mustard, regular	usda	464	0.87	23.33	40.83	2 tbsp:30
sr:171044	Salad dressing, poppyseed, creamy	usda	399	0.92	23.73	33.33	2 tbsp:33
sr:171045	Salad dressing, caesar, fat-free	usda	131	1.47	30.73	0.23	2 tbsp (1 NLEA serving):34
sr:171046	Dressing, honey mustard, fat-free	usda	169	1.07	38.43	1.47	2 tbsp (1 NLEA serving):30
sr:171047	Chicken, broilers or fryers, meat and skin and giblets and neck, raw	usda	213	18.33	0.13	14.83	3 oz:85|1 chicken:1046
sr:171048	Chicken, broilers or fryers, meat and skin and giblets and neck, cooked, fried, batter	usda	291	22.84	9.03	17.53	3 oz:85|1 unit (yield from 1 lb ready-to-cook chicken):308|1 chicken:1028
sr:171049	Chicken, broilers or fryers, meat and skin and giblets and neck, cooked, fried, flour	usda	272	28.57	3.27	15.27	3 oz:85|1 unit (yield from 1 lb ready-to-cook chicken):212|1 chicken:708
sr:171050	Chicken, broilers or fryers, meat and skin and giblets and neck, roasted	usda	234	26.78	0.06	13.27	3 oz:85|1 unit (yield from 1 lb ready-to-cook chicken):205|1 chicken:682
sr:171051	Chicken, broilers or fryers, meat and skin, cooked, stewed	usda	219	24.68	0	12.56	1 cup, chopped or diced:140|1 unit (yield from 1 lb ready-to-cook chicken):200|0.5 chicken, bone removed:334
sr:171052	Chicken, broilers or fryers, meat only, raw	usda	119	21.39	0	3.08	4 oz:113|1 unit (yield from 1 lb ready-to-cook chicken):197|0.5 chicken, bone and skin removed:329
sr:171053	Chicken, broilers or fryers, meat only, cooked, fried	usda	219	30.57	1.69	9.12	1 cup, chopped or diced:140|1 unit (yield from 1 lb ready-to-cook chicken):155|0.5 chicken, bone and skin removed:258
sr:171054	Chicken, broilers or fryers, meat only, cooked, roasted	usda	190	28.93	0	7.41	1 cup, chopped or diced:140|1 tbsp:8.7|1 unit (yield from 1 lb ready-to-cook chicken):146
sr:171055	Chicken, broilers or fryers, skin only, cooked, roasted	usda	454	20.36	0	40.68	1 unit (yield from 1 lb ready-to-cook chicken):34|0.5 chicken, skin only:56
sr:171056	Chicken, broilers or fryers, skin only, cooked, stewed	usda	363	15.22	0	33.04	3 oz:85|0.5 unit (yield from 1 lb ready-to-cook chicken):44|chicken, skin only:72
sr:171057	Chicken, broilers or fryers, giblets, raw	usda	124	17.88	1.8	4.47	1 unit (yield from 1 lb ready-to-cook chicken):23|1 giblets:75
sr:171058	Chicken, broilers or fryers, giblets, cooked, fried	usda	277	32.54	4.35	13.46	1 cup, chopped or diced:145|1 unit (yield from 1 lb ready-to-cook chicken):13
sr:171059	Chicken, heart, all classes, cooked, simmered	usda	185	26.41	0.1	7.92	1 cup, chopped or diced:145|1 unit (yield from 1 lb ready-to-cook chicken):1
sr:171060	Chicken, liver, all classes, raw	usda	119	16.92	0.73	4.83	4 oz:113|1 liver:44
sr:171061	Chicken, liver, all classes, cooked, simmered	usda	167	24.46	0.87	6.51	3 oz:85|1 liver:44
sr:171062	Chicken, broilers or fryers, light meat, meat and skin, raw	usda	186	20.27	0	11.07	4 oz:113|0.5 unit (yield from 1 lb ready-to-cook chicken):116|chicken, bone removed:194
sr:171063	Chicken, broilers or fryers, dark meat, meat and skin, cooked, fried, batter	usda	298	21.85	9.38	18.64	3 oz:85|1 unit (yield from 1 lb ready-to-cook chicken):167|0.5 chicken, bone removed:278
sr:171064	Chicken, broilers or fryers, dark meat, meat and skin, cooked, fried, flour	usda	285	27.22	4.08	16.91	1 unit (yield from 1 lb ready-to-cook chicken):110|0.5 chicken, bone removed:184
sr:171065	Chicken, broilers or fryers, dark meat, meat and skin, cooked, roasted	usda	253	25.97	0	15.78	1 unit (yield from 1 lb ready-to-cook chicken):101|0.5 chicken, bone removed:167
sr:171066	Chicken, broilers or fryers, dark meat, meat and skin, cooked, stewed	usda	233	23.5	0	14.66	1 unit (yield from 1 lb ready-to-cook chicken):110|0.5 chicken, bone removed:184
sr:171067	Chicken, broilers or fryers, dark meat, meat only, raw	usda	125	20.08	0	4.31	1 unit (yield from 1 lb ready-to-cook chicken):109|0.5 chicken, bone and skin removed:182
sr:171068	Chicken, broilers or fryers, dark meat, meat only, cooked, fried	usda	239	28.99	2.59	11.62	1 cup:140|1 unit (yield from 1 lb ready-to-cook chicken):91
sr:171069	Chicken, broilers or fryers, dark meat, meat only, cooked, roasted	usda	205	27.37	0	9.73	1 cup, chopped or diced:140|1 unit (yield from 1 lb ready-to-cook chicken):81|0.5 chicken, bone and skin removed:136
sr:171070	Chicken, broilers or fryers, dark meat, meat only, cooked, stewed	usda	192	25.97	0	8.98	1 cup, chopped or diced:140|1 unit (yield from 1 lb ready-to-cook chicken):86|0.5 chicken, bone and skin removed:143
sr:171071	Chicken, broilers or fryers, back, meat and skin, cooked, roasted	usda	300	25.95	0	20.97	1 unit (yield from 1 lb ready-to-cook chicken):32|0.5 back, bone removed:53
sr:171072	Chicken, broilers or fryers, back, meat and skin, cooked, stewed	usda	258	22.18	0	18.14	3 oz:85|1 unit (yield from 1 lb ready-to-cook chicken):36|1 cup, chopped or diced:160
sr:171073	Chicken, broilers or fryers, back, meat only, raw	usda	137	19.56	0	5.92	4 oz:113|0.5 unit (yield from 1 lb ready-to-cook chicken):31|back, bone and skin removed:51
sr:171074	Chicken, broilers or fryers, back, meat only, cooked, fried	usda	288	29.99	5.68	15.32	1 unit (yield from 1 lb ready-to-cook chicken):35|0.5 back, bone and skin removed:58
sr:171075	Chicken, broilers or fryers, breast, meat and skin, cooked, roasted	usda	197	29.8	0	7.78	1 cup, chopped or diced:140|1 unit (yield from 1 lb ready-to-cook chicken):58|0.5 breast, bone removed:98
sr:171076	Chicken, broilers or fryers, breast, meat and skin, cooked, stewed	usda	184	27.39	0	7.42	1 cup, chopped or diced:140|1 unit (yield from 1 lb ready-to-cook chicken):66|0.5 breast, bone removed:110
sr:171077	Chicken, broiler or fryers, breast, skinless, boneless, meat only, raw	usda	120	22.5	0	2.62	4 oz:113|1 piece:272|1 package:926
sr:171078	Chicken, broilers or fryers, breast, meat only, cooked, fried	usda	187	33.44	0.51	4.71	1 unit (yield from 1 lb ready-to-cook chicken):52|0.5 breast, bone and skin removed:86
sr:171079	Squab, (pigeon), meat only, raw	usda	142	17.5	0	7.5	1 unit (yield from 1 lb ready-to-cook squab):251|1 squab:168
sr:171080	Squab, (pigeon), light meat without skin, raw	usda	134	21.76	0	4.52	1 breast, bone removed:101|1 unit (yield from 1 lb ready-to-cook squab):151
sr:171081	Turkey, whole, meat and skin, raw	usda	144	21.64	0.14	5.64	4 oz:113|1 bird:5002
sr:171082	Turkey, whole, skin (light and dark), roasted	usda	459	23.94	0.57	39.31	3 oz:85
sr:171083	Turkey, whole, giblets, raw	usda	124	18.18	0.07	5.09	4 oz:113|1 giblets:157
sr:171084	Turkey, whole, giblets, cooked, simmered	usda	173	26.44	0	6.61	3 oz:85|1 giblets:95
sr:171085	Turkey, gizzard, all classes, raw	usda	111	18.8	0	3.37	4 oz:113|1 raw gizzard:63
sr:171086	Turkey, whole, neck, meat only, raw	usda	125	16.51	0	6.04	1 oz:28.4|1 lb:453
sr:171087	Turkey, whole, neck, meat only, cooked, simmered	usda	162	22.48	0	7.36	3 oz:85
sr:171088	Turkey, whole, light meat, meat and skin, raw	usda	161	21.96	0.15	7.43	4 oz:113|1 lb:453
sr:171089	Turkey, whole, light meat, meat and skin, cooked, roasted	usda	177	29.55	0.05	5.57	3 oz:85
sr:171090	Turkey, whole, dark meat, meat only, raw	usda	108	21.28	0.15	2.5	4 oz:113|1 serving:85
sr:171091	Turkey, whole, dark meat, cooked, roasted	usda	173	27.71	0	6.04	3 oz:85
sr:171092	Turkey, all classes, back, meat and skin, cooked, roasted	usda	244	26.59	0.16	14.38	1 cup, chopped or diced:140|0.5 back, bone removed:262|1 unit (yield from 1 lb ready-to-cook turkey):34
sr:171093	Turkey, all classes, breast, meat and skin, raw	usda	157	21.89	0	7.02	1 unit (yield from 1 lb ready-to-cook turkey):146|0.5 breast, bone removed:1132
sr:171094	Turkey, all classes, wing, meat and skin, cooked, roasted	usda	229	27.38	0	12.43	3 oz:85|1 unit (yield from 1 lb ready-to-cook turkey):24|1 wing, bone removed:186
sr:171095	Turkey, fryer-roasters, meat and skin, cooked, roasted	usda	172	28.26	0	5.72	3 oz:85|0.5 turkey, bone removed:808|1 unit (yield from 1 lb ready-to-cook turkey):229
sr:171096	Turkey, whole, back, meat only, raw	usda	113	21.28	0.15	2.5	4 oz:113|1 back:1124
sr:171097	Turkey, whole, back, meat only, cooked, roasted	usda	173	27.71	0	6.04	3 oz:85|1 back:911
sr:171098	Turkey, whole, breast, meat only, raw	usda	114	23.66	0.14	1.48	4 oz:113|1 breast:1769
sr:171099	Chicken, canned, meat only, with broth	usda	165	21.77	0	7.95	3 oz:85|1 can (5 oz):142
sr:171100	Pate de foie gras, canned (goose liver pate), smoked	usda	462	11.4	4.67	43.84	1 tbsp:13|1 oz:28.4
sr:171101	Turkey, canned, meat only, with broth	usda	169	23.68	1.47	6.86	3 oz:85|1 cup, drained:135|1 can (5 oz):142|1 can (5 oz) yields:125
sr:171102	Turkey, diced, light and dark meat, seasoned	usda	138	18.7	1	6	1 oz:28.4|0.5 lb:227
sr:171103	Turkey sticks, breaded, battered, fried	usda	279	14.2	17	16.9	1 stick (2.25 oz):64
sr:171104	Poultry, mechanically deboned, from backs and necks with skin, raw	usda	272	11.39	0	24.73	0.5 lb:227
sr:171105	Poultry, mechanically deboned, from backs and necks without skin, raw	usda	199	13.79	0	15.48	0.5 lb:227
sr:171106	Poultry, mechanically deboned, from mature hens, raw	usda	243	14.72	0	19.98	0.5 lb:227
sr:171107	Chicken, cornish game hens, meat and skin, cooked, roasted	usda	259	22.27	0	18.21	3 oz:85|0.5 bird:129|1 bird whole:257
sr:171108	Chicken, cornish game hens, meat only, raw	usda	116	20.04	0	3.33	3 oz:85|0.5 bird:120|1 bird whole:239
sr:171109	Chicken, cornish game hens, meat only, cooked, roasted	usda	134	23.3	0	3.87	3 oz:85|0.5 bird:110|1 bird whole:220
sr:171110	Chicken, canned, no broth	usda	185	25.3	0.9	8.1	3 oz:85|1 cup:205|1 can (5 oz) yields:125
sr:171111	Chicken, wing, frozen, glazed, barbecue flavored	usda	211	19.67	3.34	12.67	3 oz:85|1 piece:29|1 serving:86
sr:171112	Duck, young duckling, domesticated, White Pekin, leg, meat and skin, bone in, cooked, roasted	usda	217	26.75	0	11.4	1 leg, bone removed (yield after cooking):92|1 unit (yield from 1 lb ready-to-cook duck):43|3 oz:85
sr:171113	Duck, young duckling, domesticated, White Pekin, leg, meat only, bone in, cooked without skin, braised	usda	178	29.1	0	5.96	3 oz:85|1 cup chopped or diced, cooked:174|1 unit (yield from 1 lb ready-to-cook duck):35|1 leg, bone and skin removed:75
sr:171114	Chicken, broiler, rotisserie, BBQ, drumstick, meat only	usda	172	27.71	0	6.76	3 oz:85|1 drumstick:71
sr:171115	Chicken, wing, frozen, glazed, barbecue flavored, heated (conventional oven)	usda	242	22.24	3.36	14.87	3 oz:85|1 serving:96
sr:171116	Chicken, ground, raw	usda	143	17.44	0.04	8.1	4 oz crumbled:113
sr:171117	Chicken, ground, crumbles, cooked, pan-browned	usda	189	23.28	0	10.92	3 oz crumbled:85
sr:171118	Chicken, broiler, rotisserie, BBQ, thigh, meat only	usda	193	24.09	0	10.74	3 oz:85|1 thigh:95
sr:171119	Chicken, feet, boiled	usda	215	19.4	0.2	14.6	3 oz:85|1 lb:453.6
sr:171120	Chicken, broilers or fryers, rotisserie, original seasoning, thigh, meat only, cooked	usda	196	24.06	0	11.09	1 thigh:89|1 serving (3 oz):85|1 oz:28.4
sr:171121	Chicken, broilers or fryers, rotisserie, original seasoning, wing, meat only, cooked	usda	197	27.69	0	9.53	1 wing:53|1 serving (3 oz):85|1 oz:28.4
sr:171122	Chicken, broilers or fryers, rotisserie, original seasoning, back, meat and skin, cooked	usda	260	23.23	0.03	18.59	1 back:102|1 serving (3 oz):85|1 oz:28.4
sr:171123	Chicken, broilers or fryers, rotisserie, original seasoning, breast, meat and skin, cooked	usda	184	27.48	0.02	8.18	1 serving (3 oz):85|1 oz:28.4|1 breast:343
sr:171124	Chicken, broiler, rotisserie, BBQ, back, meat and skin	usda	251	20.29	0.4	18.86	3 oz:85|1 back:182
sr:171125	Chicken, broiler, rotisserie, BBQ, breast, meat and skin	usda	175	26.37	0.09	7.67	3 oz:85|1 breast:384
sr:171126	Chicken, broiler, rotisserie, BBQ, drumstick, meat and skin	usda	206	25.65	0.12	11.46	3 oz:85|1 drumstick:71
sr:171127	Chicken, broiler, rotisserie, BBQ, thigh, meat and skin	usda	226	22.51	0.12	15.08	3 oz:85|1 thigh:95
sr:171128	Turkey, drumstick, from whole bird, meat only, with added solution, roasted	usda	158	26.1	0	6	3 oz:85|1 drumstick:217
sr:171129	Turkey, thigh, from whole bird, meat only, with added solution, raw	usda	115	19.27	0.15	4.12	4 oz:113|1 thigh:424
sr:171130	Turkey, retail parts, breast, meat and skin, with added solution, raw	usda	144	20.79	0.03	6.75	4 oz:113|1 breast:1171
sr:171131	Turkey, thigh, from whole bird, meat only, with added solution, roasted	usda	158	26.1	0	6	3 oz:85|1 thigh:327
sr:171132	Turkey, retail parts, wing, meat and skin, raw	usda	202	19.53	0.05	13.79	3 oz:85|1 wing:518
sr:171133	Turkey, retail parts, wing, meat and skin, cooked, roasted	usda	235	28.74	0.13	13.29	3 oz:85|1 wing:375
sr:171134	Turkey, retail parts, drumstick, meat and skin, raw	usda	141	19.96	0	6.84	4 oz:113|1 drumstick:356
sr:171135	Turkey, retail parts, drumstick, meat and skin, cooked, roasted	usda	197	28.21	0	9.37	3 oz:85|1 drumstick:275
sr:171136	Turkey, drumstick, from whole bird, meat only, raw	usda	109	23.66	0.14	1.48	4 oz:113|1 drumstick:337
sr:171137	Turkey, retail parts, thigh, meat and skin, cooked, roasted	usda	183	23.95	0.41	9.5	3 oz:85|1 thigh:348
sr:171138	Turkey, back, from whole bird, meat and skin, with added solution, raw	usda	206	16.86	0.15	15.41	4 oz:113|1 back:1245
sr:171139	Turkey, back, from whole bird, meat and skin, with added solution, roasted	usda	205	25.8	0	11.36	3 oz:85|1 back:949
sr:171141	Soup, black bean, canned, condensed	usda	91	4.83	15.42	1.32	1 cup (8 fl oz):257|1 can (11 oz), undiluted:312
sr:171142	Soup, bean with pork, canned, condensed	usda	129	5.88	16.97	4.42	0.5 cup:130|1 can 11.5 oz:326
sr:171143	Soup, bean with frankfurters, canned, condensed	usda	142	7.6	16.75	5.31	1 cup (8 fl oz):263|1 can (11.25 oz):319
sr:171144	Soup, bean with ham, canned, chunky, ready-to-serve	usda	95	5.19	11.16	3.5	1 cup (8 fl oz):243|1 can (19.25 oz):546
sr:171145	Soup, chicken, canned, chunky, ready-to-serve	usda	71	5.06	6.88	2.64	1 cup:245
sr:171146	Soup, cream of chicken, canned, condensed	usda	90	2.38	7.16	5.77	0.5 cup (4 fl oz):126|1 can (10.75 oz):305
sr:171147	Soup, chicken gumbo, canned, condensed	usda	45	2.1	6.67	1.14	0.5 cup (4 fl oz):126|1 can (10.75 oz):305
sr:171148	Soup, chunky chicken noodle, canned, ready-to-serve	usda	41	3.09	4.46	1.16	1 can:530|1 cup:243
sr:171149	Soup, chicken vegetable, canned, condensed	usda	61	2.94	7.01	2.32	0.5 cup:121|1 can (10.7 oz):303
sr:171150	Soup, chili beef, canned, condensed	usda	117	5.09	18.86	2.53	1 cup (8 fl oz):263|1 can (11.25 oz):319
sr:171151	Soup, clam chowder, manhattan style, canned, chunky, ready-to-serve	usda	56	3.02	7.84	1.41	1 cup (8 fl oz):240|1 can (19 oz):539
sr:171152	Soup, clam chowder, manhattan, canned, condensed	usda	61	1.74	9.74	1.76	0.5 cup (4 fl oz):126|1 can (10.75 oz):305
sr:171153	Soup, minestrone, canned, condensed	usda	68	3.48	9.17	2.05	0.5 cup (4 fl oz):123|1 can (10.5 oz):298
sr:171154	Soup, mushroom barley, canned, condensed	usda	61	1.5	9.6	1.8	0.5 cup (4 fl oz):126|1 can (10.75 oz):305
sr:171155	Soup, cream of mushroom, canned, condensed	usda	79	1.35	6.8	5.3	0.5 cup:126
sr:171156	Soup, mushroom with beef stock, canned, condensed	usda	68	2.51	7.41	3.21	0.5 cup (4 fl oz):126|1 can (10.75 oz):305
sr:171157	Soup, pea, split with ham, canned, condensed	usda	141	7.68	20.81	3.28	0.5 cup (4 fl oz):135|1 can (11.5 oz):326
sr:171158	Soup, cream of potato, canned, condensed	usda	74	1.51	12.79	1.88	0.5 cup:124
sr:171159	Soup, cream of shrimp, canned, condensed	usda	72	2.22	6.53	4.14	0.5 cup:126|1 can:305
sr:171160	Soup, tomato beef with noodle, canned, condensed	usda	112	3.55	16.87	3.42	1 cup (8 fl oz):251|1 can (10.75 oz):305
sr:171161	Soup, vegetarian vegetable, canned, condensed	usda	59	1.72	9.78	1.58	0.5 cup:126|1 can (10.5 oz):298
sr:171162	Soup, chunky beef, canned, ready-to-serve	usda	66	3.97	10.08	1.11	1 cup:245|1 can (19 oz):539
sr:171163	Soup, vegetable beef, canned, condensed	usda	63	4.45	8.11	1.51	0.5 cup:126|1 can (10.75 oz):305
sr:171164	Soup, vegetable with beef broth, canned, condensed	usda	66	2.42	10.7	1.56	0.5 cup:123|1 can (10.5 oz):298
sr:171165	Soup, onion, dry, mix	usda	293	7.48	65.07	0.34	1 serving 1 tbsp:7.5|1 packet:39
sr:171166	Soup, cream of vegetable, dry, powder	usda	446	8	52.1	24.1	1 packet:18
sr:171167	Sauce, teriyaki, ready-to-serve	usda	89	5.93	15.56	0.02	1 tbsp:18|1 fl oz:36|1 cup:288
sr:171168	Gravy, au jus, canned	usda	16	1.2	2.5	0.2	0.25 cup:59|1 can:298
sr:171169	Gravy, au jus, dry	usda	313	9.2	47.49	9.63	1 tsp:3
sr:171170	Gravy, mushroom, canned	usda	50	1.26	5.47	2.71	1 cup:238|1 can:298
sr:171171	Gravy, mushroom, dry, powder	usda	328	10	64.66	4	1 cup (8 fl oz):21
sr:171172	Gravy, onion, dry, mix	usda	322	9	67.64	3	1 cup (8 fl oz):24
sr:171173	Gravy, pork, dry, powder	usda	367	8.78	63.57	8.63	1 serving:6.7
sr:171174	Sauce, sofrito, prepared from recipe	usda	237	12.8	5.46	18.2	0.5 cup:103
sr:171175	Soup, beef mushroom, canned, condensed	usda	61	4.6	5.2	2.4	0.5 cup (4 fl oz):126|1 can (10.75 oz):305
sr:171176	Soup, tomato, canned, prepared with equal volume water, commercial	usda	32	0.71	7.45	0.21	1 serving 1 cup:248|1 fl oz:31
sr:171177	Soup, ramen noodle, any flavor, dry	usda	440	10.17	60.26	17.59	1 package without flavor packet:81|1 packet:5.8
sr:171178	Soup, broccoli cheese, canned, condensed, commercial	usda	87	2.1	7.7	5.3	1 serving 1/2 cup:121|1 can 10.7 oz (10.75 oz):303
sr:171179	Soup, SWANSON, beef broth, lower sodium	usda	6	1.2	0.21	0.08	1 cup:213|1 can 14.5 oz:413|1 carton 32 oz:925
sr:171180	Soup, SWANSON, vegetable broth	usda	6	0.23	1.02	0.07	1 cup:220|1 carton 32 oz:928
sr:171181	SMART SOUP, Indian Bean Masala	usda	57	3.3	10.5	0.88	1 oz 1 pouch:283
sr:171182	SMART SOUP, Moroccan Chick Pea	usda	51	2	9.7	1.06	1 oz 1 pouch:283
sr:171183	SMART SOUP, Thai Coconut Curry	usda	36	0.8	6.5	1.06	1 oz 1 pouch:283
sr:171184	SMART SOUP, Vietnamese Carrot Lemongrass	usda	44	1.3	8.2	1.06	1 oz 1 pouch:283
sr:171185	Sauce, pesto, MEZZETTA, NAPA VALLEY BISTRO, basil pesto, ready-to-serve	usda	496	6.69	5.12	49.88	0.25 cup:60
sr:171186	Sauce, hot chile, sriracha	usda	93	1.93	19.16	0.93	1 tsp:6.5
sr:171187	Sauce, hot chile, sriracha, CHA! BY TEXAS PETE	usda	108	2.02	22.73	0.98	1 tsp:6.9
sr:171188	Sauce, hot chile, sriracha, TUONG OT SRIRACHA	usda	79	1.86	15.87	0.9	1 tsp:6.2
sr:171189	Soup, vegetable beef, microwavable, ready-to-serve, single brand	usda	44	6.2	3.3	0.7	1 serving:292|1 package yields:292
sr:171190	Soup, beef and vegetables, canned, ready-to-serve	usda	48	3.18	6.16	1.16	1 cup:250|1 can:528
sr:171191	Sauce, cheese, ready-to-serve	usda	174	6.71	6.83	13.29	0.25 cup:63
sr:171193	Beef, chuck, short ribs, boneless, separable lean only, trimmed to 0" fat, select, raw	usda	161	20.14	0	8.99	4 oz:113|1 piece:429
sr:171194	Beef, chuck eye Country-Style ribs, boneless, separable lean only, trimmed to 0" fat, select, raw	usda	137	21.1	0	5.89	4 oz:113|1 piece:340
sr:171195	Beef, chuck eye Country-Style ribs, boneless, separable lean only, trimmed to 0" fat, all grades, raw	usda	146	20.96	0	6.95	4 oz:113|1 piece:331
sr:171196	Beef, chuck eye steak, boneless, separable lean only, trimmed to 0" fat, choice, cooked, grilled	usda	215	27.97	0	11.47	3 oz:85|1 steak:307
sr:171197	Beef, chuck eye steak, boneless, separable lean only, trimmed to 0" fat, select, cooked, grilled	usda	199	27.88	0	9.77	3 oz:85|1 steak:309
sr:171198	Beef, shoulder pot roast, boneless, separable lean only, trimmed to 0" fat, choice, cooked, braised	usda	200	31.32	0	8.3	3 oz:85|1 roast:793
sr:171199	Beef, shoulder pot roast, boneless, separable lean only, trimmed to 0" fat, select, cooked, braised	usda	190	31.71	0	7.02	3 oz:85|1 roast:779
sr:171200	Beef, shoulder pot roast, boneless, separable lean only, trimmed to 0" fat, all grades, cooked, braised	usda	196	31.48	0	7.78	3 oz:85|1 roast:787
sr:171201	Beef, chuck, mock tender steak, boneless, separable lean only, trimmed to 0" fat, choice, cooked, braised	usda	197	33.55	0	6.94	3 oz:85|1 steak:141
sr:171202	Beef, chuck, mock tender steak, boneless, separable lean only, trimmed to 0" fat, all grades, raw	usda	123	21.3	0	4.17	4 oz:113|1 steak:198
sr:171203	Beef, chuck for stew, separable lean and fat, all grades, cooked, braised	usda	191	32.41	0	6.82	3 oz:85|1 lb:453.6
sr:171204	Beef, chuck for stew, separable lean and fat, select, cooked, braised	usda	186	32.29	0	6.34	3 oz:85
sr:171205	Beef, chuck for stew, separable lean and fat, choice, cooked, braised	usda	194	32.49	0	7.14	3 oz:85
sr:171206	Beef, chuck for stew, separable lean and fat, all grades, raw	usda	128	21.75	0.16	4.48	4 oz:113
sr:171207	Beef, chuck, under blade steak, boneless, separable lean only, trimmed to 0" fat, all grades, cooked, braised	usda	219	31.35	0	10.41	3 oz:85
sr:171208	Beef, chuck, under blade pot roast, boneless, separable lean and fat, trimmed to 0" fat, all grades, cooked, braised	usda	291	26.7	0	20.49	3 oz:85
sr:171209	Beef, rib eye steak, boneless, lip-on, separable lean only, trimmed to 1/8" fat, all grades, cooked, grilled	usda	207	27.97	0	10.57	3 oz:85|1 steak:291
sr:171210	Beef, rib eye roast, bone-in, lip-on, separable lean only, trimmed to 1/8" fat, choice, cooked, roasted	usda	240	27.18	0	14.55	3 oz:85|1 roast:2044
sr:171211	Beef, chuck, under blade center steak, boneless, Denver Cut, separable lean and fat, trimmed to 0" fat, choice, cooked, grilled	usda	236	26.1	0.4	14.41	3 oz:85|1 steak:356
sr:171212	Beef, chuck, under blade center steak, boneless, Denver Cut, separable lean and fat, trimmed to 0" fat, select, cooked, grilled	usda	215	26.3	0	12.25	3 oz:85|1 steak:349
sr:171213	Beef, chuck, under blade center steak, boneless, Denver Cut, separable lean and fat, trimmed to 0" fat, all grades, raw	usda	182	18.99	0.36	11.64	4 oz:113|1 steak:473
sr:171214	Beef, chuck, under blade center steak, boneless, Denver Cut, separable lean and fat, trimmed to 0" fat, choice, raw	usda	189	18.85	0.53	12.4	4 oz:113|1 steak:483
sr:171215	Beef, chuck eye roast, boneless, America's Beef Roast, separable lean and fat, trimmed to 0" fat, choice, cooked, roasted	usda	241	24.47	0	15.87	3 oz:85|1 roast:586
sr:171216	Beef, chuck eye roast, boneless, America's Beef Roast, separable lean and fat, trimmed to 0" fat, select, cooked, roasted	usda	229	24.86	0	14.41	3 oz:85|1 roast:645
sr:171217	Beef, chuck, under blade steak, boneless, separable lean and fat, trimmed to 0" fat, all grades, cooked, braised	usda	275	28.23	0	18	3 oz:85|1 steak:449
sr:171218	Beef, chuck, under blade steak, boneless, separable lean and fat, trimmed to 0" fat, choice, cooked, braised	usda	284	27.6	0	19.3	3 oz:85|1 steak:445
sr:171219	Beef, chuck, under blade steak, boneless, separable lean and fat, trimmed to 0" fat, select, cooked, braised	usda	261	29.18	0	16.05	3 oz:85|1 steak:454
sr:171220	Beef, chuck, mock tender steak, boneless, separable lean and fat, trimmed to 0" fat, choice, raw	usda	131	21.19	0	5.18	4 oz:113|1 steak:204
sr:171221	Beef, chuck, mock tender steak, boneless, separable lean and fat, trimmed to 0" fat, select, raw	usda	122	21.05	0	4.2	4 oz:113|1 steak:191
sr:171222	Beef, chuck, short ribs, boneless, separable lean and fat, trimmed to 0" fat, all grades, cooked, braised	usda	305	25.48	0	22.58	3 oz:85|1 piece:289
sr:171223	Beef, chuck, short ribs, boneless, separable lean and fat, trimmed to 0" fat, choice, cooked, braised	usda	317	25.26	0	24.05	3 oz:85|1 piece:272
sr:171224	Beef, shoulder pot roast, boneless, separable lean and fat, trimmed to 0" fat, all grades, cooked, braised	usda	204	31.03	0	8.92	3 oz:85|1 roast:787
sr:171225	Beef, shoulder pot roast, boneless, separable lean and fat, trimmed to 0" fat, choice, cooked, braised	usda	207	30.93	0	9.25	3 oz:85|1 roast:793
sr:171226	Beef, shoulder pot roast, boneless, separable lean and fat, trimmed to 0" fat, select, cooked, braised	usda	200	31.18	0	8.41	3 oz:85|1 roast:779
sr:171227	Beef, chuck eye Country-Style ribs, boneless, separable lean and fat, trimmed to 0" fat, all grades, cooked, braised	usda	296	27.69	0	20.55	3 oz:85|1 piece:227
sr:171228	Beef, chuck eye steak, boneless, separable lean and fat, trimmed to 0" fat, all grades, cooked, grilled	usda	277	24.98	0	19.64	3 oz:85|1 steak:308
sr:171229	Beef, chuck eye steak, boneless, separable lean and fat, trimmed to 0" fat, choice, cooked, grilled	usda	283	24.95	0	20.35	3 oz:85|1 steak:307
sr:171230	Beef, chuck eye steak, boneless, separable lean and fat, trimmed to 0" fat, select, cooked, grilled	usda	267	25.03	0	18.57	3 oz:85|1 steak:309
sr:171231	Beef, chuck eye steak, boneless, separable lean and fat, trimmed to 0" fat, all grades, raw	usda	223	18.86	0	16.35	4 oz:113|1 steak:384
sr:171232	Beef, rib eye steak, boneless, lip-on, separable lean only, trimmed to 1/8" fat, choice, cooked, grilled	usda	217	27.3	0	11.97	3 oz:85|1 steak:281
sr:171233	Beef, rib eye steak, boneless, lip-on, separable lean only, trimmed to 1/8" fat, select, cooked, grilled	usda	192	28.98	0	8.48	3 oz:85|1 steak:306
sr:171234	Beef, rib eye steak/roast, bone-in, lip-on, separable lean only, trimmed to 1/8" fat, all grades, raw	usda	166	21.22	0	9.04	4 oz:113|1 steak:462|1 roast:2627
sr:171235	Beef, rib eye steak/roast, bone-in, lip-on, separable lean only, trimmed to 1/8" fat, choice, raw	usda	173	20.93	0	9.97	4 oz:113|1 steak:456|1 roast:2674
sr:171236	Beef, rib eye steak, bone-in, lip-on, separable lean only, trimmed to 1/8" fat, all grades, cooked, grilled	usda	221	27.4	0	12.43	3 oz:85|1 steak:381
sr:171237	Beef, rib eye steak, bone-in, lip-on, separable lean only, trimmed to 1/8" fat, choice, cooked, grilled	usda	229	27.03	0	13.44	3 oz:85|1 steak:378
sr:171238	Beef, rib eye steak, bone-in, lip-on, separable lean only, trimmed to 1/8" fat, select, cooked, grilled	usda	210	27.96	0	10.91	3 oz:85|1 steak:385
sr:171239	Beef, rib eye roast, boneless, lip-on, separable lean only, trimmed to 1/8" fat, all grades, cooked, roasted	usda	218	28.21	0	11.68	3 oz:85|1 roast:1601
sr:171240	Cheese, gjetost	usda	466	9.65	42.65	29.51	1 oz:28.4|1 package (8 oz):227
sr:171241	Cheese, gouda	usda	356	24.94	2.22	27.44	1 oz:28.4|1 package (7 oz):198
sr:171242	Cheese, gruyere	usda	413	29.81	0.36	32.34	1 oz:28.4|1 slice (1 oz):28|1 cubic inch:15|1 cup, diced:132|1 cup, shredded:108|1 package (6 oz):170
sr:171243	Cheese, limburger	usda	327	20.05	0.49	27.25	1 cup:134|1 oz:28.4|1 cubic inch:18|1 box:113|1 package (8 oz):227
sr:171245	Cheese, muenster	usda	368	23.41	1.12	30.04	1 cup, diced:132|1 cup, shredded:113|1 oz:28.4|1 cubic inch:18|1 slice (1 oz):28|1 package (6 oz):170
sr:171246	Cheese, neufchatel	usda	253	9.15	3.59	22.78	1 oz:28.4|1 package (3 oz):85
sr:171248	Cheese, ricotta, part skim milk	usda	138	11.39	5.14	7.91	0.5 cup:124|1 oz:28.4|1 cup:246
sr:171249	Cheese, romano	usda	387	31.8	3.63	26.94	1 oz:28.4|5 package (5 oz):142
sr:171250	Cheese, roquefort	usda	369	21.54	2	30.64	1 oz:28.4|1 package (3 oz):85
sr:171252	Cheese food, pasteurized process, American, vitamin D fortified	usda	330	16.86	8.56	25.63	1 cup:113|1 oz:28.4|1 slice (3/4 oz):21|1 package (8 oz):227
sr:171253	Cheese food, pasteurized process, swiss	usda	323	21.92	4.5	24.14	1 oz:28.4|1 package (8 oz):227
sr:171254	Cheese spread, pasteurized process, American	usda	290	16.41	8.73	21.23	1 cup, diced:140|1 cup:244|1 jar (5 oz):128|1 cubic inch:18|1 jar (5 oz):142|1 slice:34
sr:171255	Cream, fluid, half and half	usda	131	3.13	4.3	11.5	1 fl oz:30.2|1 tbsp:15|1 cup:242|1 container, individual (.5 fl oz):15
sr:171256	Cream, sour, reduced fat, cultured	usda	135	2.94	4.26	12	1 tbsp:15|1 cup:242
sr:171257	Cream, sour, cultured	usda	198	2.44	4.63	19.35	1 tbsp:12|1 cup:230
sr:171258	Eggnog	usda	88	4.55	8.05	4.19	1 cup:254|1 fl oz:31.8|1 quart:1016
sr:171259	Sour dressing, non-butterfat, cultured, filled cream-type	usda	178	3.25	4.68	16.57	1 tbsp:12|1 cup:235
sr:171260	Yogurt, Greek, 2%fat, coconut blend, CHOBANI	usda	92	8.11	11.04	1.71	
sr:171261	Cream substitute, liquid, with hydrogenated vegetable oil and soy protein	usda	136	1	11.38	9.97	1 container, individual:15|1 fl oz:30|1 cup:240|0.5 cup:120
sr:171262	Cream substitute, liquid, with lauric acid oil and sodium caseinate	usda	136	1	11.38	9.97	1 container, individual:15|0.5 cup:120
sr:171263	Cream substitute, powdered	usda	529	2.48	59.29	32.92	1 cup:94|1 tsp:2|1 packet:3
sr:171264	Milk substitutes, fluid, with lauric acid oil	usda	61	1.75	6.16	3.41	1 cup:244|1 quart:976
sr:171266	Milk, producer, fluid, 3.7% milkfat	usda	64	3.28	4.65	3.66	1 cup:244|1 quart:976
sr:171268	Milk, lowfat, fluid, 1% milkfat, protein fortified, with added vitamin A and vitamin D	usda	48	3.93	5.52	1.17	1 cup:246|1 quart:984
sr:171270	Milk, nonfat, fluid, with added nonfat milk solids, vitamin A and vitamin D (fat free or skim)	usda	37	3.57	5.02	0.25	1 cup:245|1 fl oz:30.6|1 quart:980
sr:171271	Milk, nonfat, fluid, protein fortified, with added vitamin A and vitamin D (fat free and skim)	usda	41	3.96	5.56	0.25	1 cup:246|1 quart:984
sr:171272	Milk, dry, nonfat, instant, with added vitamin A and vitamin D	usda	358	35.1	52.19	0.72	1 cup:68|1 envelope (1-1/3 cup):91|0.33 cup (makes 1 cup reconstituted milk):23
sr:171273	Milk, dry, nonfat, calcium reduced	usda	354	35.5	51.8	0.2	1 oz:28.4|0.25 lb:113
sr:171274	Milk, buttermilk, dried	usda	387	34.3	49	5.78	0.25 cup:30|1 cup:120|1 tbsp:6.5
sr:171275	Milk, canned, condensed, sweetened	usda	321	7.91	54.4	8.7	1 fl oz:38.2|1 cup:306
sr:171276	Milk, canned, evaporated, with added vitamin D and without added vitamin A	usda	134	6.81	10.04	7.56	1 fl oz:31.5|1 cup:252|1 can (13 oz):369|0.5 cup:126
sr:171277	Milk, chocolate beverage, hot cocoa, homemade	usda	77	3.52	10.74	2.34	1 cup:250|1 fl oz:31.2
sr:171278	Milk, goat, fluid, with added vitamin D	usda	69	3.56	4.45	4.14	1 fl oz:30.5|1 cup:244|1 quart:976
sr:171279	Milk, human, mature, fluid	usda	70	1.03	6.89	4.38	1 fl oz:30.8|1 cup:246
sr:171280	Milk, indian buffalo, fluid	usda	97	3.75	5.18	6.89	1 cup:244|1 quart:976
sr:171281	Whey, acid, dried	usda	339	11.73	73.45	0.54	1 cup:57|1 tbsp:2.9
sr:171282	Whey, sweet, fluid	usda	27	0.85	5.14	0.36	1 cup:246|1 quart:984
sr:171283	Whey, sweet, dried	usda	353	12.93	74.46	1.07	1 cup:145|1 tbsp:7.5
sr:171285	Yogurt, fruit, low fat, 10 grams protein per 8 ounce	usda	102	4.37	19.05	1.08	1 container (6 oz):170|1 cup (8 fl oz):245|1 container (8 oz):227|1 container, Dannon Sprinkl'ins (4.1 oz):116|0.5 container (4 oz):113
sr:171286	Yogurt, fruit, low fat, 11g protein/8 oz	usda	105	4.86	18.6	1.41	1 container (6 oz):170|0.5 container (4 oz):113|1 container (8 oz):227
sr:171287	Egg, whole, raw, fresh	usda	143	12.56	0.72	9.51	1 large:50|1 extra large:56|1 jumbo:63|1 cup (4.86 large eggs):243|1 medium:44|1 small:38
sr:171288	Cheese, Mexican blend	usda	384	23.54	0.13	32.14	0.25 cup shredded:28
sr:171289	Cheese product, pasteurized process, American, vitamin D fortified	usda	307	16.09	8.85	23.06	1 slice (2/3 oz):19|1 slice (3/4 oz):21
sr:171290	Cheese, pasteurized process, American, without added vitamin D	usda	371	18.13	3.7	31.79	1 oz:28.4|1 slice (3/4 oz):21|1 slice (1 oz):28|1 cubic inch:18|1 cup, diced:140|1 cup, shredded:113
sr:171291	Cheese food, pasteurized process, American, without added vitamin D	usda	330	16.86	8.56	25.63	1 cup:113|1 oz:28.4|1 slice (3/4 oz):21|1 package (8 oz):227
sr:171292	Cheese, cheddar, reduced fat (Includes foods for USDA's Food Distribution Program)	usda	316	27.35	2.67	20.41	1 slice:21
sr:171293	Ice cream, light, soft serve, chocolate	usda	141	3.36	23.15	3.69	1 medium:298
sr:171294	Ice cream bar, stick or nugget, with crunch coating	usda	358	2.11	37.12	25.26	26 pieces:95
sr:171295	Cheese, cheddar, nonfat or fat free	usda	157	32.14	7.14	0	1 serving:28
sr:171296	Yogurt, Greek, nonfat, vanilla, CHOBANI	usda	71	9.07	8.09	0.22	5.3 oz:150
sr:171297	Yogurt, Greek, strawberry, DANNON OIKOS	usda	106	8.25	11.67	2.92	5.3 oz:150
sr:171298	Yogurt, Greek, nonfat, vanilla, DANNON OIKOS	usda	85	8.12	12.72	0.14	5.3 oz:150
sr:171299	Yogurt, Greek, nonfat, strawberry, DANNON OIKOS	usda	84	8.03	12.53	0.22	5.3 oz:150
sr:171300	Yogurt, Greek, strawberry, lowfat	usda	105	8.17	12.29	2.57	1 container (5.3 oz):150|1 cup (8 fl oz):245|1 container (6 oz):170|1 container (8 oz):227|1 container, Dannon Sprinkl'ins (4.1 oz):116|container (4 oz):113
sr:171301	Kefir, lowfat, strawberry, LIFEWAY	usda	62	3.39	10.2	0.9	1 cup:247|1 bottle:989
sr:171302	Milk, evaporated, 2% fat, with added vitamin A and vitamin D	usda	107	6.67	15.74	2	1 cup:252|1 fl oz:31.5|1 can (13 oz):369|0.5 cup:126
sr:171303	Milk, chocolate, fat free, with added vitamin A and vitamin D	usda	67	3.39	13.46	0	1 cup:250|1 fl oz:31.2|1 quart:1000
sr:171305	Ice cream bar, covered with chocolate and nuts	usda	303	5.62	11.89	25.84	
sr:171306	Ice cream sundae cone	usda	254	3	28.89	14	
sr:171307	Light ice cream, Creamsicle	usda	165	1.54	32.75	3.08	
sr:171308	Cream, half and half, lowfat	usda	72	3.33	3.33	5	
sr:171309	Yogurt, Greek, whole, plain, CHOBANI	usda	82	8.24	3.24	4.01	
sr:171310	Yogurt, Greek, nonfat, lemon blend, CHOBANI	usda	78	8.62	10.66	0.15	
sr:171311	Yogurt, Greek, nonfat, peach, CHOBANI	usda	80	7.76	11.9	0.11	
sr:171312	Yogurt, Greek, nonfat, plain, CHOBANI	usda	54	9.53	3.43	0.24	
sr:171313	Yogurt, Greek, nonfat, raspberry, CHOBANI	usda	81	7.65	11.98	0.22	
sr:171314	Butter, Clarified butter (ghee)	usda	900	0	0	100	
sr:171315	Spices, allspice, ground	usda	263	6.09	72.12	8.69	1 tsp:1.9|1 tbsp:6
sr:171316	Spices, anise seed	usda	337	17.6	50.02	15.9	1 tsp, whole:2.1|1 tbsp, whole:6.7
sr:171317	Spices, basil, dried	usda	233	22.98	47.75	4.07	1 tsp, leaves:0.7|1 tbsp, leaves:2.1|1 tsp, ground:1.4|1 tbsp, ground:4.5
sr:171318	Spices, chervil, dried	usda	237	23.2	49.1	3.9	1 tsp:0.6|1 tbsp:1.9
sr:171319	Spices, chili powder	usda	282	13.46	49.7	14.28	1 tsp:2.7|1 tbsp:8
sr:171320	Spices, cinnamon, ground	usda	247	3.99	80.59	1.24	1 tsp:2.6|1 tbsp:7.8
sr:171321	Spices, cloves, ground	usda	274	5.97	65.53	13	1 tsp:2.1|1 tbsp:6.5
sr:171322	Spices, dill weed, dried	usda	253	19.96	55.82	4.36	1 tsp:1|1 tbsp:3.1
sr:171323	Spices, fennel seed	usda	345	15.8	52.29	14.87	1 tsp, whole:2|1 tbsp, whole:5.8
sr:171324	Spices, fenugreek seed	usda	323	23	58.35	6.41	1 tsp:3.7|1 tbsp:11.1
sr:171325	Spices, garlic powder	usda	331	16.55	72.73	0.73	1 tsp:3.1|1 tbsp:9.7
sr:171326	Spices, nutmeg, ground	usda	525	5.84	49.29	36.31	1 tsp:2.2|1 tbsp:7
sr:171327	Spices, onion powder	usda	341	10.41	79.12	1.04	1 tsp:2.4|1 tbsp:6.9
sr:171328	Spices, oregano, dried	usda	265	9	68.92	4.28	1 tsp, leaves:1|1 tsp, ground:1.8
sr:171329	Spices, paprika	usda	282	14.14	53.99	12.89	1 tsp:2.3|1 tbsp:6.8
sr:171330	Spices, poppy seed	usda	525	17.99	28.13	41.56	1 tsp:2.8|1 tbsp:8.8
sr:171331	Spices, poultry seasoning	usda	307	9.59	65.59	7.53	1 tsp:1.5|1 tbsp:4.4
sr:171332	Spices, pumpkin pie spice	usda	342	5.76	69.28	12.6	1 tsp:1.7|1 tbsp:5.6
sr:171333	Spices, rosemary, dried	usda	331	4.88	64.06	15.22	1 tsp:1.2|1 tbsp:3.3
sr:171400	Fat, beef tallow	usda	902	0	0	100	1 tbsp:12.8|1 cup:205
sr:171401	Lard	usda	902	0	0	100	1 tbsp:12.8|1 cup:205
sr:171402	Salad dressing, thousand island, commercial, regular	usda	379	1.09	14.64	35.06	1 tbsp:16|1 cup:250|1 serving (2 tbsp):30
sr:171403	Salad dressing, mayonnaise type, regular, with salt	usda	250	0.65	14.78	21.6	1 tbsp:14.7|1 cup:235
sr:171404	Salad dressing, french dressing, reduced fat	usda	222	0.58	31.22	11.52	1 tablespoon:16|1 cup:260|1 serving (2 tbsp):30
sr:171405	Salad dressing, italian dressing, commercial, reduced fat	usda	102	0.39	9.99	6.68	1 tablespoon:15|1 cup:240
sr:171406	Salad dressing, mayonnaise, imitation, soybean	usda	232	0.3	16	19.2	1 tbsp:15|1 cup:240
sr:171407	Salad dressing, mayonnaise, imitation, milk cream	usda	97	2.1	11.1	5.1	1 tablespoon:15|1 cup:240
sr:171408	Salad dressing, mayonnaise, imitation, soybean without cholesterol	usda	482	0.1	15.8	47.7	1 tablespoon:14.1|1 cup:225
sr:171409	Sandwich spread, with chopped pickle, regular, unspecified oils	usda	389	0.9	22.4	34	1 tablespoon:15|1 cup:245
sr:171410	Oil, peanut, salad or cooking	usda	884	0	0	100	1 tbsp:13.5|1 cup:216|1 tsp:4.5
sr:171411	Oil, soybean, salad or cooking	usda	884	0	0	100	1 tbsp:13.6|1 cup:218|1 tsp:4.5
sr:171413	Oil, olive, salad or cooking	usda	884	0	0	100	1 tablespoon:13.5|1 cup:216|1 tsp:4.5
sr:171414	Salad dressing, french dressing, commercial, regular	usda	419	0.87	18.79	39.07	1 cup:250|1 tbsp:16|1 individual packet:12.3
sr:171415	Margarine,spread, 35-39% fat, tub	usda	349	0.23	1.52	37.98	1 cup:232|1 tsp:4.8
sr:171416	Salad dressing, french, home recipe	usda	631	0.1	3.4	70.2	1 tablespoon:14|1 cup:220
sr:171417	Salad dressing, home recipe, vinegar and oil	usda	449	0	2.5	50.1	1 tablespoon:16|1 cup:250
sr:171418	Salad dressing, mayonnaise, soybean oil, without salt	usda	717	1.1	2.7	79.4	1 tablespoon:13.8|1 cup:220
sr:171419	Salad dressing, french, cottonseed, oil, home recipe	usda	631	0.1	3.4	70.2	1 tablespoon:14|1 cup:220
sr:171420	Salad dressing, french dressing, fat-free	usda	132	0.2	32.14	0.27	1 tablespoon:16|1 cup:256
sr:171421	Oil, cocoa butter	usda	884	0	0	100	1 tablespoon:13.6|1 cup:218|1 tsp:4.5
sr:171422	Vegetable oil, palm kernel	usda	862	0	0	100	1 tablespoon:13.6|1 cup:218|2 tbsp (1/8 cup):27
sr:171423	Oil, poppyseed	usda	884	0	0	100	1 tablespoon:13.6|1 cup:218|1 tsp:4.5
sr:171424	Oil, tomatoseed	usda	884	0	0	100	1 tablespoon:13.6|1 cup:218|1 tsp:4.5
sr:171425	Oil, teaseed	usda	884	0	0	100	1 tablespoon:13.6|1 cup:218|1 tsp:4.5
sr:171426	Oil, soybean lecithin	usda	763	0	0	100	1 tablespoon:13.6|1 cup:218|1 tsp:4.5
sr:171427	Oil, hazelnut	usda	884	0	0	100	1 tablespoon:13.6|1 cup:218|1 tsp:4.5
sr:171428	Oil, babassu	usda	884	0	0	100	1 tbsp:13.6|1 cup:218|1 tsp:4.5
sr:171429	Oil, sheanut	usda	884	0	0	100	1 tablespoon:13.6|1 cup:218|1 tsp:4.5
sr:171430	Oil, PAM cooking spray, original	usda	792	0.26	20.69	78.69	1 spray , about 1/3 second (1 NLEA serving):0.3
sr:171431	Margarine, margarine-like vegetable oil spread, 67-70% fat, tub	usda	606	0.07	0.59	68.29	1 tbsp (1 NLEA serving):14
sr:171432	Margarine, 80% fat, tub, CANOLA HARVEST Soft Spread (canola, palm and palm kernel oils)	usda	730	0.41	1.39	80.32	1 tablespoon (1 NLEA serving):14
sr:171433	Oil, cooking and salad, ENOVA, 80% diglycerides	usda	884	0	0	100	1 tbsp (1 NLEA serving):14|1 cup:214
sr:171434	Margarine-like, vegetable oil spread, approximately 37% fat, unspecified oils, with salt, with added vitamin D	usda	339	0.51	0.66	37.77	1 tbsp:14.9
sr:171435	Margarine, regular, 80% fat, composite, stick, with salt, with added vitamin D	usda	717	0.16	0.7	80.71	1 tablespoon:14|1 cup:227|1 teaspoon:4
sr:171436	Margarine, regular, 80% fat, composite, tub, with salt, with added vitamin D	usda	713	0.22	0.75	80.17	1 tbsp:14
sr:171437	Margarine-like, vegetable oil spread, 60% fat, stick, with salt, with added vitamin D	usda	537	0.12	0.69	60.39	1 tbsp:14
sr:171438	Oil, industrial, soy, low linolenic	usda	900	0	0	100	1 tablespoon:14|1 cup:218|1 teaspoon:4.5
sr:171439	Oil, industrial, soy, ultra low linolenic	usda	884	0	0	100	1 tablespoon:13.6|1 cup:218|1 teaspoon:4.5
sr:171440	Oil, industrial, soy, fully hydrogenated	usda	884	0	0	100	1 tablespoon:13.6|1 cup:218|1 teaspoon:4.5
sr:171441	Oil, industrial, cottonseed, fully hydrogenated	usda	884	0	0	100	1 tablespoon:13.6|1 cup:218|1 teaspoon:4.5
sr:171442	Oil, flaxseed, contains added sliced flaxseed	usda	878	0.37	0.39	99.01	1 tablespoon:13.7|1 cup:219
sr:171443	Mayonnaise, reduced fat, with olive oil	usda	361	0.37	0	40	1 tbsp:15|1 cup:232
sr:171444	Salad dressing, mayonnaise-type, light	usda	158	0.65	16.4	10	
sr:171445	Chicken, broiler, rotisserie, BBQ, breast, meat only	usda	144	28.04	0	3.57	3 oz:85|1 breast:384
sr:171446	Chicken, broilers or fryers, meat and skin and giblets and neck, stewed	usda	216	24.49	0.06	12.37	3 oz:85|1 unit (yield from 1 lb ready-to-cook chicken):225|1 chicken:751
sr:171447	Chicken, broilers or fryers, meat and skin, raw	usda	215	18.6	0	15.06	4 oz:113|1 unit (yield from 1 lb ready-to-cook chicken):276|0.5 chicken, bone removed:460
sr:171448	Chicken, broilers or fryers, meat and skin, cooked, fried, batter	usda	289	22.54	9.42	17.35	3 oz:85|1 unit (yield from 1 lb ready-to-cook chicken):280|0.5 chicken, bone removed:466
sr:171449	Chicken, broilers or fryers, meat and skin, cooked, fried, flour	usda	269	28.56	3.15	14.92	3 oz:85|1 unit (yield from 1 lb ready-to-cook chicken):188|0.5 chicken, bone removed:314
sr:171450	Chicken, broilers or fryers, meat and skin, cooked, roasted	usda	239	27.3	0	13.6	3 oz:85|1 cup, chopped or diced:140|0.5 unit (yield from 1 lb ready-to-cook chicken):178|chicken, bone removed:299
sr:171451	Chicken, broilers or fryers, meat only, cooked, stewed	usda	177	27.29	0	6.71	1 cup, chopped or diced:140|1 tbsp:8.7|1 unit (yield from 1 lb ready-to-cook chicken):157
sr:171452	Chicken, broilers or fryers, skin only, raw	usda	349	13.33	0	32.35	4 oz:113|0.5 unit (yield from 1 lb ready-to-cook chicken):47|chicken, skin only:79
sr:171453	Chicken, broilers or fryers, skin only, cooked, fried, batter	usda	394	10.32	23.15	28.83	3 oz:85|0.5 unit (yield from 1 lb ready-to-cook chicken):114|chicken, skin only:190
sr:171454	Chicken, broilers or fryers, skin only, cooked, fried, flour	usda	502	19.09	9.34	42.58	1 unit (yield from 1 lb ready-to-cook chicken):33|0.5 chicken, skin only:56
sr:171455	Chicken, broilers or fryers, giblets, cooked, simmered	usda	157	27.15	0	4.5	3 oz:85|1 cup chopped or dice:145
sr:171456	Chicken, gizzard, all classes, raw	usda	94	17.66	0	2.06	4 oz:113|1 lb:453
sr:171457	Chicken, gizzard, all classes, cooked, simmered	usda	154	30.39	0	2.68	1 cup chopped or dice:145
sr:171458	Chicken, heart, all classes, raw	usda	153	15.55	0.71	9.33	1 heart:6.1|1 unit (yield from 1 lb ready-to-cook chicken):1.8
sr:171459	Chicken, broilers or fryers, light meat, meat and skin, cooked, fried, batter	usda	277	23.55	9.5	15.44	1 unit (yield from 1 lb ready-to-cook chicken):113|0.5 chicken, bone removed:188
sr:171460	Chicken, broilers or fryers, light meat, meat and skin, cooked, fried, flour	usda	246	30.45	1.82	12.09	1 unit (yield from 1 lb ready-to-cook chicken):78|0.5 chicken, bone removed:130
sr:171461	Chicken, broilers or fryers, light meat, meat and skin, cooked, roasted	usda	222	29.02	0	10.85	1 unit (yield from 1 lb ready-to-cook chicken):79|0.5 chicken, bone removed:132
sr:171462	Chicken, broilers or fryers, light meat, meat and skin, cooked, stewed	usda	201	26.14	0	9.97	1 unit (yield from 1 lb ready-to-cook chicken):90|0.5 chicken, bone removed:150
sr:171463	Chicken, broilers or fryers, dark meat, meat and skin, raw	usda	237	16.69	0	18.34	4 oz:113|1 unit (yield from 1 lb ready-to-cook chicken):160|0.5 chicken, bone removed:266
sr:171464	Chicken, broilers or fryers, light meat, meat only, raw	usda	114	23.2	0	1.65	1 unit (yield from 1 lb ready-to-cook chicken):88|0.5 chicken, bone and skin removed:147
sr:171465	Chicken, broilers or fryers, light meat, meat only, cooked, fried	usda	192	32.82	0.42	5.54	1 cup:140|1 unit (yield from 1 lb ready-to-cook chicken):64
sr:171466	Chicken, broilers or fryers, light meat, meat only, cooked, roasted	usda	173	30.91	0	4.51	1 cup, chopped or diced:140|1 unit (yield from 1 lb ready-to-cook chicken):64|0.5 chicken, bone and skin removed:107
sr:171467	Chicken, broilers or fryers, light meat, meat only, cooked, stewed	usda	159	28.88	0	3.99	1 cup, chopped or diced:140|1 unit (yield from 1 lb ready-to-cook chicken):71|0.5 chicken, bone and skin removed:119
sr:171468	Chicken, broilers or fryers, separable fat, raw	usda	629	3.73	0	67.95	1 tbsp:12.8|1 unit (yield from 1 lb ready-to-cook chicken):32|0.5 chicken, separable fat:52
sr:171469	Chicken, broilers or fryers, back, meat and skin, raw	usda	319	14.05	0	28.74	1 unit (yield from 1 lb ready-to-cook chicken):59|0.5 back, bone removed:99
sr:171470	Chicken, broilers or fryers, back, meat and skin, cooked, fried, batter	usda	331	21.97	10.25	21.91	1 unit (yield from 1 lb ready-to-cook chicken):72|0.5 back, bone removed:120
sr:171471	Chicken, broilers or fryers, back, meat and skin, cooked, fried, flour	usda	331	27.79	6.5	20.74	1 unit (yield from 1 lb ready-to-cook chicken):44|0.5 back, bone removed:72
sr:171472	Chicken, broilers or fryers, back, meat only, cooked, roasted	usda	239	28.19	0	13.16	3 oz:85|0.5 unit (yield from 1 lb ready-to-cook chicken):24|back, bone and skin removed:40
sr:171473	Chicken, broilers or fryers, back, meat only, cooked, stewed	usda	209	25.31	0	11.19	1 unit (yield from 1 lb ready-to-cook chicken):26|0.5 back, bone and skin removed:42
sr:171474	Chicken, broilers or fryers, breast, meat and skin, raw	usda	172	20.85	0	9.25	0.5 breast, bone removed (yield from 1 lb ready-to-cook chicken):87|0.5 breast, bone removed:145
sr:171475	Chicken, broilers or fryers, breast, meat and skin, cooked, fried, batter	usda	260	24.84	8.99	13.2	3 oz:85|0.5 unit (yield from 1 lb ready-to-cook chicken):84|breast, bone removed:140
sr:171476	Chicken, broilers or fryers, breast, meat and skin, cooked, fried, flour	usda	222	31.84	1.64	8.87	1 unit (yield from 1 lb ready-to-cook chicken):59|0.5 breast, bone removed:98
sr:171477	Chicken, broilers or fryers, breast, meat only, cooked, roasted	usda	165	31.02	0	3.57	1 cup, chopped or diced:140|1 unit (yield from 1 lb ready-to-cook chicken):52|0.5 breast, bone and skin removed:86
sr:171478	Chicken, broilers or fryers, breast, meat only, cooked, stewed	usda	151	28.98	0	3.03	1 cup, chopped or diced:140|1 unit (yield from 1 lb ready-to-cook chicken):57|0.5 breast, bone and skin removed:95
sr:171479	Turkey, whole, meat and skin, cooked, roasted	usda	189	28.55	0.06	7.39	3 oz:85|1 bird:3812
sr:171480	Turkey, whole, meat only, raw	usda	115	22.64	0.14	1.93	4 oz:113|1 bird:5002
sr:171481	Turkey, whole, meat only, cooked, roasted	usda	159	29.06	0	3.84	3 oz:85|1 bird:3812
sr:171482	Turkey, whole, skin (light and dark), raw	usda	407	12.96	0.16	38.93	4 oz:113|1 lb:453
sr:171483	Turkey, all classes, gizzard, cooked, simmered	usda	155	26.45	0	4.64	3 oz:85|1 gizzard cooked:45
sr:171484	Turkey, all classes, heart, raw	usda	140	16.7	0.4	7.44	4 oz:113|1 piece:24
sr:171485	Turkey, all classes, heart, cooked, simmered	usda	174	24.88	0	7.52	3 oz:85|1 heart:20
sr:171486	Turkey, all classes, liver, raw	usda	128	18.26	0	5.5	4 oz:113|1 raw liver:78
sr:171487	Turkey, all classes, liver, cooked, simmered	usda	189	27	0	8.18	3 oz:85|1 liver cooked:53
sr:171488	Turkey, dark meat, meat and skin, raw	usda	166	19.81	0.15	8.97	4 oz:113|1 lb:453
sr:171489	Turkey, whole, dark meat, meat and skin, cooked, roasted	usda	206	27.27	0.07	9.95	3 oz:85
sr:171490	Turkey, whole, light meat, raw	usda	114	23.66	0.14	1.48	1 serving:85
sr:171491	Turkey, all classes, light meat, cooked, roasted	usda	147	30.13	0	2.08	3 oz:85
sr:171492	Turkey, all classes, breast, meat and skin, cooked, roasted	usda	189	28.71	0	7.41	3 oz:85|0.5 unit (yield from 1 lb ready-to-cook turkey):112|breast, bone removed:864
sr:171493	Turkey, all classes, leg, meat and skin, raw	usda	144	19.54	0	6.72	1 unit (yield from 1 lb ready-to-cook turkey):105|1 leg, bone removed:816
sr:171494	Turkey, all classes, leg, meat and skin, cooked, roasted	usda	208	27.87	0	9.82	3 oz:85|1 unit (yield from 1 lb ready-to-cook turkey):71|1 leg, bone removed:546
sr:171495	Turkey, all classes, wing, meat and skin, raw	usda	197	20.22	0	12.32	1 unit (yield from 1 lb ready-to-cook turkey):33|1 wing, bone removed:256
sr:171496	Turkey, whole, breast, meat only, cooked, roasted	usda	147	30.13	0	2.08	3 oz:85|1 breast:1413
sr:171497	Turkey, whole, wing, meat only, raw	usda	115	23.66	0.14	1.48	4 oz:113|1 wing:346
sr:171498	Turkey, whole, wing, meat only, cooked, roasted	usda	147	30.13	0	2.08	3 oz:85|1 wing:213
sr:171499	Turkey, young hen, skin only, cooked, roasted	usda	482	19.03	0	44.45	1 unit (yield from 1 lb ready-to-cook turkey):31|0.5 turkey, skin only:196
sr:171500	Turkey and gravy, frozen	usda	67	5.88	4.61	2.63	3 oz:85|1 package (net weight, 5 oz):142
sr:171501	Turkey breast, pre-basted, meat and skin, cooked, roasted	usda	126	22.16	0	3.46	3 oz:85|0.5 breast, bone removed:864
sr:171502	Turkey thigh, pre-basted, meat and skin, cooked, roasted	usda	157	18.8	0	8.54	3 oz:85|1 thigh, bone removed:314
sr:171503	Turkey roast, boneless, frozen, seasoned, light and dark meat, raw	usda	120	17.6	6.4	2.2	3 oz:85|1 box (net weight, 2.5 lb):1134
sr:171504	Turkey, mechanically deboned, from turkey frames, raw	usda	201	13.29	0	15.96	0.5 lb:227
sr:171505	Turkey, Ground, raw	usda	148	19.66	0	7.66	4 oz:113|1 lb:453.6|1 patty, 4 oz:114
sr:171506	Turkey, Ground, cooked	usda	203	27.37	0	10.4	3 oz:85|1 patty (4 oz, raw) (yield after cooking):82|1 unit, yield from 1 lb raw:330
sr:171507	Chicken, cornish game hens, meat and skin, raw	usda	200	17.15	0	14.02	3 oz:85|0.5 bird:168
sr:171508	Chicken, wing, frozen, glazed, barbecue flavored, heated (microwave)	usda	248	25.34	3.84	13.9	3 oz:85|1 serving:74
sr:171509	Chicken, broilers or fryers, breast, skinless, boneless, meat only, with added solution, raw	usda	108	20.32	0	3	4 oz:113|1 piece:263|0.5 breast:118
sr:171510	Duck, young duckling, domesticated, White Pekin, breast, meat and skin, boneless, cooked, roasted	usda	202	24.5	0	10.85	1 unit (yield from 1 lb ready-to-cook duck):56|3 oz:85|0.5 breast, bone removed:120
sr:171511	Duck, young duckling, domesticated, White Pekin, breast, meat only, boneless, cooked without skin, broiled	usda	140	27.6	0	2.5	3 oz:85|0.5 breast, bone and skin removed:95|1 cup, chopped or diced:174|1 unit (yield from 1 lb ready-to-cook duck):44
sr:171512	Chicken patty, frozen, uncooked	usda	292	14.33	13.61	20.04	3 oz:85|1 patty:60
sr:171513	Chicken patty, frozen, cooked	usda	287	14.85	12.84	19.58	3 oz:85|1 patty:60
sr:171514	Chicken breast tenders, breaded, cooked, microwaved	usda	252	16.35	17.56	12.89	3 oz:85|1 piece:15|4 pieces:62
sr:171515	Chicken breast tenders, breaded, uncooked	usda	263	14.73	15.01	15.75	3 oz:85|1 piece:15|4 pieces:62
sr:171516	Chicken, broiler, rotisserie, BBQ, wing, meat only	usda	186	28.34	0.54	7.79	3 oz:85|1 wing:51
sr:171517	Chicken, broilers or fryers, rotisserie, original seasoning, back, meat only, cooked	usda	205	25.34	0	11.54	1 serving (3 oz):85|1 back:102|1 oz:28.4
sr:171518	Chicken, broilers or fryers, rotisserie, original seasoning, breast, meat only, cooked	usda	137	28	0	2.79	3 oz:85|1 breast breast with skin and bone:483|1 oz:28.4
sr:171519	Chicken, broilers or fryers, drumstick, rotisserie, original seasoning, meat only, cooked	usda	176	28.74	0	6.81	1 drumstick:53|1 serving (3oz):85|1 oz:28.4
sr:171520	Chicken, broilers or fryers, rotisserie, original seasoning, skin only, cooked	usda	406	17.66	0.11	37.24	3 oz:85
sr:171521	Chicken, broilers or fryers, rotisserie, original seasoning, drumstick, meat and skin, cooked	usda	215	26.86	0.02	11.98	1 drumstick:53|1 serving (3 oz):85|1 oz:28.4
sr:171522	Chicken, broilers or fryers, rotisserie, original seasoning, thigh, meat and skin, cooked	usda	233	22.93	0.02	15.7	1 thigh:89|1 serving:85
sr:171523	Chicken, broilers or fryers, rotisserie, original seasoning, wing, meat and skin, cooked	usda	266	24.34	0.04	18.77	1 wing:53|1 serving (3 oz):85|1 oz:28.4
sr:171524	Chicken, broiler, rotisserie, BBQ, skin	usda	378	15.19	0.7	35.15	1 serving:85
sr:171525	Turkey, drumstick, from whole bird, meat only, with added solution, raw	usda	115	19.27	0.15	4.12	4 oz:113|1 drumstick:359
sr:171526	Turkey, wing, from whole bird, meat only, with added solution, raw	usda	102	21.54	0.14	1.66	3 oz:85|1 wing:358
sr:171527	Turkey, wing, from whole bird, meat only, with added solution, roasted	usda	127	26.97	0	2.08	3 oz:85|1 wing:219
sr:171528	Turkey, retail parts, breast, meat and skin, raw	usda	155	21.88	0	7.45	3 oz:85|1 breast:1150
sr:171529	Turkey, retail parts, breast, meat and skin, cooked, roasted	usda	164	29.01	0.05	5.33	3 oz:85|1 breast:863
sr:171530	Turkey, drumstick, from whole bird, meat only, roasted	usda	139	30.13	0	2.08	3 oz:85|1 drumstick:206
sr:171531	Turkey, thigh, from whole bird, meat only, raw	usda	108	21.28	0.15	2.5	4 oz:113|1 thigh:367
sr:171532	Turkey, thigh, from whole bird, meat only, roasted	usda	165	27.71	0	6.04	3 oz:85|1 thigh:319
sr:171533	Turkey, retail parts, thigh, meat and skin, raw	usda	161	19.54	0	9.16	4 oz:113|1 thigh:454
sr:171534	Chicken, broiler or fryers, breast, skinless, boneless, meat only, cooked, grilled	usda	151	30.54	0	3.17	3 oz:85|1 piece:196
sr:171535	Chicken, broiler or fryers, breast, skinless, boneless, meat only, with added solution, cooked, braised	usda	145	28.24	0	3.61	3 oz:85|1 piece:195
sr:171536	Chicken, broiler or fryers, breast, skinless, boneless, meat only, with added solution, cooked, grilled	usda	148	29.5	0	3.39	3 oz:85|1 piece:192
sr:171537	Soup, cream of asparagus, canned, condensed	usda	69	1.82	8.52	3.26	0.5 cup (4 fl oz):126|1 can (10.75 oz):305
sr:171538	Soup, beef broth or bouillon canned, ready-to-serve	usda	7	1.14	0.04	0.22	1 cup:240|1 can 14.5 oz:435|1 container 32 oz:960
sr:171539	Soup, beef noodle, canned, condensed	usda	67	3.85	7.16	2.46	0.5 cup:125|1 can (10.75 oz):305
sr:171540	Soup, cream of celery, canned, condensed	usda	72	1.32	7.03	4.46	0.5 cup:126|1 can (10.75 oz):305
sr:171541	Soup, cheese, canned, condensed	usda	82	0.8	11.3	3.92	0.5 cup:124
sr:171542	Soup, chicken broth, canned, condensed	usda	31	4.42	0.75	1.04	0.5 cup (4 fl oz):126|1 can (10.75 oz):305
sr:171543	Soup, chicken noodle, canned, condensed	usda	48	2.37	6.07	1.55	0.5 cup:124
sr:171544	Soup, chicken rice, canned, chunky, ready-to-serve	usda	53	5.11	5.41	1.33	1 cup:240|1 can 19 oz:539
sr:171545	Soup, chicken with rice, canned, condensed	usda	68	1.84	11.57	1.56	0.5 cup:126
sr:171546	Soup, chicken and vegetable, canned, ready-to-serve	usda	33	1.97	4.68	0.73	1 cup:255
sr:171547	Soup, clam chowder, new england, canned, condensed	usda	72	3.17	10.32	2.06	0.5 cup:126|1 can (10.7 oz):303
sr:171548	Soup, beef broth bouillon and consomme, canned, condensed	usda	11	2.52	0.32	0	0.5 cup:124|1 can (10.5 oz):310
sr:171549	Soup, lentil with ham, canned, ready-to-serve	usda	56	3.74	8.16	1.12	1 cup (8 fl oz):248|1 can (20 oz):567
sr:171550	Soup, minestrone, canned, chunky, ready-to-serve	usda	53	2.13	8.64	1.17	1 cup:240|1 can (19 oz):539
sr:171551	Soup, onion, canned, condensed	usda	46	3.06	6.68	1.42	0.5 cup (4 fl oz):123|1 can (10.5 oz):298
sr:171552	Soup, cream of onion, canned, condensed	usda	88	2.2	10.4	4.2	0.5 cup:126|1 can (10.75 oz):305
sr:171553	Soup, oyster stew, canned, condensed	usda	48	1.72	3.32	3.13	0.5 cup (4 fl oz):123|1 can (10.5 oz):298
sr:171554	Soup, pea, green, canned, condensed	usda	125	6.54	20.18	2.23	0.5 cup:128|1 can (11.2 oz):319
sr:171555	Soup, pea, split with ham, canned, chunky, ready-to-serve	usda	77	4.62	11.17	1.66	1 cup:240|1 can (19 oz):539
sr:171556	CAMPBELL'S, Chicken Noodle Soup, condensed	usda	47	2.37	5.97	1.53	0.5 cup:123
sr:171557	Soup, tomato rice, canned, condensed	usda	93	1.64	17.08	2.12	0.5 cup (4 fl oz):129|1 can (11 oz), undiluted:312
sr:171558	Soup, turkey, chunky, canned, ready-to-serve	usda	57	4.33	5.96	1.87	1 cup (8 fl oz):236|1 can (18.75 oz):532
sr:171559	Soup, chunky vegetable, canned, ready-to-serve	usda	39	1.14	7.9	0.36	1 cup:230
sr:171560	Soup, beef broth or bouillon, powder, dry	usda	213	15.97	17.4	8.89	1 cube:3.6|1 packet:6
sr:171561	Soup, beef broth, cubed, dry	usda	170	17.3	16.1	4	1 cube:3.6
sr:171562	Soup, chicken broth or bouillon, dry	usda	267	16.66	18.01	13.88	1 cube:4|1 teaspoon:2
sr:171563	Soup, chicken broth cubes, dry	usda	198	14.6	23.5	4.7	1 cube:4.8
sr:171564	Gravy, beef, canned, ready-to-serve	usda	53	3.75	4.81	2.36	1 cup:233|1 can:291
sr:171565	Gravy, brown, dry	usda	367	10.74	59.38	9.61	1 tbsp:6
sr:171566	Gravy, chicken, canned or bottled, ready-to-serve	usda	48	0.71	5.29	2.62	0.25 cup:57|1 cup:228|1 jar 10.5 oz:273|1 jar 12 oz:324
sr:171567	Gravy, chicken, dry	usda	381	11.27	62.09	9.73	1 tbsp:8|1 serving:8
sr:171568	Gravy, turkey, canned, ready-to-serve	usda	51	2.6	5.1	2.1	1 cup:238|1 tbsp:14.9|1 tsp:5|1 can:298
sr:171569	Gravy, turkey, dry	usda	367	10.42	65.12	7.19	1 serving:7
sr:171570	Gravy, unspecified type, dry	usda	344	13	58	8	1 cup (8 fl oz):25
sr:171571	Soup, chicken noodle, dry, mix	usda	377	15.42	62.32	6.51	1 packet:74|1 packet (6 fl oz):11.1
sr:171572	Soup, beef mushroom, canned, prepared with equal volume water	usda	30	2.37	2.6	1.23	1 cup (8 fl oz):244|1 can (10.75 oz), prepared:593
sr:171573	Soup, chicken mushroom, canned, prepared with equal volume water	usda	54	1.8	3.8	3.75	1 cup (8 fl oz):244|1 can (10.75 oz), prepared:593
sr:171574	Soup, tomato bisque, canned, prepared with equal volume water	usda	50	0.92	9.6	1.02	1 cup (8 fl oz):247|1 can (11 oz), prepared:600
sr:171575	Sauce, peanut, made from coconut, water, sugar, peanuts	usda	179	2.02	28.46	6.34	1 tbsp:17
sr:171576	SMART SOUP, Santa Fe Corn Chowder	usda	55	2	11.2	0.71	1 oz 1 pouch:283
sr:171577	SMART SOUP, French Lentil	usda	53	2.9	9.5	1.06	1 oz 1 pouch:283
sr:171578	SMART SOUP, Greek Minestrone	usda	40	1.7	8.4	0.53	1 oz 1 pouch:283
sr:171579	Sauce, pesto, ready-to-serve, refrigerated	usda	418	9.83	10.09	37.6	0.25 cup:63
sr:171580	Sauce, pesto, ready-to-serve, shelf stable	usda	426	5	6.14	42.42	0.25 cup:61
sr:171581	Sauce, pesto, BUITONI, pesto with basil, ready-to-serve, refrigerated	usda	418	9.83	10.09	37.6	0.25 cup:63
sr:171582	Sauce, pesto, CLASSICO, basil pesto, ready-to-serve	usda	372	4.16	6.93	36.38	0.25 cup:62
sr:171583	Soup, vegetable broth, ready to serve	usda	5	0.24	0.93	0.07	1 cup:221|1 can:390|1 carton (32 oz):926
sr:171584	Sauce, cheese sauce mix, dry	usda	438	7.68	60.52	18.33	
sr:171585	Soup, chicken corn chowder, chunky, ready-to-serve, single brand	usda	99	3.1	7.5	6.3	1 serving:240|1 package yields:539
sr:171586	Soup, bean with bacon, condensed, single brand	usda	117	6.5	18	2.1	1 serving 1/2 cup:128
sr:171587	Soup, tomato, canned, condensed, reduced sodium	usda	65	1.61	13.41	0.56	1 serving 1/2 cup:121|1 can 10.7 oz:303
sr:171588	Gravy, brown instant, dry	usda	380	8.53	59.78	11.85	1 serving:6.7|1 package:454
sr:171589	Gravy, instant beef, dry	usda	369	9.8	61.1	9.48	1 serving:6.7|1 package (16 oz):454
sr:171590	Gravy, instant turkey, dry	usda	409	11.72	57.56	14.66	1 serving:6.7|1 package (16 oz):454
sr:171591	Soup, tomato, low sodium, with water	usda	30	0.79	6.57	0.28	1 serving 1 cup:248|1 fl oz:31
sr:171592	Soup, pea, low sodium, prepared with equal volume water	usda	62	3.2	9.88	1.09	1 cup:259|1 fl oz:32.4
sr:171593	Soup, chicken noodle, low sodium, canned, prepared with equal volume water	usda	25	1.27	2.95	0.95	1 serving 1 cup:248|1 fl oz:31
sr:171594	Soup, vegetable soup, condensed, low sodium, prepared with equal volume water	usda	33	1.1	6.06	0.45	1 cup:253
sr:171595	Sauce, tomato chili sauce, bottled, with salt	usda	92	2.5	19.79	0.3	1 packet:6|1 cup:273
sr:171596	Soup, vegetable chicken, canned, prepared with water, low sodium	usda	69	5.1	8.76	2	1 cup:241
sr:171597	Sauce, pasta, spaghetti/marinara, ready-to-serve, low sodium	usda	51	1.41	8.06	1.48	1 serving 1/2 cup:128|1 cup:257
sr:171598	Gravy, meat or poultry, low sodium, prepared	usda	53	3.8	6.16	2.4	1 cup:236
sr:171599	Gravy, HEINZ Home Style, savory beef	usda	39	1.09	6.24	1.13	1 serving 1/4 cup 2 oz:57
sr:171600	Gravy, CAMPBELL'S, chicken	usda	51	0.79	5.87	2.73	0.25 cup:56|1 cup:226|1 can 10.5 oz:273
sr:171601	Barbecue loaf, pork, beef	usda	173	15.84	6.4	8.9	1 oz:28.4|1 slice (5-7/8" x 3-1/2" x 1/16"):23
sr:171602	Soup, cream of chicken, canned, condensed, reduced sodium	usda	58	1.8	9.5	1.3	0.5 cup:124
sr:171603	Sauce, alfredo mix, dry	usda	535	15.32	36.52	36.35	
sr:171604	Sauce, peppers, hot, chili, mature red, canned	usda	21	0.9	3.9	0.6	1 tbsp:15|1 cup:245
sr:171605	Sauce, chili, peppers, hot, immature green, canned	usda	20	0.7	5	0.1	1 tbsp:15|1 cup:245
sr:171606	Fish broth	usda	16	2	0.4	0.6	1 cup:244|1 fl oz:30.5
sr:171607	Soup, cream of mushroom, low sodium, ready-to-serve, canned	usda	53	1	4.53	3.7	1 cup:244|1 can (10.75 oz):305
sr:171608	Potato soup, instant, dry mix	usda	343	9.2	76.14	3.1	1 serving 1/3 cup:39
sr:171609	Soup, chicken broth, low sodium, canned	usda	16	2	1.2	0.6	1 cup:240
sr:171610	Sauce, worcestershire	usda	77	0	19.17	0	1 tbsp:17|1 cup:275
sr:171611	Soup, beef and mushroom, low sodium, chunk style	usda	69	4.3	9.58	2.3	1 cup:251
sr:171612	Soup, beef stroganoff, canned, chunky style, ready-to-serve	usda	98	5.1	9	4.6	1 cup:240
sr:171613	Soup, bouillon cubes and granules, low sodium, dry	usda	438	16.7	64.88	13.89	1 tsp:2.6|1 cube:3.6
sr:171614	Soup, ramen noodle, beef flavor, dry	usda	441	10.06	60.34	17.73	1 package without flavor packet:82|1 packet:5.6
sr:171615	Soup, ramen noodle, chicken flavor, dry	usda	439	10.22	60.23	17.52	1 package without flavor packet:81|1 packet:6
sr:171616	Beerwurst, beer salami, pork	usda	238	14.24	2.06	18.8	1 slice (4" dia x 1/8" thick):23|1 slice (2-3/4" dia x 1/16"):6
sr:171617	Sausage, Berliner, pork, beef	usda	230	15.27	2.59	17.2	1 slice:23|1 oz:28.4
sr:171618	Blood sausage	usda	379	14.6	1.29	34.5	4 slices:100
sr:171619	Bockwurst, pork, veal, raw	usda	301	14.03	2.95	25.87	1 sausage:91
sr:171620	Bratwurst, pork, cooked	usda	333	13.72	2.85	29.18	1 link cooked:85
sr:171621	Braunschweiger (a liver sausage), pork	usda	327	14.5	3.1	28.5	1 oz:28.4|1 slice (2-1/2" dia x 1/4" thick):18
sr:171622	Bratwurst, pork, beef, link	usda	323	14.3	2.98	27.8	1 link:70
sr:171623	Cheesefurter, cheese smokie, pork, beef	usda	328	14.1	1.51	29	2.33 links:100
sr:171624	Frankfurter, chicken	usda	223	15.51	2.74	16.19	3 oz:85|1 link:45
sr:171625	Frankfurter, turkey	usda	223	12.23	3.81	17.29	1 oz:28.4|1 frankfurter:45
sr:171626	Ham, chopped, canned	usda	239	16.06	0.26	18.83	1 oz:28.4|1 slice (4-1/4" x 4-1/4" x 1/16"):21
sr:171627	Ham, chopped, not canned	usda	221	16.5	0	16.7	1 slice (1 oz) (4" x 4" x 3/32" thick):28|1 slice (4-1/4" x 4-1/4" x 1/16"):21
sr:171628	Ham and cheese loaf or roll	usda	241	13.6	4	18.7	1 slice (1 oz) (4" x 4" x 3/32" thick):28|2 slices:57
sr:171629	Ham and cheese spread	usda	245	16.18	2.28	18.53	1 tbsp:15|1 oz:28.4
sr:171630	Headcheese, pork	usda	157	13.83	0	10.9	1 slice (1 oz) (4" x 4" x 3/32" thick):28|45 g:45
sr:171631	Sausage, Italian, pork, mild, raw	usda	290	13.9	2.97	24.26	1 link:101
sr:171632	Sausage, pork and turkey, pre-cooked	usda	342	12.05	3.63	30.64	1 serving:57
sr:171633	Frankfurter, meat and poultry, cooked, boiled	usda	298	10.31	4.96	26.28	1 frankfurter:50
sr:171634	Frankfurter, meat and poultry, cooked, grilled	usda	302	10.67	5.24	26.43	1 frankfurter:48
sr:171635	Pork sausage, link/patty, reduced fat, unprepared	usda	217	16.75	0.2	16.55	3 oz:85|1 package:343
sr:171636	Pork sausage, link/patty, reduced fat, cooked, pan-fried	usda	267	20.94	0.15	20.32	3 oz:85|1 package:343
sr:171637	Bologna, meat and poultry	usda	281	10.34	6.31	23.77	1 slice:33
sr:171638	Meatballs, frozen, Italian style	usda	286	14.4	8.06	22.21	3 oz:85|3 pieces:56
sr:171639	Bacon, turkey, microwaved	usda	368	29.5	4.24	25.87	1 slice:8.1
sr:171640	Bacon, turkey, low sodium	usda	253	13.33	4.8	20	1 serving:15
sr:171641	Cereals ready-to-eat, POST, ALPHA-BITS	usda	389	10	80.3	4.6	1 cup (1 NLEA serving for adults):30|0.67 cup (1 serving for children under 4 years):20
sr:171642	Cereals ready-to-eat, QUAKER, CAP'N CRUNCH	usda	398	4.39	85.51	5.12	0.75 cup (1 NLEA serving):27
sr:171643	Cereals ready-to-eat, QUAKER, CAP'N CRUNCH with CRUNCHBERRIES	usda	397	4.45	85.93	4.83	0.75 cup (1 NLEA serving):26
sr:171644	Cereals ready-to-eat, QUAKER, CAP'N CRUNCH'S PEANUT BUTTER CRUNCH	usda	417	7.1	78.65	9.23	0.75 cup (1 NLEA serving):27
sr:171645	Cereals ready-to-eat, POST, FRUITY PEBBLES	usda	402	4.62	86.1	4.02	0.75 cup (1 NLEA serving):27
sr:171646	Cereals ready-to-eat, granola, homemade	usda	489	13.67	53.88	24.31	1 cup:122|1 oz:28.4
sr:171647	Cereals ready-to-eat, POST, GRAPE-NUTS Cereal	usda	361	11.22	80.49	1.81	0.5 cup (1 NLEA serving):58
sr:171648	Cereals ready-to-eat, POST, GRAPE-NUTS Flakes	usda	376	9.4	82	3.7	0.75 cup (1 NLEA serving):29
sr:171649	Cereals ready-to-eat, QUAKER, SWEET CRUNCH/QUISP	usda	406	4.51	85.03	6.08	1 cup (1 NLEA serving):27
sr:171650	Cereals ready-to-eat, POST Raisin Bran Cereal	usda	324	7.6	78.9	1.6	1 cup (1 NLEA serving):59
sr:171651	Cereals ready-to-eat, QUAKER, QUAKER Puffed Rice	usda	383	7.01	87.78	0.9	0.75 cup (1 NLEA serving):14
sr:171652	Cereals ready-to-eat, POST, GOLDEN CRISP	usda	380	5.5	90.1	1.7	0.75 cup (1 NLEA serving):27
sr:171653	Cereals ready-to-eat, SUN COUNTRY, KRETSCHMER Honey Crunch Wheat Germ	usda	372	26.55	58.11	7.78	2 tbsp (1 NLEA serving):14
sr:171654	Cereals, corn grits, white, regular and quick, enriched, dry	usda	370	7.65	79.09	1.75	1 tbsp:9.7|1 cup:156
sr:171655	Cereals, corn grits, white, regular and quick, enriched, cooked with water, without salt	usda	71	1.71	14.76	0.46	1 cup:257|1 tbsp:16
sr:171656	Cereals, QUAKER, corn grits, instant, plain, dry	usda	343	7.31	78.42	2.14	1 packet:29|1 tbsp:7
sr:171657	Cereals, CREAM OF WHEAT, regular (10 minute), cooked with water, without salt	usda	50	1.44	10.52	0.21	1 cup (1 serving):251|1 tbsp:16
sr:171658	Cereals, farina, enriched, assorted brands including CREAM OF WHEAT, quick (1-3 minutes), dry	usda	360	11.6	73.19	1.41	1 tbsp:11|1 cup:176
sr:171659	Cereals, farina, enriched, assorted brands including CREAM OF WHEAT, quick (1-3 minutes), cooked with water, without salt	usda	55	1.82	10.92	0.34	1 cup:240|1 tbsp:14.9|0.75 cup:179
sr:171660	Cereals, CREAM OF WHEAT, instant, dry	usda	366	10.6	75.5	1.4	1 tbsp:11.5|1 cup:178
sr:171661	Cereals, oats, instant, fortified, plain, dry	usda	362	11.92	69.52	6.9	1 packet:28
sr:171662	Cereals, oats, instant, fortified, plain, prepared with water (boiling water added or microwaved)	usda	68	2.37	11.67	1.36	1 cup, cooked:234|1 cup, dry, yields:501|1 oz, dry, yields:177|1 packet, dry, yields:177
sr:171663	Cereals, QUAKER, Instant Oatmeal, apples and cinnamon, dry	usda	366	8.62	76.74	4.61	1 packet (1 NLEA serving):43
sr:171664	Cereals, oats, instant, fortified, with cinnamon and spice, dry	usda	369	9.53	76.08	4.84	1 packet:45
sr:171665	Cereals, WHEATENA, dry	usda	357	13.1	75.6	2.9	0.33 cup (1 NLEA serving):40|1 cup:141|0.25 cup:35
sr:171666	Cereals, WHEATENA, cooked with water	usda	56	2	11.8	0.5	1 cup:243|0.75 cup:182
sr:171667	Cereals, whole wheat hot natural cereal, dry	usda	342	11.2	75.2	2	1 cup:94|0.33 cup:31
sr:171668	Cereals, whole wheat hot natural cereal, cooked with water, without salt	usda	62	2	13.7	0.4	1 cup:242|0.75 cup:182
sr:171669	Cereals ready-to-eat, QUAKER, QUAKER Puffed Wheat	usda	366	16.26	76.39	2.15	1 cup (1 NLEA serving):15
sr:171670	Cereals, corn grits, yellow, regular and quick, unenriched, dry	usda	371	8.8	79.6	1.2	1 tbsp:9.7|1 cup:156
sr:171671	Cereals, corn grits, white, regular and quick, enriched, cooked with water, with salt	usda	71	1.71	14.76	0.46	1 cup:257|1 tablespoon:16
sr:171672	Cereals, corn grits, yellow, regular and quick, enriched, cooked with water, without salt	usda	65	1.23	13.86	0.39	1 cup:233
sr:171673	Cereals, corn grits, yellow, regular, quick, enriched, cooked with water, with salt	usda	65	1.23	13.86	0.39	1 cup:233
sr:171674	Cereals, MALT-O-MEAL, chocolate, dry	usda	363	10.6	79.55	0.82	3 tbsp (1 NLEA serving):35
sr:171675	Cereals, oats, regular and quick and instant, unenriched, cooked with water (includes boiling and microwaving), with salt	usda	71	2.54	12	1.52	1 cup:234|0.75 cup:175
sr:171676	Cereals, WHEATENA, cooked with water, with salt	usda	59	2.03	11.74	0.45	1 cup:243|0.75 cup:182
sr:171677	Cereals, whole wheat hot natural cereal, cooked with water, with salt	usda	62	2	13.7	0.4	1 cup:242|0.75 cup:182
sr:171678	Cereals, ready-to-eat, MALT-O-MEAL, Blueberry Mini SPOONERS	usda	350	8.81	79.4	1.92	1 cup (1 NLEA serving):55
sr:171679	Cereals ready-to-eat, MALT-O-MEAL, OAT BLENDERS with honey	usda	396	6.78	84.94	4.17	0.75 cup (1 NLEA serving):30
sr:171680	Cereals ready-to-eat, MALT-O-MEAL, OAT BLENDERS with honey & almonds	usda	379	7.8	77.26	4.88	0.75 cup (1 NLEA serving):30
sr:171681	Cereals ready-to-eat, MALT-O-MEAL, Honey Nut SCOOTERS	usda	387	8.59	79.62	4.51	1 cup (1 NLEA serving):30
sr:171682	Cereals, QUAKER, Instant Oatmeal, Cinnamon Swirl, high fiber	usda	366	8.79	75.67	4.8	1 packet (1 NLEA serving):45
sr:171683	Cereals, QUAKER, oatmeal, REAL MEDLEYS, blueberry hazelnut, dry	usda	386	9.81	69.47	9.8	1 package (1 NLEA serving):70
sr:171684	Cereals, QUAKER, oatmeal, REAL MEDLEYS, apple walnut, dry	usda	390	8.18	70.53	10.36	1 package (1 NLEA serving):75
sr:171685	Cereals, QUAKER, oatmeal, REAL MEDLEYS, summer berry, dry	usda	353	11.31	72.58	4.4	1 package (1 NLEA serving):70
sr:171686	Acerola, (west indian cherry), raw	usda	32	0.4	7.69	0.3	1 cup:98|1 fruit without refuse:4.8
sr:171687	Acerola juice, raw	usda	23	0.4	4.8	0.3	1 cup:242|1 fl oz:30.2
sr:171688	Apples, raw, with skin (Includes foods for USDA's Food Distribution Program)	usda	52	0.26	13.81	0.17	1 cup, quartered or chopped:125|1 cup slices:109|1 large (3-1/4" dia):223|1 medium (3" dia):182|1 small (2-3/4" dia):149|1 extra small (2-1/2" dia):101
sr:171689	Apples, raw, without skin	usda	48	0.27	12.76	0.13	1 cup slices:110|1 large (3-1/4" dia):216|1 medium (3" dia):161|1 small (2-3/4" dia):132
sr:171690	Apples, dehydrated (low moisture), sulfured, stewed	usda	74	0.28	19.91	0.12	1 cup:193
sr:171691	Apples, dried, sulfured, uncooked	usda	243	0.93	65.89	0.32	1 cup:86|1 ring:6.4
sr:171692	Apples, dried, sulfured, stewed, without added sugar	usda	57	0.22	15.32	0.07	1 cup:255
sr:171693	Apples, dried, sulfured, stewed, with added sugar	usda	83	0.2	20.73	0.07	1 cup:280
sr:171694	Apples, frozen, unsweetened, unheated (Includes foods for USDA's Food Distribution Program)	usda	48	0.28	12.31	0.32	1 cup slices:173
sr:171695	Applesauce, canned, unsweetened, without added ascorbic acid (Includes foods for USDA's Food Distribution Program)	usda	42	0.17	11.27	0.1	1 cup:244
sr:171696	Applesauce, canned, sweetened, without salt	usda	68	0.16	17.49	0.17	1 cup:246
sr:171697	Apricots, raw	usda	48	1.4	11.12	0.39	1 cup, halves:155|1 cup, sliced:165|1 apricot:35
sr:171698	Apricots, canned, water pack, with skin, solids and liquids	usda	27	0.71	6.39	0.16	1 cup, halves:243|1 apricot half with liquid:36
sr:171699	Apricots, canned, heavy syrup pack, with skin, solids and liquids	usda	83	0.53	21.47	0.08	1 cup, halves:258|1 cup, whole:240|1 apricot half with liquid:40
sr:171700	Apricots, canned, heavy syrup pack, without skin, solids and liquids	usda	83	0.51	21.45	0.09	1 cup, whole, without pits:258
sr:171701	Apricots, canned, extra heavy syrup pack, without skin, solids and liquids	usda	96	0.55	24.85	0.04	1 cup, whole, without pits:246
sr:171702	Apricots, dehydrated (low-moisture), sulfured, uncooked	usda	320	4.9	82.89	0.62	1 cup:119
sr:171703	Apricots, frozen, sweetened	usda	98	0.7	25.1	0.1	1 cup:242
sr:171704	Apricot nectar, canned, with added ascorbic acid	usda	56	0.17	13.63	0.45	1 cup:266|1 fl oz:30.4
sr:171705	Avocados, raw, all commercial varieties	usda	160	2	8.53	14.66	1 cup, cubes:150|1 cup, pureed:230|1 cup, sliced:146|1 avocado, NS as to Florida or California:201|1 NLEA Serving:50
sr:171706	Avocados, raw, California	usda	167	1.96	8.64	15.41	1 cup, pureed:230|1 fruit, without skin and seed:136|1 NLEA serving:50
sr:171707	Avocados, raw, Florida	usda	120	2.23	7.82	10.06	1 cup, pureed:230|1 fruit without skin and seeds:304|1 NLEA Serving:50
sr:171708	Cherries, tart, dried, sweetened (Includes foods for USDA's Food Distribution Program)	usda	333	1.25	80.45	0.73	0.25 cup:40
sr:171709	Blackberries, canned, heavy syrup, solids and liquids	usda	92	1.31	23.1	0.14	1 cup:256
sr:171710	Blackberries, frozen, unsweetened	usda	64	1.18	15.67	0.43	1 cup, unthawed:151|1 package (18 oz):510
sr:171712	Boysenberries, canned, heavy syrup	usda	88	0.99	22.31	0.12	1 cup:256
sr:171713	Boysenberries, frozen, unsweetened	usda	50	1.1	12.19	0.26	1 cup, unthawed:132|1 package (10 oz):284
sr:171714	Breadfruit, raw	usda	103	1.07	27.12	0.23	1 cup:220|0.25 fruit, small:96
sr:171715	Carambola, (starfruit), raw	usda	31	1.04	6.73	0.33	1 cup, cubes:132|1 cup, sliced:108|1 large (4-1/2" long):124|1 medium (3-5/8" long):91|1 small (3-1/8" long):70
sr:171716	Cherries, sour, red, canned, heavy syrup pack, solids and liquids	usda	91	0.73	23.27	0.1	1 cup:256
sr:171717	Cherries, sour, red, canned, extra heavy syrup pack, solids and liquids	usda	114	0.71	29.23	0.09	1 cup:261
sr:171718	Cherries, sour, red, frozen, unsweetened (Includes foods for USDA's Food Distribution Program)	usda	46	0.92	11.02	0.44	1 cup, unthawed:155|1 package (18 oz):510
sr:171719	Cherries, sweet, raw	usda	63	1.06	16.01	0.2	1 cup, with pits, yields:138|1 cup, without pits:154|1 cherry:8.2|1 NLEA serving:140
sr:171720	Cherries, sweet, canned, extra heavy syrup pack, solids and liquids	usda	102	0.59	26.23	0.15	1 cup, pitted:261
sr:171721	Crabapples, raw	usda	76	0.4	19.95	0.3	1 cup slices:110
sr:171722	Cranberries, raw	usda	46	0.46	11.97	0.13	1 cup, chopped:110|1 cup, whole:100
sr:171723	Cranberries, dried, sweetened (Includes foods for USDA's Food Distribution Program)	usda	308	0.17	82.8	1.09	0.25 cup:40
sr:171724	Currants, zante, dried	usda	290	3.43	76.98	0.22	1 cup:144
sr:171725	Custard-apple, (bullock's-heart), raw	usda	101	1.7	25.2	0.6	
sr:171726	Dates, deglet noor	usda	282	2.45	75.03	0.39	1 cup, chopped:147|1 date, pitted:7.1
sr:171727	Elderberries, raw	usda	73	0.66	18.4	0.5	1 cup:145
sr:171728	Beef, Australian, imported, grass-fed, external fat, raw	usda	509	11.32	0.39	51.36	4 oz:113
sr:171729	Beef, Australian, imported, grass-fed, seam fat, raw	usda	562	9.58	1.06	57.73	4 oz:113
sr:171730	Beef, Australian, imported, Wagyu, external fat, Aust. marble score 4/5, raw	usda	596	6.54	0	63.27	4 oz:113
sr:171731	Beef, Australian, imported, Wagyu, seam fat, Aust. marble score 4/5, raw	usda	594	6	0	63.3	4 oz:113
sr:171732	Beef, Australian, imported, Wagyu, loin, tenderloin steak/roast, boneless, separable lean and fat, Aust. marble score 4/5, raw	usda	206	19.71	0	14.09	4 oz:113|1 steak:152
sr:171733	Beef, Australian, imported, grass-fed, loin, top loin steak/roast, boneless, separable lean and fat, raw	usda	199	19.9	0.11	13.17	4 oz:113|1 roast:339
sr:171734	Beef, Australian, imported, grass-fed, loin, top sirloin cap-off steak/roast, boneless, separable lean only, raw	usda	122	21.9	0	3.87	4 oz:113|1 roast:449
sr:171735	Beef, Australian, imported, grass-fed, rib, ribeye steak/roast lip-on, boneless, separable lean only, raw	usda	160	21.47	0	8.2	4 oz:113|1 roast:350
sr:171736	Beef, Australian, imported, Wagyu, loin, top loin steak/roast, boneless, separable lean only, Aust. marble score 9, raw	usda	331	16.92	0.13	29.15	4 oz:113|1 roast:359
sr:171737	Beef, Australian, imported, Wagyu, rib, small end rib steak/roast, boneless, separable lean only, Aust. marble score 4/5, raw	usda	234	20.35	0	16.93	4 oz:113|1 roast:342
sr:171738	Beef, Australian, imported, Wagyu, rib, small end rib steak/roast, boneless, separable lean only, Aust. marble score 9, raw	usda	330	17.61	0.46	28.61	4 oz:113|1 roast:377
sr:171739	Beef, Australian, imported, grass-fed, loin, top sirloin cap-off steak/roast, boneless, separable lean and fat, raw	usda	127	21.77	0.01	4.45	4 oz:113|1 roast:449
sr:171740	Beef, Australian, imported, Wagyu, rib, small end rib steak/roast, boneless, separable lean and fat, Aust. marble score 4/5, raw	usda	317	17.07	0	27.64	4 oz:113|1 roast:342
sr:171741	Beef, Australian, imported, Wagyu, rib, small end rib steak/roast, boneless, separable lean and fat, Aust. marble score 9, raw	usda	404	14.54	0.28	38.3	4 oz:113|1 roast:377
sr:171742	Beef, Australian, imported, Wagyu, loin, tenderloin steak/roast, boneless, separable lean and fat, Aust. marble score 9, raw	usda	248	18.5	0.58	19.11	4 oz:113|1 steak:173
sr:171743	Beef, round, top round steak, boneless, separable lean and fat, trimmed to 0" fat, all grades, raw	usda	124	23.49	0	3.34	4 oz:113|1 steak:344
sr:171744	Beef, round, top round roast, boneless, separable lean and fat, trimmed to 0" fat, select, raw	usda	121	23.44	0	3.04	4 oz:113|1 roast:740
sr:171745	Beef, round, eye of round roast, boneless, separable lean and fat, trimmed to 0" fat, all grades, raw	usda	124	23.27	0	3.44	4 oz:113|1 roast:675
sr:171746	Beef, round, eye of round roast, boneless, separable lean and fat, trimmed to 0" fat, choice, raw	usda	127	23.26	0	3.74	4 oz:113|1 roast:658
sr:171747	Beef, round, eye of round roast, boneless, separable lean and fat, trimmed to 0" fat, select, raw	usda	120	23.28	0	3	4 oz:113|1 roast:699
sr:171748	Beef, loin, tenderloin roast, boneless, separable lean and fat, trimmed to 0" fat, choice, raw	usda	153	21.5	0	7.4	4 oz:113|1 roast:625
sr:171749	Beef, loin, tenderloin roast, boneless, separable lean and fat, trimmed to 0" fat, select, raw	usda	144	21.91	0	6.21	4 oz:113|1 roast:673
sr:171750	Beef, loin, top loin steak, boneless, lip off, separable lean and fat, trimmed to 0" fat, all grades, raw	usda	163	22.43	0	8.17	4 oz:113|1 steak:267
sr:171751	Beef, loin, top loin steak, boneless, lip off, separable lean and fat, trimmed to 0" fat, choice, raw	usda	171	22.19	0	9.16	4 oz:113|1 steak:266
sr:171752	Beef, loin, top loin steak, boneless, lip off, separable lean and fat, trimmed to 0" fat, select, raw	usda	151	22.79	0	6.67	4 oz:113|1 steak:268
sr:171753	Beef, loin, tenderloin roast, boneless, separable lean and fat, trimmed to 0" fat, choice, cooked, roasted	usda	188	27.26	0	8.82	3 oz:85|1 roast:478
sr:171754	Beef, loin, tenderloin roast, boneless, separable lean and fat, trimmed to 0" fat, select, cooked, roasted	usda	174	27.38	0	7.12	3 oz:85|1 roast:487
sr:171755	Beef, round, top round roast, boneless, separable lean and fat, trimmed to 0" fat, all grades, cooked, roasted	usda	160	29.9	0	4.49	3 oz:85
sr:171756	Beef, round, top round roast, boneless, separable lean and fat, trimmed to 0" fat, choice, cooked, roasted	usda	163	30.08	0	4.79	3 oz:85
sr:171757	Beef, round, top round steak, boneless, separable lean only, trimmed to 0" fat, all grades, raw	usda	121	23.59	0	2.94	4 oz:113|1 steak:344
sr:171758	Beef, round, top round steak, boneless, separable lean only, trimmed to 0" fat, choice, raw	usda	124	23.59	0	3.26	4 oz:113|1 steak:344
sr:171759	Beef, round, top round steak, boneless, separable lean only, trimmed to 0" fat, select, raw	usda	116	23.59	0	2.45	4 oz:113|1 steak:344
sr:171760	Beef, round, top round roast, boneless, separable lean only, trimmed to 0" fat, all grades, raw	usda	121	23.59	0	2.94	4 oz:113|1 roast:758
sr:171762	Beef, round, eye of round steak, boneless, separable lean only, trimmed to 0" fat, all grades, raw	usda	121	23.37	0	3.04	4 oz:113|1 steak:140
sr:171763	Beef, round, eye of round steak, boneless, separable lean only, trimmed to 0" fat, choice, raw	usda	124	23.35	0	3.38	4 oz:113|1 steak:133
sr:171764	Beef, round, eye of round steak, boneless, separable lean only, trimmed to 0" fat, select, raw	usda	116	23.41	0	2.52	4 oz:113|1 steak:151
sr:171765	Beef, loin, tenderloin roast, boneless, separable lean only, trimmed to 0" fat, all grades, raw	usda	139	21.94	0	5.74	4 oz:113|1 roast:644
sr:171766	Beef, loin, top loin steak, boneless, lip off, separable lean only, trimmed to 0" fat, select, raw	usda	135	23.3	0	4.66	4 oz:113|1 steak:268
sr:171767	Beef, loin, tenderloin steak, boneless, separable lean only, trimmed to 0" fat, all grades, raw	usda	139	21.94	0	5.74	4 oz:113|1 steak:170
sr:171768	Beef, loin, tenderloin steak, boneless, separable lean only, trimmed to 0" fat, choice, raw	usda	143	21.78	0	6.16	4 oz:113|1 steak:168
sr:171769	Beef, loin, tenderloin steak, boneless, separable lean only, trimmed to 0" fat, select, raw	usda	135	22.16	0	5.1	4 oz:113|1 steak:172
sr:171770	Beef, round, top round roast, boneless, separable lean only, trimmed to 0" fat, choice, cooked, roasted	usda	158	30.24	0.06	4.11	3 oz:85
sr:171771	Beef, round, top round roast, boneless, separable lean only, trimmed to 0" fat, select, cooked, roasted	usda	150	29.81	0	3.37	3 oz:85
sr:171772	Beef, round, eye of round steak, boneless, separable lean only, trimmed to 0" fat, all grades, cooked, grilled	usda	155	29.85	0	3.9	3 oz:85
sr:171773	Beef, round, eye of round steak, boneless, separable lean only, trimmed to 0" fat, choice, cooked, grilled	usda	158	29.94	0	4.26	3 oz:85
sr:171774	Beef, loin, top loin steak, boneless, lip-on, separable lean and fat, trimmed to 1/8" fat, select, raw	usda	191	21.54	0	11.65	4 oz:113|1 steak:304
sr:171775	Beef, loin, top loin steak, boneless, lip-on, separable lean and fat, trimmed to 1/8" fat, all grades, raw	usda	199	21.29	0	12.68	4 oz:113|1 steak:302
sr:171776	Beef, composite of trimmed retail cuts, separable lean only, trimmed to 0" fat, select, raw	usda	133	22.03	0	4.99	4 oz:113
sr:171777	Beef, composite of trimmed retail cuts, separable lean and fat, trimmed to 0" fat, select, raw	usda	157	21.2	0	8	4 oz:113
sr:171778	Beef, composite of trimmed retail cuts, separable lean only, trimmed to 1/8" fat, select, cooked	usda	167	27.51	0	6.37	3 oz:85
sr:171779	Beef, composite of trimmed retail cuts, separable lean only, trimmed to 1/8" fat, select, raw	usda	130	22.37	0	4.55	4 oz:113
sr:171780	Beef, chuck, clod roast, separable lean only, trimmed to 1/4" fat, all grades, cooked, roasted	usda	173	26.36	0	6.75	3 oz:85|1 lb:453.6
sr:171781	Beef, shoulder steak, boneless, separable lean only, trimmed to 0" fat, all grades, cooked, grilled	usda	175	28.6	0	5.82	3 oz:85
sr:171782	Beef, chuck, clod steak, separable lean only, trimmed to 1/4" fat, all grades, cooked, braised	usda	189	29.34	0	7.04	3 oz:85|1 lb:453.6
sr:171783	Beef, chuck, mock tender steak, separable lean and fat, trimmed to 0" fat, USDA choice, cooked, broiled	usda	161	25.73	0	5.72	3 oz:85|1 lb:453.6
sr:171784	Beef, chuck, clod roast, separable lean and fat, trimmed to 0" fat, select, cooked, roasted	usda	196	27.3	0	8.76	3 oz:85|1 lb:453.6
sr:171785	Beef, shoulder steak, boneless, separable lean and fat, trimmed to 0" fat, choice, cooked, grilled	usda	186	28.22	0	7.25	
sr:171786	Beef, shoulder steak, boneless, separable lean and fat, trimmed to 0" fat, select, cooked, grilled	usda	177	28.41	0	6.14	3 oz:85|1 steak:297
sr:171787	Beef, plate, inside skirt steak, separable lean and fat, trimmed to 0" fat, all grades, cooked, broiled	usda	220	26.13	0	12.05	3 oz:85|1 lb:453.6
sr:171788	Beef, plate, outside skirt steak, separable lean and fat, trimmed to 0" fat, all grades, cooked, broiled	usda	255	23.51	0	17.13	3 oz:85|1 lb:453.6
sr:171789	Beef, shoulder steak, boneless, separable lean and fat, trimmed to 0" fat, all grades, cooked, grilled	usda	182	28.29	0	6.8	3 oz:85|1 steak:287
sr:171790	Beef, ground, 95% lean meat / 5% fat, raw	usda	137	21.41	0	5	4 oz:113
sr:171791	Beef, ground, 95% lean meat / 5% fat, patty, cooked, broiled	usda	174	26.29	0	6.8	3 oz:85
sr:171792	Beef, ground, 95% lean meat / 5% fat, patty, cooked, pan-broiled	usda	164	25.8	0	5.94	3 oz:85
sr:171793	Beef, ground, 90% lean meat / 10% fat, patty, cooked, pan-broiled	usda	204	25.21	0	10.68	3 oz:85
sr:171794	Beef, ground, 90% lean meat / 10% fat, crumbles, cooked, pan-browned	usda	230	28.45	0	12.04	3 oz:85|1 portion ( yield from 1/2 lb raw meat ):154
sr:171795	Beef, ground, 90% lean meat / 10% fat, loaf, cooked, baked	usda	214	26.62	0	11.1	3 oz:85
sr:171796	Beef, ground, 85% lean meat / 15% fat, raw (Includes foods for USDA's Food Distribution Program)	usda	215	18.59	0	15	4 oz:113
sr:171797	Beef, ground, 80% lean meat / 20% fat, patty, cooked, broiled	usda	270	25.75	0	17.78	3 oz:85
sr:171798	Beef, ground, 80% lean meat / 20% fat, patty, cooked, pan-broiled	usda	246	24.04	0	15.94	3 oz:85
sr:171799	Beef, ground, 80% lean meat / 20% fat, crumbles, cooked, pan-browned	usda	272	27	0	17.36	3 oz:85
sr:171800	Beef, ground, 80% lean meat / 20% fat, loaf, cooked, baked	usda	254	25.25	0	16.17	3 oz:85
sr:171801	Beef, ground, 75% lean meat / 25% fat, loaf, cooked, baked	usda	254	24.56	0	16.5	3 oz:85
sr:171802	Beef, rib, small end (ribs 10-12), separable lean only, trimmed to 1/8" fat, select, raw	usda	134	22.53	0	4.2	4 oz:113|1 lb:453.6
sr:171803	Beef, tenderloin, steak, separable lean only, trimmed to 1/8" fat, select, raw	usda	148	22.06	0	5.93	4 oz:113
sr:171804	Beef, top sirloin, steak, separable lean only, trimmed to 1/8" fat, select, raw	usda	127	22.27	0	3.54	4 oz:113|1 lb:453.6
sr:171805	Beef, short loin, top loin, steak, separable lean only, trimmed to 1/8" fat, select, cooked, grilled	usda	177	29.44	0	5.73	3 oz:85|1 lb:453.6
sr:171806	Beef, round, bottom round , roast, separable lean only, trimmed to 1/8" fat, select, cooked, roasted	usda	164	28.45	0	4.67	3 oz:85|1 lb:453.6
sr:171807	Beef, round, eye of round, roast, separable lean only, trimmed to 1/8" fat, select, cooked, roasted	usda	163	29.59	0	4.11	3 oz:85|1 lb:453.6
sr:171808	Beef, round, top round, steak, separable lean only, trimmed to 1/8" fat, select, cooked, broiled	usda	177	31.61	0	4.65	3 oz:85|1 lb:453.6
sr:171809	Beef, round, eye of round, roast, separable lean only, trimmed to 1/8" fat, all grades, cooked, roasted	usda	169	29.73	0	4.71	3 oz:85|1 lb:453.6
sr:171810	Beef, rib, small end (ribs 10-12), separable lean only, trimmed to 1/8" fat, all grades, raw	usda	141	22.33	0	5.04	4 oz:113|1 lb:453.6
sr:171811	Beef, tenderloin, steak, separable lean only, trimmed to 1/8" fat, all grades, cooked, broiled	usda	200	29.04	0	8.39	3 oz:85|1 lb:453.6
sr:171812	Beef, tenderloin, steak, separable lean only, trimmed to 1/8" fat, all grades, raw	usda	153	22.12	0	6.52	4 oz:113|1 lb:453.6
sr:171813	Beef, short loin, top loin, steak, separable lean only, trimmed to 1/8" fat, all grades, cooked, broiled	usda	189	29.3	0	7.09	3 oz:85|1 lb:453.6
sr:171814	Beef, short loin, top loin steak, separable lean only, trimmed to 1/8" fat, all grades, raw	usda	138	22.93	0	5.15	4 oz:113|1 lb:453.6
sr:171815	Beef, round, top round, steak, separable lean only, trimmed to 1/8" fat, all grades, cooked, broiled	usda	185	31.82	0	5.45	3 oz:85|1 lb:453.6
sr:171816	Beef, round, top round, steak, separable lean only, trimmed to 1/8" fat, all grades, raw	usda	135	22.91	0	4.09	4 oz:113|1 lb:453.6
sr:171817	Beef, chuck, arm pot roast, separable lean only, trimmed to 1/8" fat, choice, cooked, braised	usda	224	34.72	0	8.37	3 oz:85|1 lb:453.6
sr:171818	Beef, brisket, flat half, separable lean only, trimmed to 1/8" fat, choice, cooked, braised	usda	203	33.13	0	6.79	3 oz:85|1 lb:453.6
sr:171819	Beef, round, eye of round, roast, separable lean only, trimmed to 1/8" fat, choice, raw	usda	128	22.88	0	3.38	4 oz:113|1 lb:453.6
sr:171820	Beef, round, top round, steak, separable lean only, trimmed to 1/8" fat, choice, raw	usda	140	22.69	0	4.78	4 oz:113|1 lb:453.6
sr:171821	Soup, wonton, Chinese restaurant	usda	32	2.08	5.25	0.26	1 cup:223
sr:171822	Soup, ramen noodle, dry, any flavor, reduced fat, reduced sodium	usda	350	10.89	70.95	2.5	1.41 oz dry (half noodle block):40
sr:171823	Sauce, duck, ready-to-serve	usda	245	0.36	60.66	0.13	2 Tbsp:33
sr:171824	Sauce, salsa, verde, ready-to-serve	usda	38	1.13	6.36	0.89	2 Tbsp:30
sr:171825	Sauce, steak, tomato based	usda	95	1.25	22.04	0.23	2 Tbsp:34
sr:171826	Sauce, tartar, ready-to-serve	usda	211	1	13.3	16.7	2 tablespoons:30
sr:171827	Sauce, barbecue, SWEET BABY RAY'S, original	usda	192	0.95	46.08	0.43	1 tbsp:18|0.5 cup:144|1 cup:280
sr:171828	Sauce, barbecue, BULL'S-EYE, original	usda	170	0.91	39.95	0.67	1 tbsp:16|0.5 cup:148|1 cup:291
sr:171829	Sauce, barbecue, KC MASTERPIECE, original	usda	160	1	37.92	0.52	1 tbsp:18|0.5 cup:138|1 cup:265
sr:171830	Sauce, barbecue, OPEN PIT, original	usda	132	0.44	29.45	1.41	1 tbsp:17|0.5 cup:137|1 cup:270
sr:171831	Wasabi	usda	292	2.23	46.13	10.9	1 tablespoon:20|1 teaspoon:6.5
sr:171832	Dip, bean, original flavor	usda	119	5.44	15.89	3.7	2 tbsp:36|1 container (9 oz):259
sr:171833	Sauce, horseradish	usda	503	1.09	10.05	50.89	1 tsp:5.6
sr:171834	Dip, FRITO'S, bean, original flavor	usda	119	5.44	15.89	3.7	2 tbsp:36|1 container (9oz):259
sr:171835	Cookie, vanilla with caramel, coconut, and chocolate coating	usda	489	3.5	64.1	25.8	2 cookies:29
sr:171836	Cookie, with peanut butter filling, chocolate-coated	usda	562	8.1	52.9	35.3	2 cookies:25
sr:171837	Cookies, animal, with frosting or icing	usda	509	3	70.09	24.1	8 cookies 1 serving:31|1 package (40 g):40
sr:171838	Crackers, multigrain	usda	482	7.1	67.6	20.4	4 crackers:14
sr:171839	Cake, snack cakes, not chocolate, with icing or filling, low-fat, with added fiber	usda	412	3.71	74.3	11.14	1 cake 1 serving:27
sr:171840	Cookies, brownies, commercially prepared, reduced fat, with added fiber	usda	345	2.77	61.58	9.68	1 brownie 1 serving:36
sr:171841	Cookies, chocolate sandwich, with creme filling, reduced fat	usda	436	2.94	76.17	13.24	1 serving:34
sr:171842	Cookies, oatmeal sandwich, with creme filling	usda	398	2.61	55.62	18.29	1 cookie 1 serving:38
sr:171843	Cookies, peanut butter, commercially prepared, sugar free	usda	523	10.34	50.52	31.03	1 serving 3 cookies:29
sr:171844	Bread, chapati or roti, plain, commercially prepared	usda	297	11.25	46.36	7.45	1 piece:68
sr:171845	Bread, naan, plain, commercially prepared, refrigerated	usda	291	9.62	50.43	5.65	1 piece:90
sr:171846	Crackers, standard snack-type, with whole wheat	usda	463	7.29	68.37	17.84	5 crackers 1 serving:15
sr:171847	Cookies, coconut macaroon	usda	460	3.02	61.22	22.55	2 cookie 1 serving:36
sr:171848	Crackers, sandwich-type, peanut butter filled, reduced fat	usda	437	8.33	63.49	16.67	1 package:36
sr:171849	Bread, cinnamon	usda	253	7.05	44.38	5.29	1 slice 1 serving:28
sr:171850	Bread, wheat, sprouted	usda	188	13.16	33.88	0	1 slice 1 serving:38
sr:171851	Bread, wheat, sprouted, toasted	usda	205	14.3	36.82	0	1 slice 1 serving:38
sr:171852	Bagels, multigrain	usda	241	9.9	47.47	1.24	1 piece bagel:81
sr:171853	Pancakes, whole wheat, dry mix, incomplete	usda	350	10.53	74.11	1.32	0.25 cup mix 1 serving:38
sr:171854	Crackers, toast thins, low sodium	usda	442	6.45	67.66	16.13	1 serving:31
sr:171855	Crackers, whole grain, sandwich-type, with peanut butter filling	usda	465	14.12	54.59	21.18	6 cracker 1 serving:43
sr:171856	Crackers, water biscuits	usda	384	7.14	72.81	7.14	4 cracker 1 serving:14
sr:171857	Cookies, gluten-free, chocolate sandwich, with creme filling	usda	474	2.19	76.03	17.89	3 cookies:44
sr:171858	Cookies, gluten-free, chocolate wafer	usda	541	4.06	62.82	30.42	3 cookies:23
sr:171859	Cookies, gluten-free, lemon wafer	usda	515	0	74.39	24.18	3 cookies:30
sr:171860	Cookies, gluten-free, vanilla sandwich, with creme filling	usda	493	2.66	74.61	20.47	3 cookies:44
sr:171861	Rolls, gluten-free, white, made with brown rice flour, tapioca starch, and potato starch	usda	310	7.99	55.1	6.4	1 roll:36
sr:171862	Rolls, gluten-free, white, made with rice flour, rice starch, and corn starch	usda	239	3.34	50.47	2.65	1 roll:78
sr:171863	Rolls, gluten-free, white, made with brown rice flour, tapioca starch, and sorghum flour	usda	257	5.65	40.24	8.2	1 roll:69
sr:171864	Rolls, gluten-free, whole grain, made with tapioca starch and brown rice flour	usda	329	11.8	44.29	11.6	1 roll:44
sr:171865	Cookies, oatmeal, reduced fat	usda	365	4.02	64.62	10.04	1 cookie:25
sr:171866	Cookies, chocolate cream covered biscuit sticks	usda	447	10	51.08	22.5	1 serving:40
sr:171867	Cookies, Marie biscuit	usda	406	7.05	70.54	10.58	5 cookie:28
sr:171868	Cookies, vanilla sandwich with creme filling, reduced fat	usda	423	4.17	78.16	10.42	1 serving cookie:48
sr:171869	Beverages, carbonated, tonic water	usda	34	0	8.8	0	1 fl oz:30.5|1 bottle (11 fl oz):336|1 can or bottle (16 fl oz):488|1 can or bottle (12 fl oz):366
sr:171870	Beverages, Energy drink, RED BULL, sugar free, with added caffeine, niacin, pantothenic acid, vitamins B6 and B12	usda	5	0.25	0.7	0.08	1 serving 8.3 fl oz can:250
sr:171871	Beverages, carbonated, root beer	usda	41	0	10.6	0	1 fl oz:30.8|1 can or bottle (16 fl oz):493|1 can or bottle (12 fl oz):370
sr:171872	Alcoholic Beverage, wine, table, red, Gamay	usda	78	0.07	2.38	0	1 fl oz:29.4|1 serving 5 fl oz:147
sr:171873	Beverages, chocolate drink, milk and soy based, ready to drink, fortified	usda	101	4.22	17.3	1.69	8 fl oz:237
sr:171874	Beverages, chocolate malt powder, prepared with 1% milk, fortified	usda	57	3.32	8.81	0.97	1 cup dry mix:98|1 cup prepared:251
sr:171875	Beverages, carbonated, limeade, high caffeine	usda	17	0	4.11	0.11	1 cup:253
sr:171877	Beverages, coffee, ready to drink, vanilla, light, milk based, sweetened	usda	36	2.14	4.27	1.07	9.5 fl oz:281
sr:171878	Beverages, Lemonade fruit juice drink light, fortified with vitamin E and C	usda	21	0	5	0	8 fl oz:240
sr:171879	Beverages, chocolate-flavor beverage mix, powder, prepared with whole milk	usda	85	3.23	11.96	3.24	1 cup (8 fl oz):266
sr:171880	Beverages, coffee, ready to drink, milk based, sweetened	usda	71	1.98	12.6	1.38	1 cup:262
sr:171881	Beverages, coffee, brewed, breakfast blend	usda	2	0.3	0.17	0	1 cup:248
sr:171882	Beverages, Clam and tomato juice, canned	usda	48	0.6	10.95	0.2	1 fl oz:30.2|1 can (5.5 oz):166
sr:171883	Beverages, tea, green, ready to drink, ginseng and honey, sweetened	usda	30	0	7.16	0.18	1 cup:260
sr:171884	Beverages, The COCA-COLA company, Minute Maid, Lemonade	usda	46	0	12.08	0	8 fl oz:240
sr:171885	Beverages, tea, green, ready-to-drink, diet	usda	4	0	0.93	0	1 cup:269
sr:171886	Beverages, Cocoa mix, no sugar added, powder	usda	377	15.49	71.93	3	1 envelope Alba (.675 oz):19|1 envelope Swiss Miss (.53 oz):15
sr:171887	Cocoa mix, NESTLE, Rich Chocolate Hot Cocoa Mix	usda	400	3	75	15	1 serving 1 envelope:20
sr:171888	Beverages, tea, black, ready-to-drink, lemon, sweetened	usda	45	0	10.8	0.22	1 cup:271
sr:171890	Beverages, coffee, brewed, prepared with tap water	usda	1	0.12	0	0.02	1 fl oz:29.6|6 fl oz:178|1 cup (8 fl oz):237
sr:171891	Beverages, coffee, brewed, espresso, restaurant-prepared	usda	9	0.12	1.67	0.18	1 fl oz:29.6
sr:171892	Beverages, tea, black, ready-to-drink, lemon, diet	usda	1	0	0.22	0	1 cup:265
sr:171893	Beverages, coffee, instant, regular, powder	usda	353	12.2	75.4	0.5	1 tsp:1|1 packet:2
sr:171894	Beverages, coffee, instant, decaffeinated, prepared with water	usda	2	0.12	0.43	0	1 fl oz:29.9|1 serving 6 fl oz:179
sr:171895	Beverages, OCEAN SPRAY, Cranberry-Apple Juice Drink, bottled	usda	56	0.29	13.68	0	8 fl oz:249
sr:171896	Beverages, OCEAN SPRAY, Diet Cranberry Juice	usda	4	0.07	0.8	0	8 fl oz:237
sr:171897	Beverages, coffee, instant, with chicory	usda	355	9.3	78.9	0.2	1 tsp, rounded:1.8
sr:171898	Beverages, KRAFT, coffee, instant, French Vanilla Cafe	usda	481	2.5	74.6	19.2	1 NLEA Serving:14
sr:171899	Beverages, OCEAN SPRAY, Cran Raspberry Juice Drink	usda	49	0.28	11.96	0	8 fl oz:248
sr:171900	Beverages, OCEAN SPRAY, Cran Lemonade	usda	45	0.07	11.12	0	8 fl oz:247
sr:171901	Beverages, OCEAN SPRAY, Diet Cran Cherry	usda	4	0.21	0.7	0	8 fl oz:237
sr:171902	Beverages, cranberry-grape juice drink, bottled	usda	56	0.2	14	0.1	1 fl oz:30.6|1 cup (8 fl oz):245
sr:171903	Cranberry juice cocktail, bottled	usda	54	0	13.52	0.1	1 fl oz:31.6|1 cup (8 fl oz):253
sr:171904	Cranberry juice cocktail, bottled, low calorie, with calcium, saccharin and corn sweetener	usda	19	0.02	4.6	0.01	1 fl oz:29.6|1 cup (8 fl oz):237
sr:171905	Beverages, Eggnog-flavor mix, powder, prepared with whole milk	usda	95	2.93	14.2	3.02	1 cup (8 fl oz):272
sr:171906	Alcoholic beverages, beer, higher alcohol	usda	58	0.9	0.27	0	1 fl oz:30.6|1 bottle:355
sr:171907	Beverages, Malt liquor beverage	usda	40	0.35	0	0	1 bottle:1184
sr:171908	Alcoholic beverages, wine, rose	usda	83	0.36	3.8	0	1 fl oz:30.3
sr:171909	Beverages, OCEAN SPRAY, Cran Pomegranate	usda	47	0.07	12.56	0.01	8 fl oz:248
sr:171912	Beverages, citrus fruit juice drink, frozen concentrate	usda	162	1.2	40.2	0.1	1 fl oz:35.2|1 can (12 fl oz):423
sr:171913	Beverages, citrus fruit juice drink, frozen concentrate, prepared with water	usda	46	0.34	11.42	0.03	1 fl oz:31|1 serving 8 fl oz:248
sr:171914	Beverages, fruit punch drink, without added nutrients, canned	usda	48	0	11.97	0	6.75 fl oz:210|1 cup (8 fl oz):248
sr:171915	Beverages, Tropical Punch, ready-to-drink	usda	10	0	2.5	0	1 NLEA Serving:210|2 ml:200
sr:171916	Beverages, grape drink, canned	usda	61	0	15.72	0	1 fl oz:31.3|1 cup (8 fl oz):250
sr:171917	Beverages, tea, green, brewed, regular	usda	1	0.22	0	0	1 cup:245|1 fl oz:29.6
sr:171918	Beverages, tea, instant, lemon, with added ascorbic acid	usda	385	0.6	97.6	0.3	1 serving (3 heaping tsp):23|1 cup:182
sr:171919	Alcoholic beverage, distilled, all (gin, rum, vodka, whiskey) 86 proof	usda	250	0	0.1	0	1 fl oz:27.8|1 Jigger 1.5 fl oz:42
sr:171920	Alcoholic beverage, distilled, all (gin, rum, vodka, whiskey) 90 proof	usda	263	0	0	0	1 fl oz:27.8|1.5 fl oz:42
sr:171921	Carbonated beverage, chocolate-flavored soda	usda	42	0	10.7	0	1 fl oz:31|1 can or bottle (16 fl oz):492|1 can (12 fl oz):369
sr:171924	Beverages, WENDY'S, tea, ready-to-drink, unsweetened	usda	1	0.22	0	0	1 fl oz:29.6
sr:171925	Alcoholic Beverage, wine, table, red, Merlot	usda	83	0.07	2.51	0	1 fl oz:29.4|1 serving 5 fl oz:147
sr:171926	Water, non-carbonated, bottles, natural fruit flavors, sweetened with low calorie sweetener	usda	1	0	0.13	0	1 fl oz:29.6|1 serving (8 fl oz):237|1 ml:1.1
sr:171927	Beverages, V8 SPLASH Juice Drinks, Diet Tropical Blend	usda	4	0	1.26	0	1 serving 8 oz:238
sr:171928	Beverages, V8 SPLASH Juice Drinks, Berry Blend	usda	29	0	7.41	0	1 serving 8 oz:243
sr:171929	Beverages, V8 SPLASH Juice Drinks, Fruit Medley	usda	33	0	7.82	0	1 serving 8 oz:243
sr:171930	Beverages, V8 SPLASH Juice Drinks, Guava Passion Fruit	usda	33	0	7.82	0	1 serving 8 oz:243
sr:171931	Beverages, V8 SPLASH Juice Drinks, Strawberry Kiwi	usda	29	0	7.41	0	1 serving 8 oz:243
sr:171932	Beverages, V8 SPLASH Juice Drinks, Tropical Blend	usda	29	0	7.41	0	1 serving 8 oz:243
sr:171933	Beverages, V8 V-FUSION Juices, Peach Mango	usda	49	0.41	11.38	0	1 serving 8 oz:246
sr:171934	Beverages, V8 V-FUSION Juices, Strawberry Banana	usda	49	0.41	11.79	0	1 serving 8 oz:246
sr:171935	Beverages, Energy Drink, Monster, fortified with vitamins C, B2, B3, B6, B12	usda	47	0.47	11.28	0	1 serving:240
sr:171936	Beverages, Energy drink, AMP, sugar free	usda	2	0	1.03	0	8 fl oz:240
sr:171937	Beverages, Energy drink, ROCKSTAR	usda	58	0.34	12.7	0.22	1 fl oz:31|8 fl oz:240|1 can:480
sr:171938	Beverages, Energy drink, ROCKSTAR, sugar free	usda	4	0.25	0.7	0.08	8 fl oz:240
sr:171939	Beverages, Meal supplement drink, canned, peanut flavor	usda	101	3.5	14.74	3.07	1 cup:158|1 can:391
sr:171940	Water, with corn syrup and/or sugar and low calorie sweetener, fruit flavored	usda	18	0	4.5	0	1 pouch:200
sr:171941	Beverages, Horchata, as served in restaurant	usda	54	0.48	11.52	0.71	1 cup:228
sr:171942	Beverages, rice milk, unsweetened	usda	47	0.28	9.17	0.97	8 fl oz (approximate weight, 1 serving):240
sr:171943	Beverages, Energy drink, VAULT, citrus flavor	usda	49	0	12.99	0	1 oz:31|8 fl oz (1 serving):246
sr:171944	Beverages, Fruit flavored drink, reduced sugar, greater than 3% fruit juice, high vitamin C, added calcium	usda	29	0	6.67	0.37	8 fl oz:240|1 fl oz:31.1
sr:171945	Beverages, fruit juice drink, greater than 3% fruit juice, high vitamin C and added thiamin	usda	54	0.13	13.16	0	8 fl oz:237
sr:171947	Beverages, fruit juice drink, greater than 3% juice, high vitamin C	usda	46	0.13	11.35	0.11	1 cup (8 fl oz):238
sr:171948	Fish, bass, striped, raw	usda	97	17.73	0	2.33	3 oz:85|1 fillet:159
sr:171949	Fish, bluefish, raw	usda	124	20.04	0	4.24	1 fillet:150|3 oz:85
sr:171950	Fish, burbot, raw	usda	90	19.31	0	0.81	1 fillet:116|3 oz:85
sr:171951	Fish, butterfish, raw	usda	146	17.28	0	8.02	1 fillet:32|3 oz:85
sr:171952	Fish, carp, raw	usda	127	17.83	0	5.6	3 oz:85|1 fillet:218
sr:171953	Fish, cisco, raw	usda	98	18.99	0	1.91	1 fillet:79|3 oz:85
sr:171954	Fish, cisco, smoked	usda	177	16.36	0	11.9	1 oz:28.4|3 oz:85
sr:171955	Fish, cod, Atlantic, raw	usda	82	17.81	0	0.67	3 oz:85|1 fillet:231
sr:171956	Fish, cod, Atlantic, cooked, dry heat	usda	105	22.83	0	0.86	3 oz:85|1 fillet:180
sr:171957	Fish, croaker, Atlantic, cooked, breaded and fried	usda	221	18.2	7.54	12.67	1 fillet:87|3 oz:85
sr:171958	Fish, cusk, raw	usda	87	18.99	0	0.69	1 fillet:122|3 oz:85
sr:171959	Fish, mahimahi, raw	usda	85	18.5	0	0.7	3 oz:85|1 fillet:204
sr:171960	Fish, drum, freshwater, raw	usda	119	17.54	0	4.93	3 oz:85|1 fillet:198
sr:171961	Fish, gefiltefish, commercial, sweet recipe	usda	84	9.07	7.41	1.73	1 piece:42
sr:171962	Fish, grouper, mixed species, raw	usda	92	19.38	0	1.02	3 oz:85|1 fillet:259
sr:171963	Fish, grouper, mixed species, cooked, dry heat	usda	118	24.84	0	1.3	3 oz:85|1 fillet:202
sr:171965	Fish, halibut, Greenland, raw	usda	186	14.37	0	13.84	3 oz:85|0.5 fillet:204
sr:171966	Crustaceans, crab, blue, canned	usda	83	17.88	0	0.74	1 cup:135|1 oz:28.4|1 can (6.5 oz), drained:125|3 oz:85
sr:171967	Crustaceans, crab, blue, crab cakes, home recipe	usda	155	20.21	0.48	7.52	1 cake:60
sr:171968	Crustaceans, crab, dungeness, raw	usda	86	17.41	0.74	0.97	3 oz:85|1 crab:163
sr:171969	Crustaceans, crab, queen, raw	usda	90	18.5	0	1.18	3 oz:85
sr:171970	Crustaceans, shrimp, mixed species, cooked, breaded and fried	usda	242	21.39	11.47	12.28	3 oz:85|4 large:30
sr:171971	Crustaceans, shrimp, mixed species, cooked, moist heat (may contain additives to retain moisture)	usda	119	22.78	1.52	1.7	3 oz:85|4 large:22
sr:171972	Crustaceans, shrimp, mixed species, canned	usda	100	20.42	0	1.36	1 cup:128|1 oz:28.4|1 can (4.5 oz), drained:128|1 shrimp:32|3 oz:85
sr:171973	Crustaceans, shrimp, mixed species, imitation, made from surimi	usda	101	12.39	9.13	1.47	3 oz:85
sr:171974	Mollusks, clam, mixed species, cooked, breaded and fried	usda	202	14.24	10.33	11.15	3 oz:85|2 small:188
sr:171975	Mollusks, clam, mixed species, cooked, moist heat	usda	148	25.55	5.13	1.95	3 oz:85|2 small:190
sr:171976	Mollusks, clam, mixed species, canned, drained solids	usda	142	24.25	5.9	1.59	3 oz:85|1 cup:160
sr:171977	Mollusks, clam, mixed species, canned, liquid	usda	2	0.4	0.1	0.02	3 oz:85|1 cup:240
sr:171978	Mollusks, oyster, eastern, wild, raw	usda	51	5.71	2.72	1.71	6 medium:84|1 cup:248
sr:171979	Mollusks, oyster, eastern, cooked, breaded and fried	usda	199	8.77	11.62	12.58	3 oz:85|6 medium:88
sr:171980	Mollusks, oyster, eastern, wild, cooked, moist heat	usda	102	11.42	5.45	3.42	3 oz:85|6 medium:42
sr:171981	Mollusks, oyster, eastern, canned	usda	68	7.06	3.91	2.47	3 oz:85|1 cup, undrained:248|1 oz, drained:23|1 can (12 oz), oysters and liquid:272|1 oyster:8|1 cup, drained:162
sr:171982	Mollusks, squid, mixed species, cooked, fried	usda	175	17.94	7.79	7.48	3 oz:85
sr:171983	Mollusks, whelk, unspecified, raw	usda	137	23.84	7.76	0.4	3 oz:85
sr:171984	Mollusks, whelk, unspecified, cooked, moist heat	usda	275	47.68	15.52	0.8	3 oz:85
sr:171985	Fish, salmon, chinook, smoked, (lox), regular	usda	117	18.28	0	4.32	1 oz:28.4|3 oz:85
sr:171986	Fish, tuna, light, canned in water, without salt, drained solids	usda	116	25.51	0	0.82	3 oz:85|1 can:165
sr:171987	Fish, tuna, white, canned in oil, without salt, drained solids	usda	186	26.53	0	8.08	3 oz:85|1 can:178
sr:171988	Fish, tuna, white, canned in water, without salt, drained solids	usda	128	23.62	0	2.97	3 oz:85|1 can:172
sr:171989	Fish, bass, freshwater, mixed species, cooked, dry heat	usda	146	24.18	0	4.73	1 fillet:62|3 oz:85
sr:171990	Fish, cod, Pacific, cooked, dry heat (may contain additives to retain moisture)	usda	85	18.73	0	0.5	1 fillet:90|3 oz:85
sr:171991	Fish, cusk, cooked, dry heat	usda	112	24.35	0	0.88	1 fillet:95|3 oz:85
sr:171992	Fish, mahimahi, cooked, dry heat	usda	109	23.72	0	0.9	3 oz:85|1 fillet:159
sr:171993	Fish, drum, freshwater, cooked, dry heat	usda	153	22.49	0	6.32	3 oz:85|1 fillet:154
sr:171994	Fish, mackerel, Pacific and jack, mixed species, cooked, dry heat	usda	201	25.73	0	10.12	1 oz, boneless:28.4|1 cubic inch, boneless:17|1 fillet:176|3 oz:85
sr:171995	Fish, milkfish, cooked, dry heat	usda	190	26.32	0	8.63	3 oz:85
sr:171996	Fish, monkfish, cooked, dry heat	usda	97	18.56	0	1.95	3 oz:85
sr:171997	Fish, pike, walleye, cooked, dry heat	usda	119	24.54	0	1.56	1 fillet:124|3 oz:85
sr:171998	Fish, salmon, Atlantic, wild, cooked, dry heat	usda	182	25.44	0	8.13	3 oz:85|0.5 fillet:154
sr:171999	Fish, salmon, chinook, cooked, dry heat	usda	231	25.72	0	13.38	3 oz:85|0.5 fillet:154
sr:172000	Fish, salmon, chum, cooked, dry heat	usda	154	25.82	0	4.83	3 oz:85|0.5 fillet:154
sr:172001	Fish, salmon, pink, cooked, dry heat	usda	153	24.58	0	5.28	3 oz:85|0.5 fillet:124
sr:172002	Fish, sucker, white, cooked, dry heat	usda	119	21.49	0	2.97	1 fillet:124|3 oz:85
sr:172003	Fish, sunfish, pumpkin seed, cooked, dry heat	usda	114	24.87	0	0.9	1 fillet:37|3 oz:85
sr:172004	Fish, trout, mixed species, cooked, dry heat	usda	190	26.63	0	8.47	1 fillet:62|3 oz:85
sr:172005	Fish, tuna, skipjack, fresh, cooked, dry heat	usda	132	28.21	0	1.29	3 oz:85|0.5 fillet:154
sr:172006	Fish, tuna, yellowfin, fresh, cooked, dry heat	usda	130	29.15	0	0.59	3 oz:85
sr:172007	Crustaceans, crab, dungeness, cooked, moist heat	usda	110	22.32	0.95	1.24	3 oz:85|1 crab:127
sr:172008	Crustaceans, crab, queen, cooked, moist heat	usda	115	23.72	0	1.51	3 oz:85
sr:172009	Crustaceans, spiny lobster, mixed species, cooked, moist heat	usda	143	26.41	3.12	1.94	3 oz:85|1 lobster:163
sr:172010	Mollusks, cuttlefish, mixed species, cooked, moist heat	usda	158	32.48	1.64	1.4	3 oz:85
sr:172011	Beerwurst, beer salami, pork and beef	usda	277	14	3.76	22.53	2 oz:56
sr:172012	Bologna, beef	usda	299	10.91	4.29	26.13	1 slice:30|1 serving:28
sr:172013	Bologna, beef and pork	usda	308	15.2	5.49	24.59	3.52 oz:100
sr:172014	Pasta, cooked, unenriched, with added salt	usda	157	5.8	30.59	0.93	1 cup spaghetti not packed:124|1 cup spaghetti packed:151|1 cup elbows not packed:120|1 cup elbows packed:132|1 cup penne:107|1 cup rotini:107
sr:172015	Cornmeal, degermed, unenriched, white	usda	370	7.11	79.45	1.75	1 cup:157
sr:172016	Wheat flour, white (industrial), 9% protein, bleached, enriched	usda	367	8.89	77.32	1.43	
sr:172017	Wheat flour, white (industrial), 9% protein, bleached, unenriched	usda	367	8.89	77.32	1.43	
sr:172018	Wheat flour, white (industrial), 10% protein, bleached, enriched	usda	366	9.71	76.22	1.48	
sr:172019	Wheat flour, white (industrial), 10% protein, bleached, unenriched	usda	366	9.71	76.22	1.48	
sr:172020	Wheat flour, white (industrial), 13% protein, bleached, unenriched	usda	362	13.07	72.2	1.38	
sr:172021	Wheat flour, white (industrial), 15% protein, bleached, enriched	usda	362	15.33	69.88	1.41	
sr:172022	Wheat flour, white (industrial), 15% protein, bleached, unenriched	usda	362	15.33	69.88	1.41	
sr:172023	Millet flour	usda	382	10.75	75.12	4.25	1 cup:119
sr:172024	Pasta, whole grain, 51% whole wheat, remaining enriched semolina, cooked (Includes foods for USDA's Food Distribution Program)	usda	156	5.67	30.87	1.48	1 cup spaghetti not packed:116|1 cup spaghetti packed:151|1 cup elbows:117|1 cup farfalle:107|1 cup penne:97|1 cup shells:105
sr:172025	Pasta, whole grain, 51% whole wheat, remaining enriched semolina, dry (Includes foods for USDA's Food Distribution Program)	usda	361	13.2	73.3	2.55	1 cup spaghetti:91|1 cup elbows:122|1 cup penne:95|1 cup farfalle:81|1 cup rotini:96|1 cup shells:64
sr:172026	Pasta, gluten-free, brown rice flour, cooked, TINKYADA	usda	138	3.46	32.2	1.67	1 cup spaghetti not packed:169|1 cup penne not packed:131|1 cup fettucini not packed:153|1 cup spirals not packed:136|1 cup elbows not packed:131|1 cup shells not packed:156
sr:172027	Pasta, gluten-free, corn flour and quinoa flour, cooked, ANCIENT HARVEST	usda	152	3.23	31.11	2.07	1 cup spaghetti packed:166|1 cup(not packed) not packed:132|1 cup elbows not packed not packed:111
sr:172028	Fast Foods, biscuit, with egg and sausage	usda	312	11.13	21.05	20.77	1 item:162
sr:172029	Fast foods, biscuit, with egg, cheese, and bacon	usda	301	12.01	24.44	17.48	1 item:145
sr:172030	Fast foods, biscuit, with ham	usda	342	11.85	38.75	16.3	1 biscuit:162
sr:172031	Fast foods, biscuit, with sausage	usda	371	9.67	29.99	24.42	1 item:111
sr:172032	Fast foods, english muffin, with cheese and sausage	usda	338	13.28	25.28	20.67	1 item:108
sr:172033	Fast foods, english muffin, with egg, cheese, and canadian bacon	usda	228	13.64	21.67	9.66	1 sandwich:126
sr:172034	Fast foods, english muffin, with egg, cheese, and sausage	usda	286	13.38	17.44	18.1	1 item:165
sr:172035	Fast foods, french toast sticks	usda	340	6	41.21	17.74	3 pieces:65|5 pieces:109
sr:172036	Fast foods, sundae, strawberry	usda	175	4.09	29.18	5.13	1 sundae:153
sr:172037	Fast foods, shrimp, breaded and fried	usda	308	7.84	27.99	18.9	3 pieces shrimp:39
sr:172038	Fast foods, burrito, with beans	usda	206	6.48	32.92	6.22	2 pieces:217
sr:172039	Fast foods, burrito, with beans and cheese	usda	205	7.35	31.23	6.05	1 each burrito:185
sr:172040	PIZZA HUT 12" Cheese Pizza, Hand-Tossed Crust	usda	271	11.93	31.22	10.89	1 slice:96|1 pizza:738
sr:172041	PIZZA HUT 12" Cheese Pizza, Pan Crust	usda	280	11.73	29.93	12.56	1 slice:100|1 pizza:728
sr:172042	PIZZA HUT 12" Cheese Pizza, THIN 'N CRISPY Crust	usda	303	15.29	28.64	14.1	1 slice:69|1 pizza:573
sr:172043	DOMINO'S 14" Cheese Pizza, Crunchy Thin Crust	usda	298	12.33	28.18	15.1	1 slice:70|1 pizza:540
sr:172044	DOMINO'S 14" Pepperoni Pizza, Classic Hand-Tossed Crust	usda	273	11.25	31.86	11.18	1 slice:113|1 pizza:907
sr:172045	DOMINO'S 14" Pepperoni Pizza, Ultimate Deep Dish Crust	usda	283	11.52	31.89	12.1	1 slice:123|1 pizza:984
sr:172046	DOMINO'S 14" EXTRAVAGANZZA FEAST Pizza, Classic Hand-Tossed Crust	usda	244	10.33	25.72	11.1	1 slice:151|1 pizza:1224
sr:172047	LITTLE CAESARS 14" Original Round Cheese Pizza, Regular Crust	usda	265	13.39	31.5	9.54	1 slice:89|1 pie:758
sr:172048	LITTLE CAESARS 14" Original Round Pepperoni Pizza, Regular Crust	usda	273	13.59	31.01	10.5	1 slice:90|1 pie:852
sr:172049	LITTLE CAESARS 14" Original Round Meat and Vegetable Pizza, Regular Crust	usda	243	12.12	23.1	11.35	1 slice:115|1 pie:1043
sr:172050	LITTLE CAESARS 14" Cheese Pizza, Large Deep Dish Crust	usda	263	12.63	30.1	10.22	1 slice:102|1 pie:919
sr:172051	PIZZA HUT 14" Cheese Pizza, THIN 'N CRISPY Crust	usda	306	13.37	34.22	12.8	1 slice:79|1 pizza:641
sr:172052	PIZZA HUT 14" Pepperoni Pizza, Hand-Tossed Crust	usda	291	12.23	32.11	12.63	1 slice:110|1 pizza:883
sr:172053	PIZZA HUT 14" Pepperoni Pizza, Pan Crust	usda	291	11.47	31.79	13.07	1 slice:113|1 pizza:909
sr:172054	PIZZA HUT 14" Super Supreme Pizza, Hand-Tossed Crust	usda	248	11.34	26.01	10.95	1 slice:123|1 pizza:1313
sr:172055	Fast Food, Pizza Chain, 14" pizza, meat and vegetable topping, regular crust	usda	244	11.02	25.38	10.9	1 slice:136|1 pie:1168
sr:172056	Fast foods, griddle cake sandwich, egg, cheese, and sausage	usda	291	10.77	22.04	17.73	1 item:199
sr:172057	Fast foods, griddle cake sandwich, sausage	usda	318	8.41	31.25	17.76	1 item:135
sr:172058	Fast foods, griddle cake sandwich, egg, cheese, and bacon	usda	272	12.03	26.19	13.19	1 item 6.1 oz:174
sr:172059	McDONALD'S, Sausage McGRIDDLES	usda	312	8.41	31.25	17.76	1 item:135
sr:172060	McDONALD'S, Sausage, Egg & Cheese McGRIDDLES	usda	283	10.77	22.04	17.73	1 item 7 oz:199
sr:172061	McDONALD'S, Vanilla Reduced Fat Ice Cream Cone	usda	162	4.24	26.36	4.86	1 item (3.2 oz):90
sr:172062	McDONALD'S, Strawberry Sundae	usda	158	3.19	28.09	3.95	1 item (6.3 oz):178
sr:172063	McDONALD'S, Sausage Burrito	usda	277	11.1	22.97	15.63	1 burrito:109
sr:172064	McDONALD'S, BIG BREAKFAST	usda	285	10.16	17.5	19.37	1 item 9.5 oz:269
sr:172065	McDONALD'S, Double Cheeseburger	usda	282	15.5	18.79	16.09	1 sandwich:155
sr:172066	McDONALD'S, DOUBLE QUARTER POUNDER with Cheese	usda	262	16.96	14.43	16.22	1 item:280
sr:172067	McDONALD'S, BIG MAC (without Big Mac Sauce)	usda	234	12.79	21.01	11.57	1 item:200
sr:172068	McDONALD'S, Sausage McMUFFIN with Egg	usda	274	12.59	17.28	17.83	1 item 5.8 oz:165
sr:172069	McDONALD'S, Bacon Egg & Cheese Biscuit	usda	304	13.45	22.26	18.77	1 item 4.9 oz:142
sr:172070	McDONALD'S, Sausage Biscuit	usda	376	9.62	27.2	25.4	1 item 4.1 oz:117
sr:172071	McDONALD'S, Sausage Biscuit with Egg	usda	311	11.27	19.28	22.26	1 item 5.7 oz:163
sr:172072	McDONALD'S Bacon Ranch Salad with Crispy Chicken	usda	122	8.82	6.08	6.3	1 item 11.3 oz:319
sr:172073	McDONALD'S, Bacon Ranch Salad without chicken	usda	61	4.14	4.2	3.64	1 item 7.8 oz:223
sr:172074	McDONALD'S, Side Salad	usda	20	1.03	4.3	0.19	1 item 3.1 oz:87
sr:172075	McDONALD'S, Fruit 'n Yogurt Parfait	usda	105	2.73	20.72	1.3	1 item 5.2 oz:149
sr:172076	BURGER KING, CROISSAN'WICH with Egg and Cheese	usda	283	10.35	24.79	15.78	1 item:110
sr:172077	BURGER KING, french toast sticks	usda	349	6	41.21	17.74	1 stick:21|1 serving 5 sticks:107
sr:172078	BURGER KING, Hash Brown Rounds	usda	302	2.8	29.37	19.3	1 piece:5.6|1 serving:160
sr:172079	Fast foods, miniature cinnamon rolls	usda	403	7.02	53.38	17.95	1 each:25
sr:172080	Fast foods, hamburger; double, large patty; with condiments, vegetables and mayonnaise	usda	252	13.94	13.74	15.66	1 item:374
sr:172081	Fast foods, cheeseburger; single, large patty; with condiments, vegetables and mayonnaise	usda	268	13.69	17.73	15.8	1 sandwich:215
sr:172082	Fast foods, cheeseburger; single, large patty; with condiments	usda	269	15.21	19.72	14.4	1 item:199
sr:172083	Fast Foods, cheeseburger; double, large patty; with condiments, vegetables and mayonnaise	usda	253	15.5	12.62	15.63	1 item:355
sr:172084	Fast foods, cheeseburger; double, regular patty; double decker bun with condiments and special sauce	usda	261	11.94	21.53	14.1	1 item:219
sr:172085	Light Ice Cream, soft serve, blended with cookie pieces	usda	169	3.97	25.55	5.66	12 fl oz cup:337
sr:172086	POPEYES, biscuit	usda	401	6	40.95	23.71	1 biscuit:60
sr:172087	POPEYES, Coleslaw	usda	161	0.98	14.12	11.18	1 package:120|1 cup:190
sr:172088	POPEYES, Mild Chicken Strips, analyzed 2006	usda	271	19.2	19.31	13.01	1 strip:54
sr:172089	Spaghetti with meat sauce, frozen entree	usda	90	5.05	15.24	1.01	1 serving:283|1 oz:28.4
sr:172090	Beef macaroni with tomato sauce, frozen entree, reduced fat	usda	113	5.89	17.99	1.96	1 serving:269|1 oz:28.4
sr:172091	Pasta with Sliced Franks in Tomato Sauce, canned entree	usda	90	4.37	12.7	2.38	1 serving (1 cup):252
sr:172092	Turkey Pot Pie, frozen entree	usda	176	6.5	17.7	8.8	1 package yields:397|1 serving:397
sr:172093	Beef Pot Pie, frozen entree, prepared	usda	220	7.25	22.05	11.39	1 pie, cooked (average weight):268
sr:172094	Tortellini, pasta with cheese filling, fresh-refrigerated, as purchased	usda	307	13.5	47	7.23	0.75 cup:81
sr:172095	Pizza, meat topping, thick crust, frozen, cooked	usda	274	11.76	30.76	11.52	1 slice 1/8 of 12" pizza:103|1 slice 1/8 of 14" pizza:127
sr:172096	Pizza, pepperoni topping, regular crust, frozen, cooked	usda	274	14.38	24.69	13.13	0.25 pizza 12" diameter:127|1 pizza 12" diameter:532
sr:172097	Chili con carne with beans, canned entree	usda	107	5.8	13.1	3.47	1 cup:242
sr:172098	Chili, no beans, canned entree	usda	118	7.53	6.1	7.1	1 cup:240
sr:172099	Spaghetti, with meatballs in tomato sauce, canned	usda	100	4.37	11.45	4.11	1 cup:246|1 can:411
sr:172100	Pasta with tomato sauce, no meat, canned	usda	71	2.22	13.94	0.71	1 serving (1 NLEA serving):252|1 cup:238
sr:172101	Lasagna with meat & sauce, low-fat, frozen entree	usda	101	6.81	13.5	2.23	1 package:309|1 oz:28.4
sr:172102	Burrito, beef and bean, microwaved	usda	298	8.73	38.95	11.94	1 burrito cooked:116|1 oz:28.4
sr:172103	Egg rolls, pork, refrigerated, heated	usda	227	9.94	28.49	8.18	1 roll:85|1 oz:28.4
sr:172104	Egg rolls, chicken, refrigerated, heated	usda	197	10.44	28.54	4.51	1 roll:80|1 oz:28.4
sr:172105	Egg rolls, vegetable, frozen, prepared	usda	214	5.95	31.77	6.97	1 egg roll:68|1 oz:28.4
sr:172106	Lasagna, Vegetable, frozen, baked	usda	139	6.87	14.18	6.04	1 serving:227|1 cup:226|1 oz:28.4
sr:172107	HOT POCKETS, meatballs & mozzarella stuffed sandwich, frozen	usda	252	9.32	30.68	10.23	1 hot pocket (1 NLEA serving):127
sr:172108	LEAN POCKETS, Ham N Cheddar	usda	230	10.28	32.52	6.53	1 hot pocket (1 NLEA serving):127|1 each (analytical measurement):129
sr:172109	Lean Pockets, Meatballs & Mozzarella	usda	240	10.49	32.28	7.7	1 each:128
sr:172110	Chili with beans, microwavable bowls	usda	100	5.85	10.88	3.68	1 cup:244|1 container:422
sr:172111	Chicken, nuggets, dark and white meat, precooked, frozen, not reheated	usda	268	12.02	16.09	17.31	1 serving:87|1 piece:18
sr:172112	Chicken, nuggets, white meat, precooked, frozen, not reheated	usda	261	14.36	16.24	15.42	1 serving:82|1 piece:20
sr:172113	Ravioli, cheese with tomato sauce, frozen, not prepared, includes regular and light entrees	usda	111	4.52	17.31	2.61	1 cup:159
sr:172114	Lasagna with meat sauce, frozen, prepared	usda	135	7.28	15.36	4.92	1 piece side:123|1 piece corner:114|1 piece center:255
sr:172115	Beef, short loin, porterhouse steak, separable lean and fat, trimmed to 1/8" fat, all grades, cooked, grilled	usda	276	25.4	0	18.57	3 oz:85|1 steak:421
sr:172116	Beef, short loin, porterhouse steak, separable lean and fat, trimmed to 1/8" fat, select, raw	usda	208	20.69	0	13.27	4 oz:113|1 steak:526
sr:172117	Beef, short loin, porterhouse steak, separable lean and fat, trimmed to 1/8" fat, select, cooked, grilled	usda	263	26.21	0	16.75	3 oz:85|1 steak:426
sr:172118	Beef, short loin, t-bone steak, separable lean and fat, trimmed to 1/8" fat, all grades, raw	usda	223	20.11	0	15.18	4 oz:113|1 steak:460
sr:172119	Beef, round, knuckle, tip side, steak, separable lean and fat, trimmed to 0" fat, choice, cooked, grilled	usda	174	28.79	0	5.71	3 oz:85|1 steak:141
sr:172120	Beef, round, knuckle, tip side, steak, separable lean and fat , trimmed to 0" fat, select, raw	usda	123	21.96	0	3.24	4 oz:113|1 steak:200
sr:172121	Beef, round, knuckle, tip side, steak, separable lean and fat, trimmed to 0" fat, select, cooked, grilled	usda	160	29.24	0	3.91	3 oz:85|1 steak:174
sr:172122	Beef, chuck, shoulder clod, shoulder tender, medallion, separable lean and fat, trimmed to 0" fat, choice, raw	usda	145	20.51	0	6.36	4 oz:113|1 medallion:40
sr:172123	Beef, chuck, shoulder clod, shoulder top and center steaks, separable lean and fat, trimmed to 0" fat, select, raw	usda	140	21.13	0	5.51	4 oz:113|1 steak:233
sr:172124	Beef, chuck, shoulder clod, shoulder top and center steaks, separable lean and fat, trimmed to 0" fat, select, cooked, grilled	usda	176	26.66	0	6.94	3 oz:85|1 steak:179
sr:172125	Beef, chuck, shoulder clod, top blade, steak, separable lean and fat, trimmed to 0" fat, choice, raw	usda	182	18.75	0	11.33	4 oz:113|1 steak:254
sr:172126	Beef, chuck, shoulder clod, top blade, steak, separable lean and fat, trimmed to 0" fat, choice, cooked, grilled	usda	228	24.7	0	13.59	3 oz:85|1 steak:193
sr:172127	Beef, round, knuckle, tip center, steak, separable lean and fat, trimmed to 0" fat, select, cooked, grilled	usda	162	26.61	0	5.32	3 oz:85|1 steak:160
sr:172128	Beef, round, outside round, bottom round, steak, separable lean and fat, trimmed to 0" fat, choice, raw	usda	150	21.24	0	6.59	4 oz:113|1 steak:293
sr:172129	Beef, round, outside round, bottom round, steak, separable lean and fat, trimmed to 0" fat, choice, cooked, grilled	usda	191	27.22	0	8.3	3 oz:85|1 steak:225
sr:172130	Beef, round, outside round, bottom round, steak, separable lean and fat, trimmed to 0" fat, select, raw	usda	129	22.15	0	3.83	4 oz:113|1 steak:324
sr:172131	Beef, round, knuckle, tip side, steak, separable lean and fat, trimmed to 0" fat, all grades, cooked, grilled	usda	168	29.08	0	4.84	3 oz:85|1 steak:168
sr:172132	Beef, chuck, shoulder clod, shoulder top and center steaks, separable lean and fat, trimmed to 0" fat, all grades, raw	usda	141	20.67	0	5.88	4 oz:113|1 steak:241
sr:172133	Beef, chuck, shoulder clod, shoulder top and center steaks, separable lean and fat, trimmed to 0" fat, all grades, cooked, grilled	usda	182	26.3	0.12	7.66	3 oz:85|1 steak:184
sr:172134	Beef, chuck, shoulder clod, top blade, steak, separable lean and fat, trimmed to 0" fat, all grades, raw	usda	176	18.99	0	10.52	4 oz:113|1 steak:250
sr:172135	Beef, round, outside round, bottom round, steak, separable lean and fat, trimmed to 0" fat, all grades, cooked, grilled	usda	182	27.52	0	7.1	3 oz:85|1 steak:236
sr:172136	Beef, chuck, shoulder clod, shoulder tender, medallion, separable lean and fat, trimmed to 0" fat, select, cooked, grilled	usda	172	26.45	0.33	6.43	3 oz:85|1 medallion:34
sr:172137	Beef, plate steak, boneless, inside skirt, separable lean only, trimmed to 0" fat, choice, raw	usda	171	20.89	0	9.76	4 oz:113|1 steak:388
sr:172138	Beef, plate steak, boneless, inside skirt, separable lean only, trimmed to 0" fat, select, cooked, grilled	usda	223	30.64	0	11.16	3 oz:85|1 steak:250
sr:172139	Beef, plate steak, boneless, inside skirt, separable lean only, trimmed to 0" fat, select, raw	usda	153	21.61	0	7.41	4 oz:113|1 steak:373
sr:172140	Beef, plate steak, boneless, outside skirt, separable lean only, trimmed to 0" fat, all grades, cooked, grilled	usda	282	27.68	0	19.01	3 oz:85|1 steak:174
sr:172141	Beef, plate steak, boneless, outside skirt, separable lean only, trimmed to 0" fat, select, raw	usda	198	19.14	0.23	13.44	4 oz:113|1 steak:264
sr:172142	Beef, rib eye steak, boneless, lip off, separable lean only, trimmed to 0" fat, all grades, cooked, grilled	usda	206	28.11	0	10.37	3 oz:85
sr:172143	Beef, rib eye steak, boneless, lip off, separable lean only, trimmed to 0" fat, all grades, raw	usda	154	21.85	0	7.41	4 oz:113
sr:172144	Beef, rib eye steak, boneless, lip off, separable lean only, trimmed to 0" fat, choice, cooked, grilled	usda	215	27.39	0	11.75	3 oz:85|1 steak:242
sr:172145	Beef, rib, back ribs, bone-in, separable lean only, trimmed to 0" fat, all grades, raw	usda	239	19.11	0.46	17.91	4 oz:113|1 ribs:1587
sr:172146	Beef, rib, back ribs, bone-in, separable lean only, trimmed to 0" fat, choice, cooked, braised	usda	306	27.75	0	21.72	3 oz:85|1 ribs:1197
sr:172147	Beef, rib, back ribs, bone-in, separable lean only, trimmed to 0" fat, choice, raw	usda	252	18.72	0.64	19.36	4 oz:113|1 ribs:1604
sr:172148	Beef, rib, back ribs, bone-in, separable lean only, trimmed to 0" fat, select, cooked, braised	usda	287	29.28	0	18.84	3 oz:85|1 ribs:1102
sr:172149	Beef, rib eye roast, bone-in, lip-on, separable lean and fat, trimmed to 1/8" fat, select, cooked, roasted	usda	290	23.36	0	21.85	3 oz:85|1 roast:2259
sr:172150	Beef, rib eye roast, bone-in, lip-on, separable lean and fat, trimmed to 1/8" fat, all grades, cooked, roasted	usda	300	23.47	0	22.91	3 oz:85|1 roast:2130
sr:172151	Beef, rib eye steak/roast, bone-in, lip-on, separable lean and fat, trimmed to 1/8" fat, all grades, raw	usda	255	18.13	0	20.31	4 oz:113|1 steak:462|1 roast:2627
sr:172152	Beef, rib eye steak/roast, bone-in, lip-on, separable lean and fat, trimmed to 1/8" fat, choice, raw	usda	260	17.92	0	20.96	4 oz:113|1 steak:456|1 roast:2674
sr:172153	Beef, rib eye roast, boneless, lip-on, separable lean and fat, trimmed to 1/8" fat, all grades, cooked, roasted	usda	292	24.3	0	21.66	3 oz:85|1 roast:1601
sr:172154	Beef, rib eye roast, boneless, lip-on, separable lean and fat, trimmed to 1/8" fat, choice, cooked, roasted	usda	303	23.92	0	22.98	3 oz:85|1 roast:1555
sr:172155	Beef, rib eye roast, boneless, lip-on, separable lean and fat, trimmed to 1/8" fat, select, cooked, roasted	usda	277	24.85	0	19.68	3 oz:85|1 roast:1669
sr:172156	Beef, rib eye steak/roast, boneless, lip-on, separable lean and fat, trimmed to 1/8" fat, all grades, raw	usda	244	18.85	0	18.73	4 oz:113|1 steak:361|1 roast:2155
sr:172157	Beef, plate steak, boneless, inside skirt, separable lean and fat, trimmed to 0" fat, select, cooked, grilled	usda	233	30.06	0	12.54	3 oz:85|1 steak:250
sr:172158	Beef, plate steak, boneless, inside skirt, separable lean and fat, trimmed to 0" fat, all grades, raw	usda	187	20.38	0	11.71	4 oz:113|1 steak:382
sr:172159	Beef, plate steak, boneless, inside skirt, separable lean and fat, trimmed to 0" fat, choice, raw	usda	195	20.06	0	12.78	4 oz:113|1 steak:388
sr:172160	Beef, plate steak, boneless, inside skirt, separable lean and fat, trimmed to 0" fat, select, raw	usda	174	20.87	0	10.11	4 oz:113|1 steak:373
sr:172161	Beef, ground, unspecified fat content, cooked	usda	240	25.07	0.62	14.53	3 oz:85
sr:172162	Beef, plate steak, boneless, outside skirt, separable lean and fat, trimmed to 0" fat, choice, raw	usda	238	17.69	0.35	18.44	4 oz:113|1 steak:268
sr:172163	Beef, plate steak, boneless, outside skirt, separable lean and fat, trimmed to 0" fat, select, raw	usda	222	18.43	0.36	16.31	4 oz:113|1 steak:264
sr:172164	Beef, rib eye steak, boneless, lip off, separable lean and fat, trimmed to 0" fat, all grades, cooked, grilled	usda	271	24.85	0	19.02	3 oz:85|1 steak:251
sr:172165	Beef, rib eye steak, boneless, lip off, separable lean and fat, trimmed to 0" fat, choice, cooked, grilled	usda	285	23.89	0	21.1	3 oz:85|1 steak:242
sr:172166	Beef, rib, back ribs, bone-in, separable lean and fat, trimmed to 0" fat, all grades, cooked, braised	usda	360	24.23	0	29.21	3 oz:85|1 ribs:1159
sr:172167	Beef, rib, back ribs, bone-in, separable lean and fat, trimmed to 0" fat, choice, cooked, braised	usda	372	23.34	0	30.95	3 oz:85|1 ribs:1197
sr:172168	Beef, rib, back ribs, bone-in, separable lean and fat, trimmed to 0" fat, select, cooked, braised	usda	341	25.56	0	26.59	3 oz:85|1 ribs:1102
sr:172169	Beef, rib, back ribs, bone-in, separable lean and fat, trimmed to 0" fat, all grades, raw	usda	324	16.15	0.78	28.42	4 oz:113|1 ribs:1587
sr:172170	Beef, loin, top sirloin cap steak, boneless, separable lean only, trimmed to 1/8" fat, all grades, cooked, grilled	usda	181	28.26	0.73	7.23	3 oz:85|1 steak:161
sr:172171	Beef, loin, top sirloin cap steak, boneless, separable lean only, trimmed to 1/8" fat, choice, cooked, grilled	usda	189	28.19	1.07	7.96	3 oz:85|1 steak:165
sr:172172	Beef, loin, top sirloin cap steak, boneless, separable lean only, trimmed to 1/8" fat, select, cooked, grilled	usda	170	28.36	0.22	6.14	3 oz:85|1 steak:156
sr:172173	Beef, loin, top sirloin cap steak, boneless, separable lean only, trimmed to 1/8" fat, all grades, raw	usda	134	21.38	0	5.36	4 oz:113|1 steak:223
sr:172174	Beef, loin, top sirloin cap steak, boneless, separable lean only, trimmed to 1/8" fat, choice, raw	usda	138	21.34	0	5.82	4 oz:113|1 steak:238
sr:172175	Cheese, blue	usda	353	21.4	2.34	28.74	1 oz:28.4|1 cubic inch:17|1 cup, crumbled, not packed:135
sr:172176	Cheese, brick	usda	371	23.24	2.79	29.68	1 cup, diced:132|1 cup, shredded:113|1 oz:28.4|1 cubic inch:17|1 slice (1 oz):28
sr:172177	Cheese, brie	usda	334	20.75	0.45	27.68	1 oz:28.4|1 cup, sliced:144|1 cup, melted:240|1 cubic inch:17|1 package (4.5 oz):128
sr:172178	Cheese, camembert	usda	300	19.8	0.46	24.26	1 oz:28.4|1 cup:246|1 cubic inch:17|1 wedge (1.33 oz):38
sr:172179	Cheese, cottage, creamed, large or small curd	usda	98	11.12	3.38	4.3	4 oz:113|1 cup, large curd (not packed):210|1 cup, small curd (not packed):225
sr:172180	Cheese, cottage, creamed, with fruit	usda	97	10.69	4.61	3.85	4 oz:113|1 cup (not packed):226
sr:172181	Cheese, cottage, nonfat, uncreamed, dry, large or small curd	usda	72	10.34	6.66	0.29	1 cup (not packed):145|4 oz:113
sr:172183	Egg, white, raw, fresh	usda	52	10.9	0.73	0.17	1 large:33|1 cup:243
sr:172184	Egg, yolk, raw, fresh	usda	322	15.86	3.59	26.54	1 large:17|1 cup:243
sr:172185	Egg, whole, cooked, omelet	usda	154	10.57	0.64	11.66	1 tbsp:15|1 large:61
sr:172186	Egg, whole, cooked, poached	usda	143	12.51	0.71	9.47	1 large:50
sr:172187	Egg, whole, cooked, scrambled	usda	149	9.99	1.61	10.98	1 large:61|1 tbsp:13.7|1 cup:220
sr:172189	Egg, duck, whole, fresh, raw	usda	185	12.81	1.45	13.77	1 egg:70
sr:172190	Egg, goose, whole, fresh, raw	usda	185	13.87	1.35	13.27	1 egg:144
sr:172191	Egg, quail, whole, fresh, raw	usda	158	13.05	0.41	11.09	1 egg:9
sr:172192	Egg, turkey, whole, fresh, raw	usda	171	13.68	1.15	11.88	1 egg:79
sr:172193	Milk, reduced fat, fluid, 2% milkfat, with added nonfat milk solids, without added vitamin A	usda	56	3.95	5.49	1.98	1 cup:245|1 quart:980
sr:172194	Milk, canned, evaporated, with added vitamin A	usda	134	6.81	10.04	7.56	1 fl oz:31.5|0.5 cup:126
sr:172195	Milk, dry, nonfat, regular, with added vitamin A and vitamin D	usda	362	36.16	51.98	0.77	0.25 cup:30|1 cup:120
sr:172196	Milk, dry, nonfat, instant, without added vitamin A and vitamin D	usda	358	35.1	52.19	0.72	1 cup:68|1 envelope (1-1/3 cup):91
sr:172197	Cheese, goat, hard type	usda	452	30.52	2.17	35.59	1 oz:28.4
sr:172198	Cheese substitute, mozzarella	usda	248	11.47	23.67	12.22	1 cup, shredded:113|1 oz:28.4|1 cubic inch:18|1 slice:28|3 oz:85
sr:172199	Yogurt, Greek, 2% fat, mango, CHOBANI	usda	93	7.64	11.84	1.69	
sr:172200	Cheese sauce, prepared from recipe	usda	197	10.33	5.48	14.92	2 tbsp:30|1 cup:243
sr:172201	Cheese, mexican, queso anejo	usda	373	21.44	4.63	29.98	1 cup, crumbled:132|1 oz:28.4
sr:172202	Egg, whole, raw, frozen, pasteurized (Includes foods for USDA's Food Distribution Program)	usda	147	12.33	1.01	9.95	1 oz:28
sr:172205	Milk, reduced fat, fluid, 2% milkfat, without added vitamin A and vitamin D	usda	50	3.3	4.8	1.98	1 cup:246|1 quart:984
sr:172206	Parmesan cheese topping, fat free	usda	370	40	40	5	1 tablespoon:5
sr:172207	Cheese, cream, fat free	usda	105	15.69	7.66	1	1 tbsp:18
sr:172208	Yogurt, chocolate, nonfat milk	usda	112	3.53	23.53	0	1 container (6 oz):170
sr:172209	KRAFT CHEEZ WHIZ Pasteurized Process Cheese Sauce	usda	276	12	9.2	21	2 tbsp:33
sr:172210	KRAFT BREAKSTONE'S Reduced Fat Sour Cream	usda	152	4.5	6.5	12	2 tbsp:31
sr:172211	KRAFT BREAKSTONE'S FREE Fat Free Sour Cream	usda	91	4.7	15.1	1.3	2 tbsp:32
sr:172212	Cream, half and half, fat free	usda	59	2.6	9	1.4	2 tbsp:29|1 pint:484
sr:172213	Reddi Wip Fat Free Whipped Topping	usda	149	3	25	5	1 tablespoon:4|1 cup:75
sr:172214	Cream substitute, flavored, powdered	usda	482	0.68	75.42	21.47	4 tsp:12
sr:172215	Cheese, provolone, reduced fat	usda	274	24.7	3.5	17.6	1 cup, diced:132|1 oz:28.4|1 cup, shredded:113|1 cubic inch:14.3|1 slice (1 oz):28|1 package (6 oz):170
sr:172216	Cheese, Mexican, blend, reduced fat	usda	282	24.69	3.41	19.4	1 oz:28.4|0.25 cup:28
sr:172217	Milk, whole, 3.25% milkfat, without added vitamin A and vitamin D	usda	61	3.15	4.78	3.27	1 cup:244|1 tbsp:15|1 fl oz:30.5|1 quart:976
sr:172218	Yogurt, fruit, lowfat, with low calorie sweetener, fortified with vitamin D	usda	105	4.86	18.6	1.41	1 container (6 oz):170|1 cup (8 fl oz):245|1 container (8 oz):227
sr:172219	Yogurt, vanilla, low fat, fortified with vitamin D	usda	85	4.93	13.8	1.25	1 container (6 oz):170|1 container (8 oz):227|0.5 container (4 oz):113|1 cup (8 fl oz):245
sr:172220	Yogurt, vanilla or lemon flavor, nonfat milk, sweetened with low-calorie sweetener, fortified with vitamin D	usda	43	3.86	7.5	0.18	1 container (6 oz):170
sr:172221	Yogurt, chocolate, nonfat milk, fortified with vitamin D	usda	112	3.53	23.53	0	1 container (6 oz):170
sr:172223	Cheese, fresh, queso fresco	usda	299	18.09	2.98	23.82	1 cup, crumbled:122
sr:172224	Cheese, white, queso blanco	usda	310	20.38	2.53	24.31	1 cup, crumbled:118
sr:172225	Milk, buttermilk, fluid, whole	usda	62	3.21	4.88	3.31	1 cup:245
sr:172226	Ice cream sandwich	usda	237	4.29	37.14	8.57	1 serving:70
sr:172227	Ice cream cookie sandwich	usda	240	3.7	39.6	7.4	1 serving:82
sr:172228	Ice cream cone, chocolate covered, with nuts, flavors other than chocolate	usda	354	5.21	34.38	21.88	1 unit:96
sr:172229	Ice cream sandwich, made with light ice cream, vanilla	usda	186	4.29	39.64	3.04	1 serving:70
sr:172230	Ice cream sandwich, vanilla, light, no sugar added	usda	200	5.71	42.86	2.86	1 serving:70
sr:172231	Spices, turmeric, ground	usda	312	9.68	67.14	3.25	1 tsp:3|1 tbsp:9.4
sr:172232	Basil, fresh	usda	23	3.15	2.65	0.64	5 leaves:2.5|2 tbsp, chopped:5.3|0.25 cup leaves, whole:6
sr:172233	Dill weed, fresh	usda	43	3.46	7.02	1.12	5 sprigs:1|1 cup sprigs:8.9
sr:172235	Vanilla extract, imitation, alcohol	usda	237	0.05	2.41	0	1 tsp:4.2|1 tbsp:13
sr:172236	Vanilla extract, imitation, no alcohol	usda	56	0.03	14.4	0	1 tsp:4.2|1 tbsp:13
sr:172237	Vinegar, distilled	usda	18	0	0.04	0	1 tbsp:14.9|1 cup:238|1 tsp:5
sr:172238	Capers, canned	usda	23	2.36	4.89	0.86	1 tbsp, drained:8.6
sr:172239	Spearmint, dried	usda	285	19.93	52.04	6.03	1 tsp:0.5|1 tbsp:1.6
sr:172240	Vinegar, red wine	usda	19	0.04	0.27	0	1 tbsp:14.9|1 cup:239|1 tsp:5
sr:172241	Vinegar, balsamic	usda	88	0.49	17.03	0	1 tbsp:16|1 cup:255|1 tsp:5.3
sr:172243	Seasoning mix, dry, taco, original	usda	322	4.5	58	0	2 tsp:5.7
sr:172327	Shortening, household, lard and vegetable oil	usda	900	0	0	100	1 tablespoon:12.8|1 cup:205
sr:172328	Oil, sunflower, linoleic, (partially hydrogenated)	usda	884	0	0	100	1 tbsp:13.6|1 cup:218|1 tsp:4.5
sr:172329	Shortening bread, soybean (hydrogenated) and cottonseed	usda	884	0	0	100	1 tablespoon:12.8|1 cup:205
sr:172330	Shortening cake mix, soybean (hydrogenated) and cottonseed (hydrogenated)	usda	884	0	0	100	1 tbsp:12.8|1 cup:205
sr:172331	Shortening frying (heavy duty), palm (hydrogenated)	usda	884	0	0	100	1 tbsp:12.8|1 cup:205
sr:172332	Shortening household soybean (hydrogenated) and palm	usda	884	0	0	100	1 tbsp:12.8|1 cup:205
sr:172333	Shortening frying (heavy duty), soybean (hydrogenated), linoleic (less than 1%)	usda	884	0	0	100	1 tbsp:12.8|1 cup:205
sr:172334	Shortening, confectionery, fractionated palm	usda	884	0	0	100	1 tbsp:13.6|1 cup:218
sr:172335	Oil, nutmeg butter	usda	884	0	0	100	1 tbsp:13.6|1 cup:218|1 tsp:4.5
sr:172336	Oil, canola	usda	884	0	0	100	1 tbsp:14|1 cup:218|1 tsp:4.5
sr:172337	Oil, mustard	usda	884	0	0	100	1 tbsp:14|1 cup:218|1 tsp:4.5
sr:172338	Oil, sunflower, high oleic (70% and over)	usda	884	0	0	100	1 tbsp:14|1 cup:218|1 tsp:4.5
sr:172339	Margarine-like, margarine-butter blend, soybean oil and butter	usda	727	0.31	0.77	80.32	1 tbsp:14.1|1 cup:227|1 tsp:4.7|1 stick:111
sr:172340	Fish oil, herring	usda	902	0	0	100	1 tbsp:13.6|1 tsp:4.5|1 cup:218
sr:172341	Fish oil, menhaden	usda	902	0	0	100	1 tbsp:13.6|1 tsp:4.5|1 cup:218
sr:172342	Fish oil, menhaden, fully hydrogenated	usda	902	0	0	100	1 tbsp:12.5|1 tsp:4.5|1 cup:205
sr:172343	Fish oil, salmon	usda	902	0	0	100	1 tbsp:13.6|1 tsp:4.5|1 cup:218
sr:172344	Butter, light, stick, without salt	usda	499	3.3	0	55.1	1 tablespoon:14
sr:172345	Animal fat, bacon grease	usda	897	0	0	99.5	1 tsp:4.3
sr:172346	Margarine, regular, 80% fat, composite, stick, with salt	usda	717	0.16	0.7	80.71	1 tbsp:14|1 cup:227|1 tsp:4.7|1 pat (1" sq, 1/3" high):5|1 stick:113
sr:172347	Margarine, regular, 80% fat, composite, tub, with salt	usda	713	0.22	0.75	80.17	1 tbsp:14.2|1 cup:227
sr:172348	Margarine-like, vegetable oil spread, 60% fat, stick, with salt	usda	537	0.12	0.69	60.39	1 tbsp:14.3|1 cup:229|1 tsp:4.8
sr:172349	Margarine, regular, 80% fat, composite, tub, without salt	usda	713	0.22	0.75	80.17	1 tbsp:14.2|1 cup:227
sr:172350	Margarine-like, vegetable oil spread, 60% fat, stick/tub/bottle, without salt	usda	533	0.17	0.86	59.81	1 tbsp:14
sr:172351	Margarine-like, vegetable oil spread, fat free, liquid, with salt	usda	43	1.5	2.5	3	1 tbsp:15
sr:172352	Margarine-like spread with yogurt, 70% fat, stick, with salt	usda	630	0.3	0.5	70	1 tablespoon:14
sr:172353	Margarine-like, vegetable oil spread, fat-free, tub	usda	44	0.1	4.34	3.04	1 tbsp:14.6|1 cup:233
sr:172354	Margarine-like, vegetable oil spread, 20% fat, with salt	usda	175	0	0.4	19.5	1 tbsp:15|1 cup:240
sr:172355	Margarine-like, vegetable oil spread, 20% fat, without salt	usda	175	0	0.4	19.5	1 tbsp:12.8|1 cup:205
sr:172356	Salad dressing, thousand island dressing, fat-free	usda	132	0.55	29.27	1.45	1 tbsp:16|1 cup:256
sr:172357	Oil, industrial, mid-oleic, sunflower	usda	884	0	0	100	1 tablespoon:13.6|1 teaspoon:4.5|1 cup:218
sr:172358	Oil, industrial, canola with antifoaming agent, principal uses salads, woks and light frying	usda	884	0	0	100	1 tablespoon:13.6|1 cup:218
sr:172359	Oil, industrial, canola for salads, woks and light frying	usda	884	0	0	100	1 tablespoon:13.6|1 teaspoon:4.5|1 cup:218
sr:172360	Oil, industrial, canola (partially hydrogenated) oil for deep fat frying	usda	884	0	0	100	1 tablespoon:13.6|1 teaspoon:4.5|1 cup:218
sr:172361	Oil, industrial, soy (partially hydrogenated), multiuse for non-dairy butter flavor	usda	884	0	0	100	1 tbsp:13.6|1 cup:218|1 tsp:4.5
sr:172362	Oil, industrial, soy ( partially hydrogenated), all purpose	usda	884	0	0	100	1 tbsp:13.6|1 cup:218|1 tsp:4.5
sr:172363	Oil, industrial, soy (partially hydrogenated ) and soy (winterized), pourable clear fry	usda	884	0	0	100	1 tbsp:13.6|1 cup:218|1 tsp:4.5
sr:172364	Oil, industrial, soy (partially hydrogenated) and cottonseed, principal use as a tortilla shortening	usda	884	0	0	100	1 tbsp:13.6|1 cup:218|1 tsp:4.5
sr:172365	Oil, industrial, coconut, confection fat, typical basis for ice cream coatings	usda	884	0	0	100	1 tbsp:13.6|1 cup:218|1 tsp:4.5
sr:172366	Oil, industrial, palm kernel (hydrogenated) , used for whipped toppings, non-dairy	usda	884	0	0	100	1 tbsp:13.6|1 cup:218|1 tsp:4.5
sr:172367	Oil, industrial, coconut (hydrogenated), used for whipped toppings and coffee whiteners	usda	880	0	0	99.5	1 tbsp:13.6|1 cup:218|1 tsp:4.5
sr:172368	Oil, industrial, palm and palm kernel, filling fat (non-hydrogenated)	usda	880	0	0	99.5	1 tbsp:13.6|1 cup:218|1 tsp:4.5
sr:172369	Margarine, industrial, soy and partially hydrogenated soy oil, use for baking, sauces and candy	usda	714	0.18	0.71	80	1 tbsp:14|1 cup:227|1 tsp:4.7
sr:172370	Oil, vegetable, soybean, refined	usda	884	0	0	100	1 tablespoon:13.6|1 cup:218|1 teaspoon:4.5
sr:172371	Margarine-like spread, SMART BALANCE Regular Buttery Spread with flax oil	usda	583	0.14	0.14	64.63	1 tablespoon:14
sr:172372	Margarine-like spread, SMART BALANCE Light Buttery Spread	usda	337	0.02	1.98	36.41	1 tbsp:14
sr:172373	Chicken, broilers or fryers, drumstick, meat and skin, raw	usda	161	18.08	0.11	9.2	4 oz:113|1 drumstick with skin:133|1 drumstick:130
sr:172374	Chicken, broilers or fryers, drumstick, meat and skin, cooked, fried, batter	usda	268	21.95	8.28	15.75	1 unit (yield from 1 lb ready-to-cook chicken):43|1 drumstick, bone removed:72
sr:172375	Chicken, broilers or fryers, drumstick, meat only, cooked, fried	usda	195	28.62	0	8.08	1 unit (yield from 1 lb ready-to-cook chicken):25|1 drumstick, bone and skin removed:42
sr:172376	Chicken, broilers or fryers, dark meat, drumstick, meat only, cooked, roasted	usda	155	24.24	0	5.7	3 oz:85|1 drumstick without skin:96|1 drumstick with skin:105
sr:172377	Chicken, broilers or fryers, drumstick, meat only, cooked, stewed	usda	169	27.5	0	5.71	3 oz:85|1 drumstick, bone and skin removed:46|1 cup, chopped or diced:160|1 unit (yield from 1 lb ready-to-cook chicken):28
sr:172378	Chicken, broilers or fryers, leg, meat and skin, raw	usda	214	16.37	0.17	15.95	4 oz:113|1 leg, with skin (Sum of drumstick+thigh+back):344|1 drumstick with skin:111|1 thigh with skin:185|1 back with skin:49
sr:172379	Chicken, broilers or fryers, leg, meat only, cooked, fried	usda	208	28.38	0.65	9.32	1 unit (yield from 1 lb ready-to-cook chicken):56|1 leg, bone and skin removed:94
sr:172380	Chicken, broilers or fryers, leg, meat only, cooked, roasted	usda	174	24.22	0	7.8	3 oz:85|1 leg (Sum of drumstick+thigh+back meat only):199|1 drumstick bone and skin:105|1 thigh bone and skin:72|1 back bone and skin:22
sr:172381	Chicken, broilers or fryers, leg, meat only, cooked, stewed	usda	185	26.26	0	8.06	3 oz:85|1 cup, chopped or diced:160|1 unit (yield from 1 lb ready-to-cook chicken):60|1 leg, bone and skin removed:101
sr:172382	Chicken, broilers or fryers, neck, meat and skin, raw	usda	297	14.07	0	26.24	1 unit (yield from 1 lb ready-to-cook chicken):15|1 neck, bone removed:50
sr:172383	Chicken, broilers or fryers, neck, meat only, cooked, fried	usda	229	26.87	1.77	11.88	1 unit (yield from 1 lb ready-to-cook chicken):7|1 neck, bone and skin removed:22
sr:172384	Chicken, broilers or fryers, neck, meat only, cooked, simmered	usda	179	24.56	0	8.18	3 oz:85|1 unit (yield from 1 lb ready-to-cook chicken):5|1 neck, bone and skin removed:18
sr:172385	Chicken, broilers or fryers, thigh, meat and skin, raw	usda	221	16.52	0.25	16.61	4 oz:113|1 thigh with skin:193
sr:172386	Chicken, broilers or fryers, thigh, meat and skin, cooked, fried, batter	usda	277	21.61	9.08	16.53	1 unit (yield from 1 lb ready-to-cook chicken):52|1 thigh, bone removed:86
sr:172387	Chicken, broilers or fryers, thigh, meat only, cooked, fried	usda	218	28.18	1.18	10.3	3 oz:85|1 unit (yield from 1 lb ready-to-cook chicken):31|1 thigh, bone and skin removed:52
sr:172388	Chicken, broilers or fryers, thigh, meat only, cooked, roasted	usda	179	24.76	0	8.15	3 oz:85|1 thigh without skin:116|1 thigh with skin:137
sr:172389	Chicken, broilers or fryers, thigh, meat only, cooked, stewed	usda	195	25	0	9.79	1 cup, chopped or diced:140|1 unit (yield from 1 lb ready-to-cook chicken):33|1 thigh, bone and skin removed:55
sr:172390	Chicken, broilers or fryers, wing, meat and skin, raw	usda	191	17.52	0	12.85	4 oz:113|1 piece:107|1 package:1150
sr:172391	Chicken, broilers or fryers, wing, meat only, cooked, fried	usda	211	30.15	0	9.15	3 oz:85|1 unit (yield from 1 lb ready-to-cook chicken):12|1 wing, bone and skin removed:20
sr:172392	Chicken, broilers or fryers, wing, meat only, cooked, roasted	usda	203	30.46	0	8.13	1 unit (yield from 1 lb ready-to-cook chicken):13|1 wing, bone and skin removed:21
sr:172393	Chicken, broilers or fryers, wing, meat only, cooked, stewed	usda	181	27.18	0	7.18	3 oz:85|1 cup, chopped or diced:140|1 unit (yield from 1 lb ready-to-cook chicken):14|1 wing, bone and skin removed:24
sr:172394	Chicken, roasting, meat and skin and giblets and neck, raw	usda	213	17.09	0.09	15.46	3 oz:85|1 chicken:1509
sr:172395	Chicken, roasting, meat only, cooked, roasted	usda	167	25.01	0	6.63	1 cup, chopped or diced:140|1 unit (yield from 1 lb ready-to-cook chicken):171
sr:172396	Chicken, roasting, giblets, raw	usda	127	18.14	1.14	5.04	1 unit (yield from 1 lb ready-to-cook chicken):25|1 giblets:113
sr:172397	Chicken, roasting, giblets, cooked, simmered	usda	165	26.77	0.86	5.22	1 cup, chopped or diced:145|1 unit (yield from 1 lb ready-to-cook chicken):15
sr:172398	Chicken, roasting, light meat, meat only, raw	usda	109	22.2	0	1.63	1 unit (yield from 1 lb ready-to-cook chicken):99|0.5 chicken, bone and skin removed:220
sr:172399	Chicken, stewing, meat and skin, and giblets and neck, cooked, stewed	usda	214	24.88	0	11.91	3 oz:85|1 cup, chopped or diced:160|1 unit (yield from 1 lb ready-to-cook chicken):202|1 chicken, bone removed:593
sr:172400	Chicken, stewing, meat and skin, raw	usda	258	17.55	0	20.33	3 oz:85|1 unit (yield from 1 lb ready-to-cook chicken):271|0.5 chicken, bone removed:398
sr:172401	Chicken, stewing, meat and skin, cooked, stewed	usda	285	26.88	0	18.87	3 oz:85|1 unit (yield from 1 lb ready-to-cook chicken):178|0.5 chicken, bone removed:261
sr:172402	Chicken, stewing, meat only, raw	usda	148	21.26	0	6.32	4 oz:113|1 unit (yield from 1 lb ready-to-cook chicken):194|0.5 chicken, bone and skin removed:284
sr:172403	Chicken, stewing, meat only, cooked, stewed	usda	237	30.42	0	11.89	3 oz:85|1 cup, chopped or diced:140|1 unit (yield from 1 lb ready-to-cook chicken):137
sr:172404	Chicken, stewing, dark meat, meat only, raw	usda	157	19.7	0	8.12	1 unit (yield from 1 lb ready-to-cook chicken):105|0.5 chicken, bone and skin removed:154
sr:172405	Chicken, stewing, dark meat, meat only, cooked, stewed	usda	258	28.14	0	15.28	1 cup, chopped or diced:140|1 unit (yield from 1 lb ready-to-cook chicken):73
sr:172406	Chicken, capons, meat and skin and giblets and neck, raw	usda	232	18.51	0.08	16.9	3 oz:85|1 capon:2152
sr:172407	Chicken, capons, meat and skin and giblets and neck, cooked, roasted	usda	226	28.35	0.04	11.67	3 oz:85|1 capon:1418|1 unit (yield from 1 lb ready-to cook capon):218
sr:172408	Duck, domesticated, meat and skin, raw	usda	404	11.49	0	39.34	3 oz:85|1 unit (yield from 1 lb ready-to-cook duck):287|0.5 duck:634
sr:172409	Duck, domesticated, meat and skin, cooked, roasted	usda	337	18.99	0	28.35	1 cup, chopped or diced:140|1 unit (yield from 1 lb ready-to-cook duck):173|0.5 duck:382
sr:172410	Duck, domesticated, meat only, raw	usda	135	18.28	0.94	5.95	1 unit (yield from 1 lb ready-to-cook duck):137|0.5 duck:303
sr:172411	Duck, domesticated, meat only, cooked, roasted	usda	201	23.48	0	11.2	1 cup, chopped or diced:140|1 unit (yield from 1 lb ready-to-cook duck):100|0.5 duck:221
sr:172412	Goose, domesticated, meat and skin, cooked, roasted	usda	305	25.16	0	21.92	1 cup, chopped or diced:140|1 unit (yield from 1 lb ready-to-cook goose):188|0.5 goose:774
sr:172413	Goose, domesticated, meat only, raw	usda	161	22.75	0	7.13	3 oz:85|1 unit (yield from 1 lb ready-to-cook goose):185|0.5 goose:766
sr:172414	Goose, domesticated, meat only, cooked, roasted	usda	238	28.97	0	12.67	1 unit (yield from 1 lb ready-to-cook goose):143|0.5 goose:591
sr:172415	Goose, liver, raw	usda	133	16.37	6.32	4.28	1 liver:94|1 unit (yield from 1 lb ready-to-cook goose):11
sr:172416	Guinea hen, meat and skin, raw	usda	158	23.4	0	6.45	3 oz:85|1 unit (yield from 1 lb ready-to-cook guinea):359|0.5 guinea:345
sr:172417	Pheasant, leg, meat only, raw	usda	134	22.2	0	4.3	1 unit (yield from 1 lb ready-to-eat pheasant):99|1 leg, bone and skin removed:107
sr:172418	Quail, meat and skin, raw	usda	192	19.63	0	12.05	1 quail:109|1 unit (yield from 1 lb ready-to cook quail):405
sr:172419	Quail, meat only, raw	usda	134	21.76	0	4.53	1 quail:92|1 unit (yield from 1 lb ready-to cook quail):342
sr:172420	Lentils, raw	usda	352	24.63	63.35	1.06	1 cup:192|1 tablespoon:12
sr:172421	Lentils, mature seeds, cooked, boiled, without salt	usda	116	9.02	20.13	0.38	1 cup:198|1 tbsp:12.3
sr:172422	Lima beans, thin seeded (baby), mature seeds, cooked, boiled, without salt	usda	126	8.04	23.31	0.38	1 cup:182
sr:172423	Lupins, mature seeds, raw	usda	371	36.17	40.37	9.74	1 cup:180
sr:172424	Lupins, mature seeds, cooked, boiled, without salt	usda	119	15.57	9.88	2.92	1 cup:166
sr:172425	Mothbeans, mature seeds, raw	usda	343	22.94	61.52	1.61	1 cup:196
sr:172426	Mothbeans, mature seeds, cooked, boiled, without salt	usda	117	7.81	20.96	0.55	1 cup:177
sr:172427	Mungo beans, mature seeds, cooked, boiled, without salt	usda	105	7.54	18.34	0.55	1 cup:180|1 oz dry, yield after cooking:69
sr:172428	Peas, green, split, mature seeds, raw	usda	364	23.12	61.63	3.89	1 cup:196
sr:172429	Peas, split, mature seeds, cooked, boiled, without salt	usda	118	8.34	21.1	0.39	1 cup:196|1 tbsp:12.2
sr:172430	Peanuts, all types, raw	usda	567	25.8	16.13	49.24	1 oz:28.4|1 cup:146
sr:172431	Peanuts, spanish, oil-roasted, with salt	usda	579	28.01	17.45	49.04	1 cup:147|1 oz:28.4
sr:172432	Peanuts, valencia, raw	usda	570	25.09	20.91	47.58	1 cup:146|1 oz:28.4
sr:172433	Peanuts, valencia, oil-roasted, with salt	usda	589	27.04	16.3	51.24	1 cup:144|1 oz:28.4
sr:172434	Peanuts, virginia, raw	usda	563	25.19	16.54	48.75	1 cup:146|1 oz:28.4
sr:172435	Peanut flour, low fat	usda	428	33.8	31.27	21.9	1 cup:60|1 oz:28.4
sr:172436	Pigeon peas (red gram), mature seeds, raw	usda	343	21.7	62.78	1.49	1 cup:205
sr:172437	Pigeon peas (red gram), mature seeds, cooked, boiled, without salt	usda	121	6.76	23.25	0.38	1 cup:168
sr:172438	Refried beans, canned, traditional style	usda	90	4.98	13.55	2.01	1 cup:238|1 can:442
sr:172439	Bacon, meatless	usda	309	11.69	5.31	29.52	1 cup:144|1 oz cooked, yield:16|1 strip:5
sr:172440	Soybeans, mature seeds, roasted, salted	usda	469	38.55	30.22	25.4	1 cup:172
sr:172441	Soybeans, mature seeds, dry roasted	usda	449	43.32	28.98	21.62	1 cup:93
sr:172442	Miso	usda	198	12.79	25.37	6.01	1 tbsp:17|1 cup:275
sr:172443	Natto	usda	211	19.4	12.68	11	1 cup:175
sr:172444	Soy flour, low-fat	usda	372	49.81	30.63	8.9	1 cup, stirred:88|1 tbsp:5.5
sr:172445	Soy meal, defatted, raw	usda	337	49.2	35.89	2.39	1 cup:122
sr:172446	Soymilk, original and vanilla, unfortified	usda	54	3.27	6.28	1.75	1 cup:243|1 fl oz:30.6
sr:172447	Soy protein concentrate, produced by alcohol extraction	usda	328	63.63	25.41	0.46	1 oz:28.4
sr:172448	Tofu, firm, prepared with calcium sulfate and magnesium chloride (nigari)	usda	78	9.04	2.85	4.17	0.5 cup:126|0.25 block:81|0.2 block:91
sr:172449	Tofu, soft, prepared with calcium sulfate and magnesium chloride (nigari)	usda	61	7.17	1.18	3.69	1 piece (2-1/2" x 2-3/4" x 1"):120|1 cup (1/2" cubes):248|1 cubic inch:18|0.25 block:116|0.2 block:90
sr:172450	Tofu, dried-frozen (koyadofu)	usda	477	52.47	10.03	30.34	1 piece:17
sr:172451	Tofu, fried	usda	270	18.82	8.86	20.18	1 oz:28.4|1 piece:13
sr:172452	Okara	usda	76	3.52	12.23	1.73	1 cup:122
sr:172453	Winged beans, mature seeds, cooked, boiled, without salt	usda	147	10.62	14.94	5.84	1 cup:172
sr:172454	Hummus, home prepared	usda	177	4.86	20.12	8.59	1 tablespoon:15|1 cup:246
sr:172455	Falafel, home-prepared	usda	333	13.31	31.84	17.8	1 patty (approx 2-1/4" dia):17
sr:172456	Soymilk, original and vanilla, with added calcium, vitamins A and D	usda	43	2.6	4.92	1.47	1 cup:243|1 fl oz:30.6
sr:172457	Peanut spread, reduced sugar	usda	650	24.8	14.23	54.89	2 tbsp:31
sr:172458	Peanut butter, smooth, reduced fat	usda	520	25.9	35.65	34	2 tablespoon:36
sr:172459	Peanut butter, smooth, vitamin and mineral fortified	usda	591	25.72	18.75	50.81	2 tbsp:32|1 cup:258
sr:172460	Peanut butter, chunky, vitamin and mineral fortified	usda	593	26.06	17.69	51.47	2 tbsp:32|1 cup:258
sr:172461	MORI-NU, Tofu, silken, firm	usda	62	6.9	2.4	2.7	1 slice:84
sr:172462	MORI-NU, Tofu, silken, extra firm	usda	55	7.4	2	1.9	1 slice:84
sr:172463	MORI-NU, Tofu, silken, lite firm	usda	37	6.3	1.1	0.8	1 slice:84
sr:172464	MORI-NU, Tofu, silken, lite extra firm	usda	38	7	1	0.7	1 slice:84
sr:172465	Refried beans, canned, fat-free	usda	79	5.34	13.5	0.45	1 cup:231|1 can:445
sr:172466	Frijoles rojos volteados (Refried beans, red, canned)	usda	144	5	15.47	6.93	1 cup:233|1 tbsp:15
sr:172467	Tempeh, cooked	usda	195	19.91	7.62	11.38	
sr:172468	Vitasoy USA, Nasoya Lite Firm Tofu	usda	54	8.3	1.3	1.7	0.2 package:79
sr:172469	Peanut butter, chunk style, without salt	usda	589	24.06	21.57	49.94	2 tbsp:32|1 cup:258
sr:172470	Peanut butter, smooth style, without salt	usda	598	22.21	22.31	51.36	2 tbsp:32|1 cup:258
sr:172471	Peanut butter with omega-3, creamy	usda	608	24.47	17	54.17	1 tbsp:16
sr:172472	Pigeon peas (red gram), mature seeds, cooked, boiled, with salt	usda	121	6.76	23.25	0.38	1 cup:168
sr:172473	Soy sauce made from soy and wheat (shoyu), low sodium	usda	57	9.05	5.59	0.3	1 tbsp:14.2|1 tsp:4.5|1 cup:255
sr:172474	Soy sauce, reduced sodium, made from hydrolyzed vegetable protein	usda	90	8.19	14.44	0.31	1 tbsp:15|1 tsp:4.9|0.25 cup:58
sr:172475	Tofu, raw, firm, prepared with calcium sulfate	usda	144	17.27	2.78	8.72	0.5 cup:126|0.25 block:81
sr:172476	Tofu, raw, regular, prepared with calcium sulfate	usda	76	8.08	1.87	4.78	0.5 cup:124|0.25 block:116
sr:172477	Winged beans, mature seeds, cooked, boiled, with salt	usda	147	10.62	14.94	5.84	1 cup:172
sr:172478	Veal, Australian, rib, rib roast, separable lean only, raw	usda	134	21.7	1.4	4.63	4 oz:113|1 roast with bone:325
sr:172479	Lamb, composite of trimmed retail cuts, separable lean and fat, trimmed to 1/4" fat, choice, raw	usda	267	16.88	0	21.59	1 oz:28.4|1 lb:453.6
sr:172480	Lamb, composite of trimmed retail cuts, separable lean and fat, trimmed to 1/4" fat, choice, cooked	usda	294	24.52	0	20.94	3 oz:85|1 piece, cooked, excluding refuse (yield from 1 lb raw meat with refuse):242
sr:172481	Lamb, foreshank, separable lean and fat, trimmed to 1/4" fat, choice, raw	usda	201	18.91	0	13.38	1 oz:28.4|1 lb:453.6
sr:172482	Lamb, foreshank, separable lean and fat, trimmed to 1/4" fat, choice, cooked, braised	usda	243	28.37	0	13.46	1 piece, cooked, excluding refuse (yield from 1 lb raw meat with refuse):148|3 oz:85
sr:172483	Lamb, foreshank, separable lean only, trimmed to 1/4" fat, choice, raw	usda	120	21.08	0	3.29	1 oz:28.4|1 lb:453.6
sr:172484	Lamb, foreshank, separable lean only, trimmed to 1/4" fat, choice, cooked, braised	usda	187	31.01	0	6.02	1 piece, cooked, excluding refuse (yield from 1 lb raw meat with refuse):128|3 oz:85
sr:172485	Lamb, leg, shank half, separable lean and fat, trimmed to 1/4" fat, choice, cooked, roasted	usda	225	26.41	0	12.45	3 oz:85|1 piece, cooked, excluding refuse (yield from 1 lb raw meat with refuse):269
sr:172486	Lamb, leg, shank half, separable lean only, trimmed to 1/4" fat, choice, raw	usda	125	20.52	0	4.19	1 oz:28.4|1 lb:453.6
sr:172487	Lamb, leg, shank half, separable lean only, trimmed to 1/4" fat, choice, cooked, roasted	usda	180	28.17	0	6.67	3 oz:85|1 piece, cooked, excluding refuse (yield from 1 lb raw meat with refuse):238
sr:172488	Lamb, leg, sirloin half, separable lean and fat, trimmed to 1/4" fat, choice, raw	usda	272	16.94	0	22.11	1 oz:28.4|1 lb:453.6
sr:172489	Lamb, loin, separable lean and fat, trimmed to 1/4" fat, choice, cooked, broiled	usda	316	25.17	0	23.08	3 oz:85|1 chop, excluding refuse (yield from 1 raw chop, with refuse, weighing 120 g):64
sr:172490	Lamb, loin, separable lean and fat, trimmed to 1/4" fat, choice, cooked, roasted	usda	309	22.55	0	23.59	3 oz:85|1 piece, cooked, excluding refuse (yield from 1 lb raw meat with refuse):269
sr:172491	Lamb, loin, separable lean only, trimmed to 1/4" fat, choice, raw	usda	143	20.88	0	5.94	1 oz:28.4|1 chop, excluding refuse (yield from 1 raw chop, with refuse, weighing 120 g):65
sr:172492	Lamb, loin, separable lean only, trimmed to 1/4" fat, choice, cooked, broiled	usda	216	29.99	0	9.73	3 oz:85|1 chop, excluding refuse (yield from 1 raw chop, with refuse, weighing 120 g):46
sr:172493	Lamb, rib, separable lean only, trimmed to 1/4" fat, choice, raw	usda	169	19.98	0	9.23	1 oz:28.4|1 lb:453.6
sr:172494	Lamb, rib, separable lean only, trimmed to 1/4" fat, choice, cooked, broiled	usda	235	27.74	0	12.95	1 piece, cooked, excluding refuse (yield from 1 lb raw meat with refuse):147|3 oz:85
sr:172495	Lamb, rib, separable lean only, trimmed to 1/4" fat, choice, cooked, roasted	usda	232	26.16	0	13.31	3 oz:85|1 piece, cooked, excluding refuse (yield from 1 lb raw meat with refuse):159
sr:172496	Lamb, shoulder, whole (arm and blade), separable lean and fat, trimmed to 1/4" fat, choice, raw	usda	264	16.58	0	21.45	4 oz:113|1 lb:453.6
sr:172497	Lamb, shoulder, whole (arm and blade), separable lean and fat, trimmed to 1/4" fat, choice, cooked, braised	usda	344	28.68	0	24.55	3 oz:85|1 piece, cooked, excluding refuse (yield from 1 lb raw meat with refuse):218
sr:172498	Lamb, shoulder, whole (arm and blade), separable lean only, trimmed to 1/4" fat, choice, cooked, broiled	usda	210	27.12	0	10.5	3 oz:85|1 piece, cooked, excluding refuse (yield from 1 lb raw meat with refuse):202
sr:172499	Lamb, shoulder, whole (arm and blade), separable lean only, trimmed to 1/4" fat, choice, cooked, roasted	usda	204	24.94	0	10.77	3 oz:85|1 piece, cooked, excluding refuse (yield from 1 lb raw meat with refuse):217
sr:172500	Lamb, shoulder, arm, separable lean and fat, trimmed to 1/4" fat, choice, raw	usda	260	16.79	0	20.9	1 oz:28.4|1 chop, excluding refuse (yield from 1 raw chop, with refuse, weighing 160 g):133
sr:172501	Lamb, shoulder, arm, separable lean and fat, trimmed to 1/4" fat, choice, cooked, braised	usda	346	30.39	0	24	3 oz:85|1 chop, excluding refuse (yield from 1 raw chop, with refuse, weighing 160 g):70
sr:172502	Lamb, shoulder, arm, separable lean only, trimmed to 1/4" fat, choice, cooked, broiled	usda	200	27.71	0	9.02	3 oz:85|1 chop, excluding refuse (yield from 1 raw chop, with refuse, weighing 160 g):74
sr:172503	Lamb, shoulder, arm, separable lean only, trimmed to 1/4" fat, choice, cooked, roasted	usda	192	25.46	0	9.26	3 oz:85|1 piece, cooked, excluding refuse (yield from 1 lb raw meat with refuse):224
sr:172504	Lamb, shoulder, blade, separable lean and fat, trimmed to 1/4" fat, choice, raw	usda	259	16.63	0	20.86	1 oz:28.4|1 lb:453.6
sr:172505	Lamb, shoulder, blade, separable lean and fat, trimmed to 1/4" fat, choice, cooked, braised	usda	345	28.51	0	24.73	3 oz:85|1 piece, cooked, excluding refuse (yield from 1 lb raw meat with refuse):209
sr:172506	Lamb, shoulder, blade, separable lean only, trimmed to 1/4" fat, choice, cooked, broiled	usda	211	25.48	0	11.32	3 oz:85|1 piece, cooked, excluding refuse (yield from 1 lb raw meat with refuse):207
sr:172507	Lamb, shoulder, blade, separable lean only, trimmed to 1/4" fat, choice, cooked, roasted	usda	209	24.61	0	11.57	3 oz:85|1 piece, cooked, excluding refuse (yield from 1 lb raw meat with refuse):210
sr:172508	Lamb, cubed for stew or kabob (leg and shoulder), separable lean only, trimmed to 1/4" fat, raw	usda	134	20.21	0	5.28	1 oz:28.4|1 lb:453.6
sr:172509	Lamb, cubed for stew or kabob (leg and shoulder), separable lean only, trimmed to 1/4" fat, cooked, braised	usda	223	33.69	0	8.8	3 oz:85|1 unit, cooked (yield from 1 lb raw meat):272
sr:172510	Lamb, cubed for stew or kabob (leg and shoulder), separable lean only, trimmed to 1/4" fat, cooked, broiled	usda	186	28.08	0	7.33	3 oz:85|1 unit, cooked (yield from 1 lb raw meat):327
sr:172511	Lamb, New Zealand, imported, frozen, composite of trimmed retail cuts, separable fat, raw	usda	640	6.92	0	67.63	1 oz:28.4|1 lb:453.6
sr:172512	Lamb, New Zealand, imported, frozen, composite of trimmed retail cuts, separable fat, cooked	usda	586	9.72	0	60.39	3 oz:85|1 unit, cooked (yield from 1 lb raw meat):286
sr:172513	Lamb, New Zealand, imported, fore-shank, separable lean and fat, raw	usda	183	20.09	0.09	11.38	4 oz:113|1 serving:115
sr:172514	Lamb, New Zealand, imported, fore-shank, separable lean and fat, cooked, braised	usda	256	30.35	0.03	14.99	3 oz:85|1 serving:85
sr:172515	Lamb, New Zealand, imported, leg chop/steak, bone-in, separable lean only, raw	usda	126	21.1	0	4.64	4 oz:113|1 serving:115
sr:172516	Lamb, New Zealand, imported, frozen, leg, whole (shank and sirloin), separable lean only, cooked, roasted	usda	181	27.68	0	7.01	3 oz:85|1 piece, cooked, excluding refuse (yield from 1 lb raw meat with refuse):218
sr:172517	Lamb, New Zealand, imported, loin chop, separable lean and fat, raw	usda	298	15.4	0.22	26.19	4 oz:113|1 serving:115
sr:172518	Game meat, muskrat, raw	usda	162	20.76	0	8.1	1 oz:28.4|1 lb:453.6
sr:172519	Game meat, muskrat, cooked, roasted	usda	234	30.09	0	11.74	3 oz:85|1 piece, cooked (yield from 1 lb raw meat, boneless):313
sr:172520	Game meat, opossum, cooked, roasted	usda	221	30.2	0	10.2	3 oz:85|1 piece, cooked (yield from 1 lb raw meat, boneless):399
sr:172521	Game meat, rabbit, domesticated, composite of cuts, raw	usda	136	20.05	0	5.55	1 oz:28.4|1 lb:453.6
sr:172522	Game meat, rabbit, domesticated, composite of cuts, cooked, roasted	usda	197	29.06	0	8.05	3 oz:85|1 piece, cooked (yield from 1 lb raw meat, boneless):313
sr:172523	Game meat, squirrel, raw	usda	120	21.23	0	3.21	1 oz:28.4|1 lb:453.6
sr:172524	Game meat, squirrel, cooked, roasted	usda	173	30.77	0	4.69	3 oz:85|1 piece, cooked (yield from 1 lb raw meat, boneless):313
sr:172525	Lamb, variety meats and by-products, brain, raw	usda	122	10.4	0	8.58	1 oz:28.4|4 oz:113
sr:172526	Lamb, variety meats and by-products, brain, cooked, braised	usda	145	12.55	0	10.17	3 oz:85|1 unit, cooked (yield from 1 lb raw meat):347
sr:172527	Lamb, variety meats and by-products, heart, raw	usda	122	16.47	0.21	5.68	1 oz:28.4|4 oz:113
sr:172528	Lamb, variety meats and by-products, heart, cooked, braised	usda	185	24.97	1.93	7.91	3 oz:85|1 unit, cooked (yield from 1 lb raw meat):191
sr:172529	Veal, variety meats and by-products, heart, raw	usda	110	17.18	0.08	3.98	1 oz:28.4|4 oz:113
sr:172530	Veal, variety meats and by-products, heart, cooked, braised	usda	186	29.12	0.13	6.75	3 oz:85|1 unit, cooked (yield from 1 lb raw meat):198
sr:172531	Lamb, variety meats and by-products, liver, raw	usda	139	20.38	1.78	5.02	1 oz:28.4|4 oz:113
sr:172532	Lamb, variety meats and by-products, liver, cooked, braised	usda	220	30.57	2.53	8.81	3 oz:85|1 unit, cooked (yield from 1 lb raw meat):336
sr:172533	Lamb, variety meats and by-products, liver, cooked, pan-fried	usda	238	25.53	3.78	12.65	3 oz:85|1 unit, cooked (yield from 1 lb raw meat):322
sr:172534	Veal, variety meats and by-products, liver, raw	usda	140	19.93	2.91	4.85	4 oz:113|1 lb:453
sr:172535	Veal, variety meats and by-products, liver, cooked, braised	usda	192	28.42	3.77	6.26	3 oz:85|1 slice:80
sr:172536	Veal, variety meats and by-products, lungs, cooked, braised	usda	104	18.74	0	2.64	3 oz:85|1 unit, cooked (yield from 1 lb raw meat):300
sr:172537	Lamb, variety meats and by-products, mechanically separated, raw	usda	276	14.97	0	23.54	1 oz:28.4|8 oz:227
sr:172538	Lamb, variety meats and by-products, pancreas, raw	usda	152	14.84	0	9.82	1 oz:28.4|4 oz:113
sr:172539	Lamb, variety meats and by-products, pancreas, cooked, braised	usda	234	22.83	0	15.12	3 oz:85|1 unit, cooked (yield from 1 lb raw meat):231
sr:172540	Veal, variety meats and by-products, spleen, raw	usda	98	18.3	0	2.2	1 oz:28.4|4 oz:113
sr:172541	Veal, variety meats and by-products, spleen, cooked, braised	usda	129	24.08	0	2.89	3 oz:85|1 unit, cooked (yield from 1 lb raw meat):345
sr:172542	Veal, variety meats and by-products, thymus, raw	usda	101	17.21	0	3.07	1 oz:28.4|4 oz:113
sr:172543	Veal, variety meats and by-products, thymus, cooked, braised	usda	125	22.67	0	3.11	3 oz:85
sr:172544	Lamb, ground, cooked, broiled	usda	283	24.75	0	19.65	3 oz:85|1 unit, cooked (yield from 1 lb raw meat):313
sr:172545	Lamb, composite of trimmed retail cuts, separable lean and fat, trimmed to 1/8" fat, choice, raw	usda	243	17.54	0	18.66	1 oz:28.4|1 lb:453.6
sr:172546	Lamb, composite of trimmed retail cuts, separable lean and fat, trimmed to 1/8" fat, choice, cooked	usda	271	25.51	0	18.01	3 oz:85|1 piece, cooked, excluding refuse (yield from 1 lb raw meat with refuse):250
sr:172547	Lamb, foreshank, separable lean and fat, trimmed to 1/8" fat, choice, raw	usda	201	18.91	0	13.38	1 oz:28.4|1 lb:453.6
sr:172548	Lamb, leg, shank half, separable lean and fat, trimmed to 1/8" fat, choice, cooked, roasted	usda	217	26.73	0	11.4	3 oz:85|1 piece, cooked, excluding refuse (yield from 1 lb raw meat with refuse):267
sr:172549	Lamb, leg, sirloin half, separable lean and fat, trimmed to 1/8" fat, choice, raw	usda	261	17.21	0	20.8	1 oz:28.4|1 lb:453.6
sr:172550	Lamb, leg, sirloin half, separable lean and fat, trimmed to 1/8" fat, choice, cooked, roasted	usda	284	24.95	0	19.67	3 oz:85|1 piece, cooked, excluding refuse (yield from 1 lb raw meat with refuse):260
sr:172551	Lamb, loin, separable lean and fat, trimmed to 1/8" fat, choice, raw	usda	279	17.18	0	22.75	1 oz:28.4|1 steak, excluding refuse (yield from 1 raw steak, with refuse, weighing 102 g):79
sr:172552	Lamb, rib, separable lean and fat, trimmed to 1/8" fat, choice, cooked, roasted	usda	341	21.82	0	27.53	3 oz:85|1 piece, cooked, excluding refuse (yield from 1 lb raw meat with refuse):248
sr:172553	Lamb, shoulder, whole (arm and blade), separable lean and fat, trimmed to 1/8" fat, choice, raw	usda	244	17.07	0	18.96	1 oz:28.4|1 lb:453.6
sr:172554	Lamb, shoulder, whole (arm and blade), separable lean and fat, trimmed to 1/8" fat, choice, cooked, braised	usda	338	29.46	0	23.57	3 oz:85|1 piece, cooked, excluding refuse (yield from 1 lb raw meat with refuse):213
sr:172555	Lamb, shoulder, whole (arm and blade), separable lean and fat, trimmed to 1/8" fat, choice, cooked, broiled	usda	268	23.84	0	18.39	3 oz:85|1 piece, cooked, excluding refuse (yield from 1 lb raw meat with refuse):242
sr:172556	Lamb, shoulder, blade, separable lean and fat, trimmed to 1/8" fat, choice, raw	usda	244	17.01	0	18.97	1 oz:28.4|1 lb:453.6
sr:172557	Lamb, shoulder, blade, separable lean and fat, trimmed to 1/8" fat, choice, cooked, braised	usda	339	28.92	0	23.88	3 oz:85|1 piece, cooked, excluding refuse (yield from 1 lb raw meat with refuse):207
sr:172558	Lamb, shoulder, blade, separable lean and fat, trimmed to 1/8" fat, choice, cooked, broiled	usda	267	23.48	0	18.5	3 oz:85|1 piece, cooked, excluding refuse (yield from 1 lb raw meat with refuse):250
sr:172559	Lamb, shoulder, blade, separable lean and fat, trimmed to 1/8" fat, choice, cooked, roasted	usda	270	22.62	0	19.19	3 oz:85|1 piece, cooked, excluding refuse (yield from 1 lb raw meat with refuse):256
sr:172560	Lamb, New Zealand, imported, frozen, leg, whole (shank and sirloin), separable lean and fat, trimmed to 1/8" fat, raw	usda	201	18.76	0	13.37	1 oz:28.4|1 lb:453.6
sr:172561	Lamb, New Zealand, imported, frozen, leg, whole (shank and sirloin), separable lean and fat, trimmed to 1/8" fat, cooked, roasted	usda	234	25.34	0	13.95	3 oz:85|1 piece, cooked, excluding refuse (yield from 1 lb raw meat with refuse):253
sr:172562	Lamb, New Zealand, imported, frozen, loin, separable lean and fat, trimmed to 1/8" fat, raw	usda	273	17.18	0	22.1	1 oz:28.4|1 chop, excluding refuse (yield from 1 raw chop, with refuse, weighing 85 g):63
sr:172563	Lamb, New Zealand, imported, frozen, loin, separable lean and fat, trimmed to 1/8" fat, cooked, broiled	usda	296	24.41	0	21.28	3 oz:85|1 chop, excluding refuse (yield from 1 raw chop, with refuse, weighing 85 g):42
sr:172564	Game meat, bison, top sirloin, separable lean only, trimmed to 0" fat, raw	usda	113	21.4	0	2.4	1 oz:28.4|1 lb:453.6|4 oz:113
sr:172565	Game meat, bison, ribeye, separable lean only, trimmed to 0" fat, raw	usda	116	22.1	0	2.4	1 oz:28.4|1 lb:453.6|4 oz:113
sr:172566	Game meat, bison, shoulder clod, separable lean only, trimmed to 0" fat, raw	usda	109	21.1	0	2.1	1 oz:28.4|1 lb:453.6|4 oz:113
sr:172567	Veal, breast, separable fat, cooked	usda	521	9.4	0	53.35	1 oz:28.4
sr:172568	Veal, shank (fore and hind), separable lean and fat, raw	usda	113	19.15	0	3.48	1 oz:28.4|1 lb:453.6
sr:172569	Veal, shank (fore and hind), separable lean and fat, cooked, braised	usda	191	31.54	0	6.2	3 oz:85|1 piece, cooked, excluding refuse (yield from 1 lb raw meat with refuse):194
sr:172570	Veal, shank (fore and hind), separable lean only, raw	usda	108	19.28	0	2.83	1 oz:28.4|1 lb:453.6
sr:172571	Veal, shank (fore and hind), separable lean only, cooked, braised	usda	177	32.22	0	4.33	3 oz:85|1 piece, cooked, excluding refuse (yield from 1 lb raw meat with refuse):223
sr:172572	Lamb, Australian, imported, fresh, separable fat, raw	usda	648	6.27	0	68.87	1 oz:28.4|1 lb:453.6|3 oz:85
sr:172573	Lamb, Australian, imported, fresh, separable fat, cooked	usda	639	9.42	0	66.4	3 oz:85|1 piece, cooked, excluding refuse (yield from 1 lb raw meat with refuse):248
sr:172574	Lamb, Australian, imported, fresh, foreshank, separable lean and fat, trimmed to 1/8" fat, raw	usda	195	18.85	0	12.68	1 oz:28.4|1 lb:453.6|3 oz:85
sr:172575	Lamb, Australian, imported, fresh, foreshank, separable lean and fat, trimmed to 1/8" fat, cooked, braised	usda	236	24.78	0	14.44	3 oz:85|1 piece, cooked, excluding refuse (yield from 1 lb raw meat with refuse):211
sr:172576	Lamb, Australian, imported, fresh, leg, whole (shank and sirloin), separable lean only, trimmed to 1/8" fat, raw	usda	135	20.46	0	5.23	1 oz:28.4|1 lb:453.6|3 oz:85
sr:172577	Lamb, Australian, imported, fresh, leg, whole (shank and sirloin), separable lean only, trimmed to 1/8" fat, cooked, roasted	usda	190	27.31	0	8.1	3 oz:85|1 piece, cooked, excluding refuse (yield from 1 lb raw meat with refuse):251
sr:172578	Lamb, Australian, imported, fresh, leg, shank half, separable lean and fat, trimmed to 1/8" fat, raw	usda	201	18.59	0	13.48	1 oz:28.4|1 lb:453.6|3 oz:85
sr:172579	Lamb, Australian, imported, fresh, leg, shank half, separable lean and fat, trimmed to 1/8" fat, cooked, roasted	usda	231	25.25	0	13.69	3 oz:85|1 piece, cooked, excluding refuse (yield from 1 lb raw meat with refuse):277
sr:172580	Lamb, Australian, imported, fresh, leg, shank half, separable lean only, trimmed to 1/8" fat, raw	usda	133	20.45	0	5.1	1 oz:28.4|1 lb:453.6|3 oz:85
sr:172581	Lamb, Australian, imported, fresh, leg, sirloin half, boneless, separable lean only, trimmed to 1/8" fat, cooked, roasted	usda	215	27.75	0	10.65	3 oz:85|1 piece, cooked, excluding refuse (yield from 1 lb raw meat with refuse):259
sr:172582	Lamb, Australian, imported, fresh, leg, sirloin chops, boneless, separable lean and fat, trimmed to 1/8" fat, raw	usda	208	18.33	0	14.38	1 oz:28.4
sr:172583	Lamb, Australian, imported, fresh, leg, sirloin chops, boneless, separable lean and fat, trimmed to 1/8" fat, cooked, broiled	usda	235	25.75	0	13.83	3 oz:85
sr:172584	Lamb, Australian, imported, fresh, leg, sirloin chops, boneless, separable lean only, trimmed to 1/8" fat, raw	usda	132	20.43	0	4.91	1 oz:28.4
sr:172585	Lamb, Australian, imported, fresh, leg, center slice, bone-in, separable lean only, trimmed to 1/8" fat, cooked, broiled	usda	183	26.75	0	7.68	3 oz:85
sr:172586	Lamb, Australian, imported, fresh, loin, separable lean and fat, trimmed to 1/8" fat, raw	usda	203	19.32	0	13.38	1 oz:28.4|3 oz:85
sr:172587	Lamb, Australian, imported, fresh, loin, separable lean and fat, trimmed to 1/8" fat, cooked, broiled	usda	219	25.49	0	12.25	3 oz:85
sr:172588	Lamb, Australian, imported, fresh, loin, separable lean only, trimmed to 1/8" fat, raw	usda	146	21	0	6.24	1 oz:28.4|3 oz:85
sr:172589	Lamb, Australian, imported, fresh, rib chop, frenched, bone-in, separable lean only, trimmed to 1/8" fat, cooked, grilled	usda	234	32.16	0	11.68	3 oz:85|1 piece, cooked, excluding refuse (yield from 1 lb raw meat with refuse):241|1 chop:54
sr:172590	Lamb, Australian, imported, fresh, shoulder, whole (arm and blade), separable lean and fat, trimmed to 1/8" fat, raw	usda	256	16.68	0	20.47	1 oz:28.4|1 lb:453.6|3 oz:85
sr:172591	Lamb, Australian, imported, fresh, shoulder, whole (arm and blade), separable lean and fat, trimmed to 1/8" fat, cooked	usda	296	23.58	0	21.65	3 oz:85|1 piece, cooked, excluding refuse (yield from 1 lb raw meat with refuse):262
sr:172592	Lamb, Australian, imported, fresh, shoulder, whole (arm and blade), separable lean only, trimmed to 1/8" fat, raw	usda	155	19.36	0	8.01	1 oz:28.4|1 lb:453.6|3 oz:85
sr:172593	Lamb, Australian, imported, fresh, shoulder, whole (arm and blade), separable lean only, trimmed to 1/8" fat, cooked	usda	233	26.18	0	13.44	3 oz:85|1 piece, cooked, excluding refuse (yield from 1 lb raw meat with refuse):222
sr:172594	Lamb, Australian, imported, fresh, shoulder, blade, separable lean and fat, trimmed to 1/8" fat, raw	usda	262	16.48	0	21.28	1 oz:28.4|1 lb:453.6|3 oz:85
sr:172595	Lamb, Australian, imported, fresh, shoulder, blade, separable lean and fat, trimmed to 1/8" fat, cooked, broiled	usda	291	21.71	0	22.03	3 oz:85|1 piece, cooked, excluding refuse (yield from 1 lb raw meat with refuse):273
sr:172596	Lamb, Australian, imported, fresh, shoulder, blade, separable lean only, trimmed to 1/8" fat, raw	usda	164	19.1	0	9.09	1 oz:28.4|1 lb:453.6|3 oz:85
sr:172597	Lamb, Australian, imported, fresh, shoulder ,blade, separable lean only, trimmed to 1/8" fat, cooked, broiled	usda	231	23.83	0	14.38	3 oz:85|1 piece, cooked, excluding refuse (yield from 1 lb raw meat with refuse):233
sr:172598	Game meat, bison, chuck, shoulder clod, separable lean only, raw	usda	119	21.12	0	3.15	1 serving ( 3 oz ):85|1 roast (3 to 5 lb roast):1237
sr:172599	Game meat, bison, ribeye, separable lean only, 1" steak, cooked, broiled	usda	177	29.45	0	5.67	1 serving ( 3 oz ):85|1 steak ( yield from 232.8 g raw meat ):179
sr:172600	Game meat, bison, top round, separable lean only, 1" steak, cooked, broiled	usda	174	30.18	0	4.96	1 serving ( 3 oz ):85|1 steak:180
sr:172601	Game meat, bison, top round, separable lean only, 1" steak, raw	usda	122	23.32	0	2.43	1 serving ( 3 oz ):85|1 steak:489
sr:172602	Game meat, deer, ground, raw	usda	157	21.78	0	7.13	1 patty (cooked from 4 oz raw):85|1 oz:28.4
sr:172603	Game meat, deer, ground, cooked, pan-broiled	usda	187	26.45	0	8.22	1 patty:93|1 serving ( 3 oz ):85
sr:172604	Game meat, deer, loin, separable lean only, 1" steak, cooked, broiled	usda	150	30.2	0	2.38	1 steak:54|1 serving ( 3 oz ):85
sr:172605	Game meat, deer, shoulder clod, separable lean only, cooked, braised	usda	191	36.28	0	3.95	1 serving ( 3 oz ):85|1 roast (3 to 5 lb roast):293
sr:172606	Veal, Australian, shank, hind, bone-in, separable lean only, raw	usda	122	20.37	0	4.47	4 oz:113|1 roast with bone:330
sr:172607	Veal, Australian, shank, hind, bone-in, separable lean and fat, raw	usda	144	19.78	0	7.2	3 oz:85|1 roast with bone:330
sr:172608	Lamb, Australian, ground, 85% lean / 15% fat, raw	usda	255	17.14	0	20.71	1 serving (4 oz):113
sr:172609	Lamb, New Zealand, imported, Intermuscular fat, cooked	usda	596	8.53	0	62.44	3 oz:85
sr:172610	Lamb, New Zealand, imported, breast, separable lean only, cooked, braised	usda	270	28.16	0	17.53	3 oz:85
sr:172611	Lamb, New Zealand, imported, breast, separable lean only, raw	usda	149	18.31	1.02	7.98	4 oz:113
sr:172612	Lamb, New Zealand, imported, chump, boneless, separable lean only, cooked, fast roasted	usda	142	23.69	0	5.27	3 oz:85
sr:172613	Lamb, New Zealand, imported, subcutaneous fat, cooked	usda	674	5.24	0.62	72.28	3 oz:85
sr:172614	Lamb, New Zealand, imported, liver, cooked, soaked and fried	usda	168	25.8	1.48	6.56	3 oz:85
sr:172615	Lamb, New Zealand, imported, liver, raw	usda	136	20.7	2.22	4.92	4 oz:113
sr:172616	Lamb, New Zealand, imported, ground lamb, cooked, braised	usda	192	22.6	0	11.34	3 oz:85
sr:172617	Lamb, New Zealand, imported, ground lamb, raw	usda	193	20.33	0	12.41	4 oz:113
sr:172618	Lamb, New Zealand, imported, testes, cooked, soaked and fried	usda	125	21.01	0	4.56	3 oz:85
sr:172619	Lamb, New Zealand, imported, testes, raw	usda	68	11.4	0.14	2.38	4 oz:113
sr:172620	Lamb, New Zealand, imported, tongue - swiss cut, cooked, soaked and simmered	usda	272	17.51	0.86	22.04	3 oz:85
sr:172621	Lamb, New Zealand, imported, tongue - swiss cut, raw	usda	225	14.27	0	18.61	4 oz:113
sr:172622	Lamb, New Zealand, imported, tenderloin, separable lean only, cooked, fast fried	usda	155	27.94	0	4.81	3 oz:85
sr:172623	Lamb, New Zealand, imported, tenderloin, separable lean only, raw	usda	116	20.53	0	3.81	4 oz:113
sr:172624	Lamb, New Zealand, imported, loin saddle, separable lean only, cooked, fast roasted	usda	162	25.53	0	6.7	3 oz:85
sr:172625	Lamb, New Zealand, imported, loin saddle, separable lean only, raw	usda	131	20.86	0	5.32	4 oz:113
sr:172626	Lamb, New Zealand, imported, neck chops, separable lean only, cooked, braised	usda	264	31.4	0	15.36	3 oz:85
sr:172627	Lamb, New Zealand, imported, netted shoulder, rolled, boneless, separable lean only, cooked, slow roasted	usda	199	25.14	0	10.91	3 oz:85
sr:172628	Lamb, New Zealand, imported, netted shoulder, rolled, boneless, separable lean only, raw	usda	143	20.2	0	6.88	4 oz:113
sr:172629	Lamb, New Zealand, imported, rack - fully frenched, separable lean only, cooked, fast roasted	usda	173	24.39	0	8.38	3 oz:85
sr:172630	Lamb, New Zealand, imported, flap, boneless, separable lean and fat, cooked, braised	usda	376	20.48	0.14	32.63	3 oz:85
sr:172631	Lamb, New Zealand, imported, flap, boneless, separable lean and fat, raw	usda	337	16.17	0.27	30.14	4 oz:113
sr:172632	Lamb, New Zealand, imported, hind-shank, separable lean and fat, cooked, braised	usda	247	29.59	0.04	14.22	3 oz:85
sr:172633	Lamb, New Zealand, imported, hind-shank, separable lean and fat, raw	usda	186	18.39	0.73	12.12	4 oz:113
sr:172634	Lamb, New Zealand, imported, loin, boneless, separable lean and fat, cooked, fast roasted	usda	157	28.96	0	4.57	3 oz:85
sr:172635	Lamb, New Zealand, imported, loin, boneless, separable lean and fat, raw	usda	122	21.44	0	3.99	4 oz:113
sr:172636	Lamb, New Zealand, imported, neck chops, separable lean and fat, cooked, braised	usda	307	28.53	0.03	21.43	3 oz:85
sr:172637	Lamb, New Zealand, imported, neck chops, separable lean and fat, raw	usda	231	17.43	0.14	17.9	4 oz:113
sr:172638	Lamb, New Zealand, imported, netted shoulder, rolled, boneless, separable lean and fat, cooked, slow roasted	usda	287	21.45	0.05	22.33	3 oz:85
sr:172639	Lamb, New Zealand, imported, tenderloin, separable lean and fat, cooked, fast fried	usda	157	27.87	0	5	3 oz:85
sr:172640	Lamb, New Zealand, imported, rack - fully frenched, separable lean and fat, cooked, fast roasted	usda	195	23.56	0.01	11.2	3 oz:85
sr:172641	Lamb, New Zealand, imported, rack - fully frenched, separable lean and fat, raw	usda	169	19.88	0.05	9.96	4 oz:113
sr:172642	Lamb, New Zealand, imported, tunnel-boned leg, chump off, shank off, separable lean and fat, cooked, slow roasted	usda	208	23.41	0.03	12.68	3 oz:85
sr:172643	Veal, leg, top round, cap off, cutlet, boneless, raw	usda	107	22.07	0	2.07	4 oz:113|1 cutlet:55|1 serving:113
sr:172644	Veal, loin, chop, separable lean only, cooked, grilled	usda	159	29.75	0.07	4.44	3 oz:85|1 chop:153
sr:172645	Veal, shank, separable lean only, raw	usda	94	19.77	0	1.64	4 oz:113|1 serving:113|1 shank whole:1270
sr:172646	Veal, foreshank, osso buco, separable lean only, cooked, braised	usda	157	29.12	0	4.51	3 oz:85|1 shank cross cut:187
sr:172647	Veal, seam fat only, cooked	usda	505	11.16	2.11	50.17	3 oz:85
sr:172648	Veal, shank, separable lean and fat, raw	usda	107	19.28	0	3.3	4 oz:113|1 serving:113|1 shank whole:1270
sr:172649	Veal, foreshank, osso buco, separable lean and fat, cooked, braised	usda	182	27.94	0.11	7.77	3 oz:85|1 shank cross cut:187
sr:172650	Veal, loin, chop, separable lean and fat, cooked, grilled	usda	198	28.04	0.16	9.48	3 oz:85|1 chop:153
sr:172651	Veal, shoulder, blade chop, separable lean and fat, cooked, grilled	usda	199	25.72	0.15	10.57	3 oz:85|1 chop:352
sr:172652	Lamb, Australian, imported, fresh, tenderloin, boneless, separable lean only, trimmed to 1/8" fat, raw	usda	136	23.42	0	4.73	4 oz:113|1 roast:146
sr:172653	Lamb, Australian, imported, fresh, leg, bottom, boneless, separable lean only, trimmed to 1/8" fat, raw	usda	136	22.28	0	5.24	4 oz:113|1 leg bottom, boneless:989
sr:172654	Lamb, Australian, imported, fresh, leg, trotter off, bone-in, separable lean only, trimmed to 1/8" fat, cooked, roasted	usda	215	32.08	0	9.59	3 oz:85|1 leg trotter off:1808
sr:172655	Lamb, Australian, imported, fresh, leg, trotter off, bone-in, separable lean only, trimmed to 1/8" fat, raw	usda	131	23.11	0	4.33	4 oz:113|1 leg trotter off:2674
sr:172656	Lamb, Australian, imported, fresh, seam fat, cooked	usda	554	13.81	1.55	54.72	
sr:172657	Lamb, Australian, imported, fresh, seam fat, raw	usda	459	15.65	0	44.01	4 oz:113
sr:172658	Lamb, Australian, imported, fresh, leg, bottom, boneless, separable lean and fat, trimmed to 1/8" fat, cooked, roasted	usda	219	27.54	0	12.04	3 oz:85|1 leg bottom, boneless:723
sr:172659	Lamb, Australian, imported, fresh, leg, bottom, boneless, separable lean and fat, trimmed to 1/8" fat, raw	usda	187	20.97	0	11.43	4 oz:113|1 leg bottom, boneless:989
sr:172660	Lamb, Australian, imported, fresh, tenderloin, boneless, separable lean and fat, trimmed to 1/8" fat, raw	usda	143	23.23	0	5.52	4 oz:113|1 roast:146
sr:172661	Lamb, Australian, imported, fresh, rib chop, frenched, denuded, bone-in, separable lean only, trimmed to 0" fat, cooked, grilled	usda	236	33.17	0	11.5	3 oz:85|1 chop:43
sr:172662	Lamb, Australian, imported, fresh, rack, roast, frenched, denuded, bone-in, separable lean and fat, trimmed to 0" fat, cooked, roasted	usda	193	25.95	0	9.91	3 oz:85|1 roast:329
sr:172663	Lamb, Australian, imported, fresh, rack, roast, frenched, bone-in, separable lean and fat, trimmed to 1/8" fat, cooked, roasted	usda	291	25.96	0	20.77	3 oz:85|1 roast:447
sr:172664	Bagels, cinnamon-raisin	usda	274	9.8	55.2	1.7	1 mini bagel (2-1/2" dia):26|1 small bagel (3" dia):69|1 medium bagel (3-1/2" to 4" dia):105|1 large bagel (4-1/2" dia):131|1 oz:28.4
sr:172665	Bagels, cinnamon-raisin, toasted	usda	294	10.6	59.3	1.8	1 mini bagel (2-1/2" dia):24|1 small bagel (3-1/2" to 4"dia):65|1 medium bagel (4" dia):99|1 large bagel (4-1/2" dia):123|1 oz:28.4
sr:172666	Bagels, oat bran	usda	255	10.7	53.3	1.2	1 mini bagel (2-1/2" dia):26|1 small bagel (3" dia):69|1 medium bagel (3-1/2" to 4" dia):105|1 large bagel (4-1/2" dia):131|1 oz:28.4
sr:172667	Biscuits, plain or buttermilk, frozen, baked	usda	338	6.2	53.87	11.03	1 oz:28.4|1 large:77|1 medium:51|1 small:35|1 biscuit (2-1/2" dia):35
sr:172668	Biscuits, plain or buttermilk, refrigerated dough, higher fat	usda	307	6.66	46.32	10.58	1 biscuit:58|1 biscuit:43|1 package:398|1 oz:28.4
sr:172669	Biscuits, plain or buttermilk, refrigerated dough, higher fat, baked	usda	324	6.79	49.05	11.22	1 biscuit:51|1 biscuit (2-1/2" dia):27|1 oz:28.4
sr:172670	Biscuits, plain or buttermilk, prepared from recipe	usda	353	7	44.6	16.3	1 oz:28.4|1 biscuit (4" dia):101|1 small (1-1/2" dia):14|1 biscuit (2-1/2" dia):60
sr:172671	Biscuits, mixed grain, refrigerated dough	usda	263	6.1	47.4	5.6	1 oz:28.4|1 biscuit (2-1/2" dia):44
sr:172672	Bread, cracked-wheat	usda	260	8.7	49.5	3.9	1 oz:28.4|1 cubic inch:3.2|1 slice, large or thick:30|1 slice, regular:25|1 slice regular, crust not eaten:12.2|1 slice:25
sr:172673	Bread, egg	usda	287	9.5	47.8	6	1 oz:28.4|1 slice (5" x 3" x 1/2"):40
sr:172674	Bread, egg, toasted	usda	315	10.5	52.6	6.6	1 oz:28.4|1 slice (5" x 3" x 1/2"):37
sr:172675	Bread, french or vienna (includes sourdough)	usda	272	10.75	51.88	2.42	1 oz:28.4|1 slice:139
sr:172676	Bread, oat bran	usda	236	10.4	39.8	4.4	1 oz:28.4|1 slice:30
sr:172677	Bread, oat bran, toasted	usda	259	11.4	43.7	4.8	1 oz:28.4|1 slice:27
sr:172678	Bread, oatmeal	usda	269	8.4	48.5	4.4	1 oz:28.4|1 slice:27
sr:172679	Bread, oatmeal, toasted	usda	292	9.2	52.7	4.8	1 oz:28.4|1 slice:25
sr:172680	Bread, raisin, enriched	usda	274	7.9	52.3	4.4	1 oz:28.4|1 slice, large:32|1 slice:26|1 slice, thin:23
sr:172681	Bread, raisin, enriched, toasted	usda	297	8.6	56.9	4.8	1 oz:28.4|1 slice, large:29|1 slice:24|1 slice, thin:21
sr:172682	Bread, reduced-calorie, oat bran	usda	201	8	41.3	3.2	1 oz:28.4|1 slice:23
sr:172683	Bread, reduced-calorie, oat bran, toasted	usda	239	9.5	49.2	3.8	1 oz:28.4|1 slice:19
sr:172684	Bread, rye	usda	259	8.5	48.3	3.3	1 oz:28.4|1 slice, regular:32|1 slice, snack-size:7|1 slice, thin:25
sr:172685	Bread, rye, toasted	usda	284	9.4	53.1	3.6	1 oz:28.4|1 slice, large:29|1 slice, regular:24|1 slice, thin:18
sr:172686	Bread, wheat	usda	274	10.67	47.54	4.53	1 slice:29
sr:172687	Bread, wheat, toasted	usda	313	12.96	55.77	4.27	1 oz:28.4|1 slice:24
sr:172689	Bread, whole-wheat, commercially prepared, toasted	usda	306	16.27	51.16	4.07	1 oz:28.4|1 slice:25
sr:172690	Bread, whole-wheat, prepared from recipe	usda	278	8.4	51.4	5.4	1 oz:28.4|1 slice, regular (4" x 5" x 3/4"):46|1 slice, thin (3-3/4" x 5" x 3/8"):33
sr:172691	Bread, whole-wheat, prepared from recipe, toasted	usda	305	9.2	56.4	5.9	1 oz:28.4|1 slice:42|1 slice, thin (3-3/4" x 5" x 3/8"):30
sr:172692	Bread, stuffing, cornbread, dry mix	usda	389	10	76.7	4.2	1 oz:28.4|1 package (6 oz):170
sr:172693	Bread, stuffing, cornbread, dry mix, prepared	usda	179	2.9	21.9	8.8	1 oz:28.4|0.5 cup:100
sr:172694	Cake, angelfood, commercially prepared	usda	258	5.9	57.8	0.8	1 piece (1/12 of 12 oz cake):28|1 cake (9" dia x 4"):340
sr:172695	Cake, angelfood, dry mix, prepared	usda	257	6.1	58.7	0.3	1 piece (1/12 of 10" dia):50|1 tube cake (10" dia, 4-3/8" high):596
sr:172696	Cake, boston cream pie, commercially prepared	usda	252	2.4	42.9	8.5	1 oz:28.4|1 piece (1/6 of pie):92
sr:172697	Cake, chocolate, prepared from recipe without frosting	usda	371	5.3	53.4	15.1	1 piece (1/12 of 9" dia):95|1 cake, 2-layer (8" or 9" dia):1137
sr:172698	Cake, white, prepared from recipe with coconut frosting	usda	356	4.4	63.2	10.3	1 oz:28.4|1 piece (1/12 of 9" dia):112
sr:172699	Cake, coffeecake, cheese	usda	339	7	44.3	15.2	1 oz:28.4|1 piece (1/6 of 16 oz cake):76
sr:172700	Cake, coffeecake, cinnamon with crumb topping, commercially prepared, enriched	usda	418	6.8	46.7	23.3	1 oz:28.4|1 individual cake:57|1 piece (1/9 of 20 oz cake):63
sr:172701	Cake, gingerbread, dry mix	usda	437	4.4	74.6	13.8	1 oz:28.4|1 package (14.5 oz):411
sr:172702	Cake, gingerbread, prepared from recipe	usda	356	3.9	49.2	16.4	1 oz:28.4|1 piece (1/9 of 8" square):74
sr:172703	Cake, pineapple upside-down, prepared from recipe	usda	319	3.5	50.5	12.1	1 oz:28.4|1 piece (1/9 of 8" square):115
sr:172704	Cake, pound, commercially prepared, butter (includes fresh and frozen)	usda	353	5	53.64	13.96	0.16 loaf 1/6 of the loaf:61|1 piece individually wrapped cake:49
sr:172705	Cake, white, dry mix, special dietary (includes lemon-flavored)	usda	397	3	79.6	8.4	1 oz:28.4|1 package (8 oz):227
sr:172706	Cake, sponge, commercially prepared	usda	290	5.4	61	2.7	1 oz:28.4|1 piece (1/12 of 16 oz cake):38
sr:172707	Cake, sponge, prepared from recipe	usda	297	7.3	57.7	4.3	1 oz:28.4|1 piece (1/12 of 10 inch cake):63
sr:172708	Cake, pudding-type, white, enriched, dry mix	usda	423	3.9	80.9	9.5	1 oz:28.4|1 package (18.50 oz):524
sr:172709	Cake, white, prepared from recipe without frosting	usda	357	5.4	57.2	12.4	1 piece (1/12 of 9" dia):74|1 cake, 2-layer (8" or 9" dia):887
sr:172710	Cake, yellow, prepared from recipe without frosting	usda	361	5.3	53	14.6	1 piece (1/12 of 8" dia):68|1 cake, 2-layer (8" dia):817
sr:172711	Cake, cheesecake, commercially prepared	usda	321	5.5	25.5	22.5	1 oz:28.4|1 piece (1/6 of 17 oz cake):80|1 piece (1 NLEA serving):125
sr:172712	Cake, cheesecake, prepared from mix, no-bake type	usda	274	5.5	35.5	12.7	1 oz:28.4|1 piece (1/12 of 9" dia):99
sr:172713	Cookies, brownies, commercially prepared	usda	405	4.8	63.9	16.3	1 oz:28.4|1 square, large (2-3/4" sq x 7/8"):56|1 package, Little Debbie (twin wrapped):61
sr:172714	Cookies, chocolate wafers	usda	433	6.6	72.7	14.2	1 oz:28.4|1 cup, crumbs:112|1 wafer:6
sr:172715	Cookies, chocolate chip, commercially prepared, regular, lower fat	usda	451	5.97	67.49	17.91	1 serving 3 cookies:34|1 oz:28.4
sr:172716	Cookies, chocolate chip, commercially prepared, regular, higher fat, enriched	usda	492	5.1	65.36	24.72	1 cookie:12.9|1 cookie Pepperidge Farm Chocolate Chunk Pecan:12|1 oz:28.4|1 cookie (average weight of 1 cookie, variety of brands):12.2|1 cookie Pepperidge Farm Chocolate Chunk Pecan:12|1 cookie, big (3-1/2" - 4" dia) (include Grandma brand):40
sr:172717	Cookies, chocolate chip, commercially prepared, soft-type	usda	444	3.63	65.75	19.77	1 cookie:14.2|1 oz:28.4|1 cookie:15|1 cookie (average weight of 1 cookie):12.2
sr:172718	Cookies, chocolate sandwich, with creme filling, regular	usda	464	5.21	71	19.14	3 cookie:36|1 oz:28.4
sr:172719	Cookies, chocolate sandwich, with creme filling, regular, chocolate-coated	usda	481	3.6	66.4	26.4	1 oz:28.4|1 cookie:17
sr:172720	Cookies, chocolate sandwich, with extra creme filling	usda	497	4.33	68.2	24.52	1 oz:28.4|1 cookie:13
sr:172721	Cookies, fig bars	usda	348	3.7	70.9	7.3	1 oz:28.4|1 Figaroo (2 square halves):43|1 cookie:16|1 individual package (2 oz package containing 2 3" bars):57
sr:172722	Cookies, fortune	usda	378	4.2	84	2.7	1 oz:28.4|1 cookie:8
sr:172723	Cookies, marshmallow, chocolate-coated (includes marshmallow pies)	usda	421	4	67.7	16.9	1 oz:28.4|1 Fudge Marshmallow:28|1 pie, marshmallow (3" dia x 3/4"):39|1 cookie, small (1-3/4" dia x 3/4"):13
sr:172724	Cookies, molasses	usda	430	5.6	73.8	12.8	1 oz:28.4|1 large (3-1/2" to 4" dia) (include Archway brand):32|1 medium:15|1 cookie, Little Debbie:20
sr:172725	Cookies, oatmeal, commercially prepared, regular	usda	450	6.2	68.7	18.1	1 oz:28.4|1 cookie, big (3-1/2" - 4" dia) (include Archway brand, Grandma brand):25|1 large:18
sr:172726	Cookies, oatmeal, commercially prepared, soft-type	usda	409	6.1	65.7	14.7	1 oz:28.4|1 cookie:15
sr:172727	Cookies, peanut butter, commercially prepared, regular	usda	473	8.92	58.15	23.82	1 oz:28.4|1 cookie:31
sr:172728	Cookies, peanut butter, commercially prepared, soft-type	usda	457	5.3	57.7	24.4	1 oz:28.4|1 cookie:15
sr:172729	Cookies, peanut butter, refrigerated dough	usda	458	8.2	52.1	25	1 oz:28.4|1 portion, dough for 1 cookie:16
sr:172730	Cookies, peanut butter, refrigerated dough, baked	usda	503	9.1	57.3	27.5	1 oz:28.4|1 cookie:12
sr:172731	Cookies, brownies, dry mix, sugar free	usda	426	2.9	80.4	12.5	1 oz:28.4|1 package (8.5 oz):241
sr:172732	Cookies, chocolate chip, commercially prepared, special dietary	usda	450	3.9	73.4	16.8	1 oz:28.4|1 cookie, medium (1-5/8" dia):7
sr:172733	Cookies, chocolate sandwich, with creme filling, special dietary	usda	461	4.5	68	22.1	1 oz:28.4|1 cookie:10
sr:172734	Cookies, oatmeal, commercially prepared, special dietary	usda	449	4.8	69.9	18	1 oz:28.4|1 cookie, medium (1-5/8" dia):7
sr:172735	Cookies, sugar, refrigerated dough, baked	usda	489	4.7	65.6	23.1	1 oz:28.4|1 cookie 1 rolled cookie dough:15|1 cookie 1 pre-sliced cookie dough:23
sr:172736	Cookies, sugar wafers with creme filling, regular	usda	502	3.84	70.64	23.24	3 cookies:36|1 cookie:10.1|1 oz:28.4
sr:172737	Cookies, vanilla sandwich with creme filling	usda	483	4.5	72.1	20	1 oz:28.4|1 cookie, oval (3-1/8" x 1-1/4" x 3/8"):15|1 cookie, round (1-3/4" dia):10
sr:172738	Puff pastry, frozen, ready-to-bake, baked	usda	558	7.4	45.7	38.5	1 oz:28.4|1 sheet:245|1 shell:40
sr:172739	Crackers, crispbread, rye	usda	366	7.9	82.2	1.3	0.5 oz:14.2|1 cup, crushed:55|1 crispbread:10|1 wafer, thin:2|1 wafer:10|1 cracker, Norwegian flatbread (4-3/4" x 2-3/4" x 1/16"):5.8
sr:172740	Crackers, matzo, plain	usda	395	10	83.7	1.4	0.5 oz:14.2|1 matzo:28
sr:172741	Crackers, matzo, egg	usda	391	12.3	78.6	2.1	0.5 oz:14.2|1 matzo:28
sr:172742	Crackers, matzo, whole-wheat	usda	351	13.1	78.9	1.5	0.5 oz:14.2|1 matzo:28
sr:172743	Crackers, rye, sandwich-type with cheese filling	usda	481	9.2	60.8	22.3	0.5 oz:14.2|1 cracker, sandwich:7
sr:172744	Crackers, rye, wafers, plain	usda	334	9.6	80.4	0.9	0.5 oz:14.2|1 cup, crushed:61|1 cracker (4-1/2" x 2-1/2" x 1/8"):11|1 cracker, triple:25
sr:172745	Crackers, rye, wafers, seasoned	usda	381	9	73.8	9.2	0.5 oz:14.2|1 cracker, triple:22
sr:172746	Crackers, saltines (includes oyster, soda, soup)	usda	418	9.46	74.05	8.64	5 crackers:14.9|0.5 oz:14.2|1 cup, crushed:70|5 crackers square (1 serving):15|1 cracker square:3|1 cracker, round large:10
sr:172747	Crackers, wheat, sandwich, with cheese filling	usda	497	9.8	58.2	25	0.5 oz:14.2|1 cracker, sandwich:7
sr:172748	Crackers, wheat, sandwich, with peanut butter filling	usda	495	13.5	53.8	26.7	0.5 oz:14.2|1 cracker, sandwich:7
sr:172749	Crackers, whole-wheat	usda	427	10.58	69.55	14.13	1 serving:28|6 crackers, Triscuits, regular size:28|1 cracker:4.6|0.5 oz:14.2|1 cup, crushed:94|1 Triscuit Bits:10
sr:172750	Cracker, meal	usda	383	9.3	80.9	1.7	1 oz:28.4|1 cup:115
sr:172751	Croutons, plain	usda	407	11.9	73.5	6.6	0.5 oz:14.2|1 cup:30
sr:172752	Croutons, seasoned	usda	465	10.8	63.5	18.3	0.5 oz:14.2|1 cup:40|1 package, fast food:10|4 cubes:1
sr:172753	Danish pastry, cinnamon, enriched	usda	403	7	44.6	22.4	1 oz:28.4|1 large (approx 7" dia):142|1 small or frozen (approx 3" dia):35|1 pastry (4-1/4" dia):65|1 Toaster Strudel:53|1 piece (1/8 of 15 oz ring):53
sr:172754	Danish pastry, cheese	usda	374	8	37.2	21.9	1 oz:28.4|1 pastry:71
sr:172755	Danish pastry, fruit, enriched (includes apple, cinnamon, raisin, lemon, raspberry, strawberry)	usda	371	5.4	47.8	18.5	1 oz:28.4|1 large (approx 7" dia):142|1 small or frozen (approx 3" dia):35|1 pastry (4-1/4" dia):71|1 Toaster Strudel:53|1 piece (1/8 of 15 oz ring):53
sr:172756	Doughnuts, french crullers, glazed	usda	412	3.1	59.5	18.3	1 oz:28.4|1 cruller (3" dia):41
sr:172757	Doughnuts, yeast-leavened, with creme filling	usda	361	6.4	30	24.5	1 oz:28.4|1 doughnut oval (3-1/2" x 2-1/2"):85
sr:172758	Doughnuts, yeast-leavened, glazed, enriched (includes honey buns)	usda	421	6.14	47.93	22.7	1 oz:28.4|1 doughnut hole:13|1 doughnut stick:56|1 extra large (approx 5" dia):122|1 jumbo (approx 6" dia):157|1 doughnut, large (approx 4-1/4" dia):75
sr:172759	Doughnuts, yeast-leavened, with jelly filling	usda	340	5.9	39	18.7	1 oz:28.4|1 doughnut oval (3-1/2" x 2-1/2"):85
sr:172760	Muffins, English, raisin-cinnamon, toasted (includes apple-cinnamon)	usda	276	8.87	55.04	2.21	1 oz:28.4|1 muffin:52
sr:172761	Muffins, English, wheat	usda	223	8.7	44.8	2	1 oz:28.4|1 muffin:57
sr:172762	Muffins, English, whole-wheat	usda	203	8.8	40.4	2.1	1 oz:28.4|1 muffin:66
sr:172763	French toast, frozen, ready-to-heat	usda	213	7.4	32.1	6.1	1 oz:28.4|1 piece:59
sr:172764	Muffins, plain, prepared from recipe, made with low fat (2%) milk	usda	296	6.9	41.4	11.4	1 oz:28.4|1 muffin:57
sr:172765	Muffins, blueberry, commercially prepared (Includes mini-muffins)	usda	375	4.49	53	16.07	1 oz:28.4|1 mini (1-1/4" dia):17|1 small (2-3/4" dia x 2"):66|1 medium:113|1 large (3-1/4" dia x 2-3/4"):139|1 extra large:168
sr:172766	Muffins, blueberry, dry mix	usda	293	3.48	61	3.25	1 serving:43|1 package, mix + drained berries:356|1 oz:28.4
sr:172767	Muffins, blueberry, toaster-type	usda	313	4.6	53.3	9.5	1 oz:28.4|1 muffin, toaster:33
sr:172768	Muffins, blueberry, prepared from recipe, made with low fat (2%) milk	usda	285	6.5	40.7	10.8	1 oz:28.4|1 muffin:57
sr:172769	Muffins, oat bran	usda	270	7	48.3	7.4	1 oz:28.4|1 mini:17|1 small:66|1 medium:113|1 large:139|1 extra large:168
sr:172770	Muffins, wheat bran, dry mix	usda	396	7.1	73	12	1 oz:28.4|1 package (7 oz):198
sr:172771	Pancakes plain, frozen, ready-to-heat (includes buttermilk)	usda	233	5.23	37.75	6.83	1 oz:28.4|1 pancake:41|1 pancake (6" dia):73|1 mini pancake:10.1|1 pancake:40
sr:172772	Pancakes, plain, dry mix, complete (includes buttermilk)	usda	368	9.77	73.65	3.1	0.33 cup:52|1 oz:28.4|1 cup, poured from box:130
sr:172773	Pancakes, blueberry, prepared from recipe	usda	222	6.1	29	9.2	1 oz:28.4|1 pancake (4" dia):38|1 pancake (6" dia):77
sr:172774	Pancakes, buckwheat, dry mix, incomplete	usda	340	10.9	71.3	2.7	1 oz:28.4|1 cup, poured from box:122
sr:172775	Pancakes, special dietary, dry mix	usda	349	8.9	73.9	1.4	1 oz:28.4|1 package (8 oz):227
sr:172776	Pancakes, whole-wheat, dry mix, incomplete	usda	344	12.8	71	1.5	1 oz:28.4|1 cup, poured from box:140
sr:172777	Pie, banana cream, prepared from recipe	usda	269	4.4	32.9	13.6	1 oz:28.4|1 pie (9" dia):1186|1 piece (1/8 of 9" dia):144
sr:172778	Pie, blueberry, commercially prepared	usda	232	1.8	34.9	10	1 oz:28.4|1 piece (1/8 of 9" dia):125|1 piece (1/6 of 8" pie):117
sr:172779	Pie, blueberry, prepared from recipe	usda	245	2.7	33.5	11.9	1 oz:28.4|1 piece (1/8 of 9" dia):147
sr:172780	Pie, cherry, commercially prepared	usda	260	2	39.8	11	1 oz:28.4|1 piece (1/8 of 9" dia):125|1 piece (1/6 of 8" pie):117
sr:172781	Pie, cherry, prepared from recipe	usda	270	2.8	38.5	12.2	1 oz:28.4|1 piece (1/8 of 9" dia):180
sr:172782	Pie, coconut custard, commercially prepared	usda	260	5.9	30.2	13.2	1 oz:28.4|1 piece (1/6 of 8" pie):104
sr:172783	Pie, egg custard, commercially prepared	usda	210	5.5	20.8	11.6	1 oz:28.4|1 piece (1/6 of 8" pie):105
sr:172784	Pie, fried pies, fruit	usda	316	3	42.6	16.1	1 oz:28.4|1 pie (5" x 3-3/4"):128
sr:172785	Pie, lemon meringue, commercially prepared	usda	268	1.5	47.2	8.7	1 oz:28.4|1 piece (1/6 of 8" pie):113
sr:172786	Pie, pecan, prepared from recipe	usda	412	4.9	52.2	22.2	1 oz:28.4|1 piece (1/8 of 9" dia):122
sr:172787	Pie, pumpkin, commercially prepared	usda	243	3.9	34.83	9.75	1 oz:28.4|1 slice:133|1 pie:995
sr:172788	Pie, pumpkin, prepared from recipe	usda	204	4.5	26.4	9.3	1 oz:28.4|1 piece (1/8 of 9" dia):155
sr:172789	Pie, vanilla cream, prepared from recipe	usda	278	4.8	32.6	14.4	1 oz:28.4|1 piece (1/8 of 9" dia):126
sr:172790	Puff pastry, frozen, ready-to-bake	usda	551	7.3	45.1	38.1	1 oz:28.4|1 shell:47
sr:172791	Phyllo dough	usda	299	7.1	52.6	6	1 oz:28.4|1 sheet dough:19
sr:172792	Popovers, dry mix, enriched	usda	371	10.4	71	4.3	1 oz:28.4|1 package (6 oz):170
sr:172793	Rolls, dinner, plain, commercially prepared (includes brown-and-serve)	usda	310	10.86	52.04	6.47	1 roll (1 oz):28|1 each (pan, dinner, or small roll) (2" square, 2" high):25|1 roll (hamburger, frankfurter, onion roll, bun, large roll):43|1 roll (foot long frankfurter roll):86
sr:172794	Rolls, dinner, whole-wheat	usda	266	8.7	51.1	4.7	1 roll (1 oz):28|1 roll (hamburger, frankfurter roll):43|1 roll, large submarine, hoagie:135|1 medium (2-1/2" dia):36|1 roll medium submarine, hoagie:94|1 roll (small submarine, hoagie roll):65
sr:172795	Rolls, french	usda	277	8.6	50.2	4.3	1 oz:28.4|1 roll:38
sr:172796	Rolls, hamburger or hotdog, plain	usda	279	9.77	50.12	3.91	1 roll 1 serving:44|1 oz:28.4
sr:172797	Rolls, hamburger or hotdog, mixed-grain	usda	263	9.6	44.6	6	1 oz:28.4|1 roll:43
sr:172798	Sweet rolls, cinnamon, refrigerated dough with frosting	usda	333	5	51.6	12.2	1 oz:28.4|1 roll:30
sr:172799	Sweet rolls, cinnamon, refrigerated dough with frosting, baked	usda	362	5.4	56.1	13.2	1 oz:28.4|1 roll:30
sr:172800	Taco shells, baked	usda	476	6.41	63.49	21.79	1 shell:12.9|1 taco:12.7|1 medium (approx 5" dia):13.3|1 large (6-1/2" dia):21|1 miniature (3" dia):5|1 oz:28.4
sr:172801	Toaster pastries, brown-sugar-cinnamon	usda	370	4.06	72.64	7.98	1 oz:28.4|1 pastry:51
sr:172802	Wonton wrappers (includes egg roll wrappers)	usda	291	9.8	57.9	1.5	1 oz:28.4|1 wrapper, eggroll (7" square):32|1 wrapper, wonton (3-1/2" square):8
sr:172803	Leavening agents, baking powder, double-acting, sodium aluminum sulfate	usda	53	0	27.7	0	1 tsp:4.6|0.5 tsp:2.3
sr:172804	Leavening agents, baking powder, double-acting, straight phosphate	usda	51	0.1	24.1	0	1 tsp:4.6|0.5 tsp:2.3
sr:172805	Leavening agents, baking powder, low-sodium	usda	97	0.1	46.9	0.4	1 tsp:5|0.5 tsp:2.5
sr:172806	Bread, crumbs, dry, grated, seasoned	usda	383	14.13	68.49	5.48	1 oz:28.4|1 cup:120
sr:172807	Cookies, oatmeal, prepared from recipe, without raisins	usda	447	6.8	66.4	17.9	1 oz:28.4|1 cookie (2-5/8" dia):15
sr:172808	Cookies, chocolate chip, prepared from recipe, made with butter	usda	488	5.7	58.2	28.4	1 oz:28.4|1 cookie, medium (2-1/4" dia):16
sr:172809	Bread, protein, (includes gluten), toasted	usda	270	13.2	48.1	2.4	1 oz:28.4|1 slice:17
sr:172810	Rolls, dinner, plain, prepared from recipe, made with low fat (2%) milk	usda	316	8.5	53.4	7.3	1 oz:28.4|1 large roll or bun (3-1/2" dia):43|1 roll (2-1/2" dia):35
sr:172811	Pie crust, cookie-type, prepared from recipe, graham cracker, chilled	usda	484	4.1	63.9	24.4	1 piece (1/8 of 9" crust):30|1 crust, single 9":244
sr:172812	Crackers, matzo, egg and onion	usda	391	10	77.1	3.9	0.5 oz:14.2|1 matzo:28
sr:172813	Pie crust, cookie-type, prepared from recipe, vanilla wafer, chilled	usda	531	3.7	50.2	36.2	1 cup:129|1 crust, single 9":176|1 piece (1/8 of 9" crust):22
sr:172814	Pie crust, standard-type, prepared from recipe, unbaked	usda	469	5.7	42.3	30.8	1 piece (1/8 of 9" crust):24|1 crust, single 9":194
sr:172815	Bread, cornbread, dry mix, unenriched (includes corn muffin mix)	usda	418	7	69.5	12.2	1 oz:28.4|1 package (8.5 oz):241
sr:172816	Bread, pita, white, unenriched	usda	275	9.1	55.7	1.2	1 oz:28.4|1 pita, large (6-1/2" dia):60
sr:172817	Bread, raisin, unenriched	usda	274	7.9	52.3	4.4	1 oz:28.4|1 slice, large:32|1 slice:26|1 slice, thin:23
sr:172818	Bread, white, commercially prepared, low sodium, no salt	usda	267	8.2	49.6	3.6	1 oz:28.4|1 cup, crumbs:45|1 cup, cubes:35|1 slice, large:30|1 slice:25|1 slice, thin:20
sr:172819	Cookies, butter, commercially prepared, unenriched	usda	467	6.1	68.9	18.8	1 oz:28.4|1 cookie:5
sr:172820	Cookies, chocolate chip, commercially prepared, regular, higher fat, unenriched	usda	481	5.4	66.8	22.6	1 oz:28.4|1 cookie, medium (2-1/4" dia):10|1 cookie, bite size (include Mini Chips Ahoy!):2.2
sr:172821	Cookies, ladyfingers, without lemon juice and rind	usda	363	10.6	59.7	9.1	1 oz:28.4|1 anisette sponge (4" x 1-1/8" x 7/8"):13|1 breakfast treat (approx 4" x 2" x 7/8"):24|1 ladyfinger:11
sr:172822	Crackers, melba toast, plain, without salt	usda	390	12.1	76.6	3.2	0.5 oz:14.2|1 cup, crushed:70|1 cup pieces:30|1 cup, rounds:33|1 melba round:3|1 piece (3-3/4" x 1-3/4" x 1/8"):5
sr:172823	Crackers, whole-wheat, low salt	usda	443	8.8	68.6	17.2	0.5 oz:14.2|1 cup, crushed:94|1 cracker:4|1 cracker, square:4|1 Triscuit Bits:10
sr:172824	Danish pastry, cinnamon, unenriched	usda	403	7	44.6	22.4	1 oz:28.4|1 large (approx 7" dia):142|1 small or frozen (approx 3" dia):35|1 pastry (4-1/4" dia):65|1 Toaster Strudel:53|1 piece (1/8 of 15 oz ring):53
sr:172825	Danish pastry, fruit, unenriched (includes apple, cinnamon, raisin, strawberry)	usda	371	5.4	47.8	18.5	1 oz:28.4|1 container (3 oz):142|1 small or frozen (approx 3" dia):35|1 pastry (4-1/4" dia):71|1 Toaster Strudel:53|1 piece (1/8 of 15 oz ring):53
sr:172826	Bread, white, commercially prepared, toasted, low sodium no salt	usda	293	9	54.4	4	1 oz:28.4|1 slice:23
sr:172827	Danish pastry, lemon, unenriched	usda	371	5.4	47.8	18.5	1 oz:28.4|1 pastry:71
sr:172828	English muffins, plain, unenriched, with calcium propionate (includes sourdough)	usda	235	7.7	46	1.8	1 oz:28.4|1 muffin:57
sr:172829	Quail, breast, meat only, raw	usda	123	22.59	0	2.99	3 oz:85|1 unit (yield from 1 lb ready-to cook quail):208|1 breast:56
sr:172830	Chicken, broiler, rotisserie, BBQ, wing, meat and skin	usda	257	23.42	0.6	18.04	3 oz:85|1 wing:51
sr:172831	Ruffed Grouse, breast meat, skinless, raw	usda	112	25.94	0	0.88	4 oz:113|1 breast:219|1 bird:627
sr:172832	Emu, ground, raw	usda	134	22.77	0	4.03	1 patty:117
sr:172833	Emu, ground, cooked, pan-broiled	usda	163	28.43	0	4.65	1 patty (yield from 135.8 g raw meat):109|1 serving ( 3 oz ):85
sr:172834	Emu, full rump, cooked, broiled	usda	168	33.67	0	2.68	1 serving ( 3 oz ):85|1 full rump cooked ( yield from 695 g raw meat ):496
sr:172835	Emu, inside drum, raw	usda	108	22.22	0	1.49	3 oz:85|1 inside drum:572
sr:172836	Emu, inside drums, cooked, broiled	usda	156	32.38	0	2.01	1 serving ( 3 oz ):85|1 inside drum cooked ( yield from 572 g raw meat ):416
sr:172837	Emu, outside drum, raw	usda	103	23.08	0	0.48	3 oz:85|1 outside drum:422
sr:172838	Emu, oyster, raw	usda	141	22.81	0	4.86	3 oz:85|1 steak:300
sr:172839	Ostrich, inside leg, raw	usda	111	22.39	0	1.72	1 serving ( cooked from 4 oz raw ):85|1 oz:28.4
sr:172840	Ostrich, inside leg, cooked	usda	141	29.01	0	1.94	1 serving ( 3 oz ):85
sr:172841	Ostrich, inside strip, raw	usda	127	23.69	0	2.87	1 serving (cooked from 4 oz raw):85|1 oz:28.4
sr:172842	Ostrich, inside strip, cooked	usda	164	29.37	0	4.26	1 serving ( 3 oz ):85
sr:172843	Ostrich, oyster, cooked	usda	159	28.81	0	3.97	1 serving ( 3 oz ):85
sr:172844	Ostrich, round, raw	usda	116	21.99	0	2.4	1 serving (cooked from 4 oz raw):85|1 oz:28.4|1 lb:453
sr:172845	Ostrich, tenderloin, raw	usda	123	22.07	0	3.19	1 serving (cooked from 4 oz raw):85|1 lb:456|1 oz:28.4
sr:172846	Ostrich, tip trimmed, raw	usda	114	21.85	0	2.3	1 serving ( cooked from 4 oz raw):85|1 oz:28.4|1 lb:453
sr:172847	Turkey, ground, fat free, raw	usda	112	23.57	0	1.95	4 oz:113|1 patty (cooked from 4 oz raw):85|1 lb:453
sr:172848	Turkey, ground, fat free, pan-broiled crumbles	usda	151	31.69	0	2.71	3 oz:85
sr:172849	Turkey, ground, fat free, patties, broiled	usda	138	28.99	0	2.48	3 oz:85|1 patty:85
sr:172850	Turkey, ground, 93% lean, 7% fat, raw	usda	150	18.73	0	8.34	4 oz:113|1 lb:453|1 serving (cooked from 4 oz):85
sr:172852	Chicken, broilers or fryers, dark meat, drumstick, meat only, cooked, braised	usda	149	23.93	0	5.95	3 oz:85|1 drumstick without skin:95|1 drumstick with skin:105
sr:172853	Chicken, broilers or fryers, dark meat, thigh, meat only, cooked, braised	usda	176	24.55	0	8.63	3 oz:85|1 thigh without skin:111|1 thigh with skin:129
sr:172854	Chicken, skin (drumsticks and thighs), cooked, braised	usda	443	14.61	0	42.76	3 oz:85|1 lb:453
sr:172855	Chicken, skin (drumsticks and thighs), raw	usda	440	9.58	0.79	44.23	4 oz:113|1 lb:453
sr:172856	Chicken, dark meat, drumstick, meat only, with added solution, cooked, roasted	usda	146	25.34	0	5	3 oz:85|1 drumstick without skin:91|1 drumstick with skin:129
sr:172857	Chicken, dark meat, drumstick, meat only, with added solution, cooked, braised	usda	149	22.99	0	6.33	3 oz:85|1 drumstick without skin:95|1 drumstick with skin:106
sr:172858	Chicken, dark meat, thigh, meat only, with added solution, cooked, braised	usda	164	23	0	7.96	3 oz:85|1 thigh without skin:132|1 thigh with skin:158
sr:172859	Chicken, dark meat, thigh, meat only, with added solution, raw	usda	110	19.11	0	3.69	4 oz:113|1 thigh without skin:148|1 thigh with skin:191
sr:172860	Chicken, dark meat, drumstick, meat and skin, with added solution, raw	usda	146	18.03	0	8.24	4 oz:113|1 drumstick with skin:143|1 drumstick without skin:130
sr:172861	Chicken, dark meat, drumstick, meat and skin, with added solution, cooked, roasted	usda	180	24.72	0.05	9	3 oz:85|1 drumstick with skin:129|1 drumstick without skin:91
sr:172862	Chicken, dark meat, thigh, meat and skin, with added solution, cooked, braised	usda	215	20.7	0.21	14.62	3 oz:85|1 thigh without skin:132|1 thigh with skin:158
sr:172863	Chicken, dark meat, thigh, meat and skin, with added solution, raw	usda	197	16.56	0	14.58	4 oz:113|1 thigh without skin:148|1 thigh:181
sr:172864	Turkey from whole, light meat, meat only, with added solution, raw	usda	101	21.54	0	1.66	4 oz:113
sr:172865	Turkey from whole, light meat, meat only, with added solution, cooked, roasted	usda	127	26.97	0	2.08	3 oz:85
sr:172866	Turkey, skin from whole (light and dark), with added solution, raw	usda	381	12.29	0.21	36.8	4 oz:113
sr:172867	Turkey, skin from whole, (light and dark), with added solution, roasted	usda	451	22.15	0	40.31	1 oz:28.4
sr:172868	Turkey, whole, meat only, with added solution, raw	usda	106	20.87	0.14	2.39	4 oz:113|1 bird:5717
sr:172869	Turkey, whole, meat only, with added solution, roasted	usda	140	26.61	0	3.7	3 oz:85|1 bird:4147
sr:172870	Turkey, whole, meat and skin, with added solution, raw	usda	159	19.03	0.15	9.1	4 oz:113|1 bird:5717
sr:172871	Turkey, whole, meat and skin, with added solution, roasted	usda	176	26.09	0	8.01	3 oz:85|1 bird:4147|1 lb:453
sr:172872	Turkey, retail parts, wing, meat only, cooked, roasted	usda	170	30.17	0	5.51	3 oz:85|1 wing:375
sr:172873	Turkey, skin, from retail parts, from dark meat, raw	usda	380	14.35	0	35.83	4 oz:113
sr:172874	Turkey, skin, from retail parts, from dark meat, cooked, roasted	usda	414	24.58	0	35.03	3 oz:85
sr:172875	Turkey, retail parts, drumstick, meat only, raw	usda	118	20.52	0	3.97	4 oz:113|1 drumstick:356
sr:172876	Turkey, breast, from whole bird, meat only, with added solution, raw	usda	102	21.54	0.14	1.66	4 oz:113|1 breast:2110|1 lb:453
sr:172877	Turkey, retail parts, thigh, meat only, cooked, roasted	usda	159	25.14	0.46	6.25	3 oz:85|1 thigh:348
sr:172878	Turkey, retail parts, drumstick, meat only, cooked, roasted	usda	173	28.61	0	6.52	3 oz:85|1 drumstick:275
sr:172879	Sauce, plum, ready-to-serve	usda	184	0.89	42.81	1.04	1 tbsp:19|1 cup:305
sr:172880	Sauce, pizza, canned, ready-to-serve	usda	54	2.18	8.66	1.15	0.25 cup:63
sr:172881	Soup, tomato bisque, canned, condensed	usda	96	1.76	18.47	1.95	0.5 cup (4 fl oz):129|1 can (11 oz), undiluted:312
sr:172882	Soup, tomato, canned, condensed	usda	66	1.46	15.22	0.44	1 cup:148|1 can:294
sr:172883	Soup, stock, beef, home-prepared	usda	13	1.97	1.2	0.09	1 cup:240
sr:172884	Soup, stock, chicken, home-prepared	usda	36	2.52	3.53	1.2	1 cup:240
sr:172885	Soup, stock, fish, home-prepared	usda	16	2.26	0	0.81	1 cup:233
sr:172886	Sauce, hoisin, ready-to-serve	usda	220	3.31	44.08	3.39	1 tbsp:16
sr:172887	Soup, cream of mushroom, canned, condensed, reduced sodium	usda	52	1.21	8.1	1.69	1 cup:251
sr:172888	Soup, chicken broth, less/reduced sodium, ready to serve	usda	7	1.36	0.38	0	1 cup:240
sr:172889	Soup, beef broth, less/reduced sodium, ready to serve	usda	6	1.14	0.2	0.07	1 cup:219|1 can (14.5 oz):407|1 carton (32 oz):923
sr:172890	Sauce, teriyaki, ready-to-serve, reduced sodium	usda	89	5.93	15.58	0.02	2 Tbsp:36
sr:172891	Soup, cream of asparagus, canned, prepared with equal volume milk	usda	65	2.55	6.61	3.3	1 cup (8 fl oz):248|1 can (10.75 oz), prepared:602
sr:172892	Soup, chicken vegetable with potato and cheese, chunky, ready-to-serve	usda	65	1.16	5.2	4.46	1 cup:245
sr:172893	Soup, cream of celery, canned, prepared with equal volume milk	usda	66	2.29	5.86	3.91	1 cup (8 fl oz):248|1 can (10.75 oz), prepared:602
sr:172894	Soup, cheese, canned, prepared with equal volume milk	usda	92	3.77	6.47	5.8	1 cup:251|1 can (11 oz), prepared:609
sr:172895	Soup, oyster stew, canned, prepared with equal volume milk	usda	55	2.51	3.99	3.24	1 cup (8 fl oz):245|1 can (10.5 oz), prepared:595
sr:172896	Soup, pea, green, canned, prepared with equal volume milk	usda	94	4.97	12.69	2.77	1 cup (8 fl oz):254|1 can (11.25 oz), prepared:616
sr:172897	Soup, cream of potato, canned, prepared with equal volume milk	usda	60	2.33	6.92	2.6	1 cup (8 fl oz):248|1 can (10.75 oz), prepared:602
sr:172898	Soup, cream of shrimp, canned, prepared with equal volume low fat (2%) milk	usda	61	2.78	5.64	3.23	1 cup (8 fl oz):253|1 fl oz:31.6
sr:172899	Soup, HEALTHY CHOICE Chicken and Rice Soup, canned	usda	37	2.53	5.71	0.55	1 serving 1 cup:240
sr:172900	Soup, HEALTHY CHOICE Garden Vegetable Soup, canned	usda	51	2.13	10.04	0.21	1 serving 1 cup:246
sr:172901	CAMPBELL'S, Cream of Mushroom Soup, condensed	usda	81	1.29	6.59	5.5	0.5 cup condensed:129
sr:172902	Soup, tomato bisque, canned, prepared with equal volume milk	usda	79	2.51	11.73	2.63	1 cup (8 fl oz):251|1 can (11 oz), prepared:609
sr:172903	Soup, black bean, canned, prepared with equal volume water	usda	46	2.42	7.71	0.66	1 cup:247|1 can (11 oz), prepared:600
sr:172904	Soup, bean with pork, canned, prepared with equal volume water	usda	63	2.88	8.31	2.16	1 serving 1 cup:266|1 fl oz:33.3
sr:172905	Soup, bean with frankfurters, canned, prepared with equal volume water	usda	75	3.99	8.8	2.79	1 cup (8 fl oz):250|1 can (11.25 oz), prepared:607
sr:172906	Soup, beef noodle, canned, prepared with equal volume water	usda	34	1.93	3.58	1.23	1 cup (8 fl oz):244|1 can (10.75 oz), prepared:593
sr:172907	Soup, cream of celery, canned, prepared with equal volume water	usda	37	0.68	3.62	2.29	1 cup:248|1 can (10.75 oz), prepared:593
sr:172908	Soup, chicken gumbo, canned, prepared with equal volume water	usda	23	1.08	3.43	0.59	1 cup:244|1 can (10.75 oz), prepared:593
sr:172909	Soup, chicken noodle, canned, prepared with equal volume water	usda	24	1.16	2.97	0.76	1 serving 1 cup:248
sr:172910	Soup, chicken with rice, canned, prepared with equal volume water	usda	24	1.45	2.92	0.78	1 serving 1 cup:243
sr:172911	Soup, chili beef, canned, prepared with equal volume water	usda	57	2.49	9.23	1.24	1 cup:261|1 fl oz:32.6
sr:172912	CAMPBELL'S CHUNKY, Old Fashioned Vegetable Beef Soup	usda	49	3.16	6.24	1.23	1 cup:247|1 can:529
sr:172913	Soup, minestrone, canned, prepared with equal volume water	usda	34	1.77	4.66	1.04	1 cup (8 fl oz):241|1 can (10.5 oz), prepared:586
sr:172914	Soup, mushroom barley, canned, prepared with equal volume water	usda	30	0.77	4.8	0.93	1 cup (8 fl oz):244|1 can (10.75 oz), prepared:593
sr:172915	Soup, cream of mushroom, canned, prepared with equal volume water	usda	39	0.66	3.33	2.59	1 serving 1 cup:248|1 fl oz:31
sr:172916	Soup, pea, split with ham, canned, prepared with equal volume water	usda	75	4.08	11.05	1.74	1 cup (8 fl oz):253|1 can (11.5 oz), prepared:614
sr:172917	Soup, cream of potato, canned, prepared with equal volume water	usda	30	0.72	4.7	0.97	1 cup (8 fl oz):244|1 can (10.75 oz), prepared:593
sr:172918	Soup, cream of shrimp, canned, prepared with equal volume water	usda	36	1.11	3.27	2.07	1 cup:244|1 can (10.75 oz), prepared:593
sr:172919	Soup, tomato beef with noodle, canned, prepared with equal volume water	usda	56	1.78	8.44	1.71	1 cup:244|1 can (10.75 oz), prepared:593
sr:172920	Soup, tomato rice, canned, prepared with equal volume water	usda	47	0.82	8.54	1.06	1 cup:247|1 can (11 oz), prepared:600
sr:172921	Soup, vegetable with beef broth, canned, prepared with equal volume water	usda	33	1.21	5.35	0.78	1 cup (8 fl oz):241|1 can (10.5 oz), prepared:586
sr:172922	Soup, beef broth or bouillon, powder, prepared with water	usda	3	0.21	0.25	0.08	1 serving 1 cup:240|1 fl oz:29.9
sr:172923	Soup, beef broth, cubed, prepared with water	usda	3	0.21	0.25	0.08	1 serving 1 cup:240|1 fl oz:29.9
sr:172924	Soup, chicken broth or bouillon, dry, prepared with water	usda	4	0.28	0.3	0.23	1 cup 8 fl oz:241|1 fl oz:30.1
sr:172925	Soup, chicken noodle, dry, mix, prepared with water	usda	23	0.84	3.67	0.55	1 cup:245
sr:172926	Olive loaf, pork	usda	235	11.8	9.2	16.5	1 slice (1 oz) (4" x 4" x 3/32" thick):28|2 slices:57
sr:172927	Pastrami, turkey	usda	139	16.3	3.34	6.21	2 slices:57|1 package (8 oz):227
sr:172928	Pate, chicken liver, canned	usda	201	13.45	6.55	13.1	1 tbsp:13|1 oz:28.4
sr:172929	Pate, goose liver, smoked, canned	usda	462	11.4	4.67	43.84	1 tbsp:13|1 oz:28.4
sr:172930	Pate, liver, not specified, canned	usda	319	14.2	1.5	28	1 tbsp:13|1 oz:28.4
sr:172931	Luxury loaf, pork	usda	141	18.4	4.9	4.8	1 slice (1 oz) (4" x 4" x 3/32" thick):28|2 slices:57
sr:172932	Mother's loaf, pork	usda	282	12.07	7.53	22.3	1 oz:28.4|1 slice (4-1/4" x 4-1/4" x 1/16"):21
sr:172933	Picnic loaf, pork, beef	usda	232	14.92	4.76	16.64	1 slice (1 oz) (4" x 4" x 3/32" thick):28|2 slices:57
sr:172934	Pork sausage, link/patty, unprepared	usda	288	15.39	0.93	24.8	1 link:25
sr:172935	Salami, cooked, beef	usda	261	12.6	1.9	22.2	1 slice:26|1 oz:28.4
sr:172936	Salami, cooked, beef and pork	usda	336	21.85	2.4	25.9	1 slice round:12.3
sr:172937	Salami, cooked, turkey	usda	172	19.2	1.55	9.21	1 serving:28
sr:172938	Salami, dry or hard, pork	usda	407	22.58	1.6	33.72	1 package (4 oz):113|1 slice (3-1/8" dia x 1/16" thick):10
sr:172939	Sausage, smoked link sausage, pork and beef (nonfat dry milk added)	usda	313	13.28	1.92	27.61	1 link (4" long x 1-1/8" dia):68|1 link, little (2" long x 3/4" dia):16
sr:172940	Thuringer, cervelat, summer sausage, beef, pork	usda	362	17.45	3.33	30.43	2 oz 1 serving:56
sr:172941	Turkey breast, sliced, prepackaged	usda	106	14.81	2.2	3.77	1 slice:16
sr:172942	Sausage, Vienna, canned, chicken, beef, pork	usda	230	10.5	2.6	19.4	1 sausage (7/8" dia x 2" long):16|7 sausages (drained contents from can, net wt 4 oz):113
sr:172943	Honey roll sausage, beef	usda	182	18.58	2.18	10.5	1 slice (4" dia x 1/8" thick):23|1 oz:28.4
sr:172944	Oscar Mayer, Braunschweiger Liver Sausage (sliced)	usda	331	14.25	2.6	29.35	3 oz:85|1 serving (1 slice):28
sr:172945	Oscar Mayer, Chicken Breast (honey glazed)	usda	109	19.85	4.3	1.5	1 serving (4 slices):52
sr:172946	Oscar Mayer, Ham (chopped with natural juice)	usda	180	16.3	3.65	11.15	1 serving (1 slice):28
sr:172947	Oscar Mayer, Salami (hard)	usda	368	25.9	1.6	28.7	1 serving 3 slices:27|1 slice:9
sr:172948	Sausage, turkey, pork, and beef, low fat, smoked	usda	101	8	11.54	2.5	3 oz:85|1 lb 16 oz:453.6
sr:172949	Frankfurter, beef, pork, and turkey, fat free	usda	109	12.5	11.21	1.59	1 frank 1 NLEA serving:57
sr:172950	Luncheon meat, pork, ham, and chicken, minced, canned, reduced sodium, added ascorbic acid, includes SPAM, 25% less sodium	usda	293	12.5	3.4	25.1	2 oz 1 NLEA serving:56
sr:172951	Luncheon meat, pork with ham, minced, canned, includes Spam (Hormel)	usda	315	13.4	4.6	26.6	2 oz 1 NLEA serving:56
sr:172952	Sausage, Italian, sweet, links	usda	149	16.13	2.1	8.42	1 link 3 oz:84
sr:172953	Sausage, Polish, beef with chicken, hot	usda	259	17.6	3.6	19.4	1 serving 5 pieces:55|5 pieces:55
sr:172954	Sausage, Polish, pork and beef, smoked	usda	301	12.07	1.98	26.56	1 serving 2.67 oz:76
sr:172955	Sausage, pork and beef, with cheddar cheese, smoked	usda	296	12.89	2.13	25.84	12 oz serving 2.7 oz:77
sr:172956	Bratwurst, beef and pork, smoked	usda	297	12.2	2	26.34	1 serving 2.33 oz:66
sr:172957	Bratwurst, chicken, cooked	usda	176	19.44	0	10.35	1 serving 2.96 oz:84
sr:172958	Bratwurst, pork, beef and turkey, lite, smoked	usda	186	14.45	1.62	13.53	1 serving 2.33 oz:66
sr:172959	Pastrami, beef, 98% fat-free	usda	95	19.6	1.54	1.16	1 serving 6 slices:57
sr:172960	Yachtwurst, with pistachio nuts, cooked	usda	268	14.8	1.4	22.6	1 serving 2 oz:56
sr:172961	Beerwurst, pork and beef	usda	276	14	4.27	22.53	1 serving 2 oz:56
sr:172962	Chicken breast, fat-free, mesquite flavor, sliced	usda	80	16.8	2.25	0.39	1 serving 2 slices:42
sr:172963	Chicken breast, oven-roasted, fat-free, sliced	usda	79	16.79	2.17	0.39	1 serving 2 slices:42
sr:172964	Frankfurter, pork	usda	269	12.81	0.28	23.68	1 link:76
sr:172965	Macaroni and cheese loaf, chicken, pork and beef	usda	228	11.76	11.63	14.96	1 slice:38
sr:172966	Salami, Italian, pork and beef, dry, sliced, 50% less sodium	usda	350	21.8	6.4	26.4	1 serving 5 slices:28
sr:172967	Pate, truffle flavor	usda	327	11.2	6.3	28.5	1 serving 2 oz:56
sr:172968	Frankfurter, meat	usda	290	10.26	4.17	25.76	1 serving (1 hot dog):52
sr:172969	Scrapple, pork	usda	213	8.06	14.06	13.87	1 cubic inch:17|1 oz cooked:25|2 oz:56
sr:172970	Bologna, chicken, turkey, pork	usda	298	9.88	5.65	26.18	1 serving:28|1 slice:28
sr:172971	Pork sausage, link/patty, fully cooked, microwaved	usda	438	15.12	0.62	41.66	1 patty:30|1 link:21|1 serving:48
sr:172972	Cereals, QUAKER, QUAKER MultiGrain Oatmeal, dry	usda	334	12.64	72.62	2.73	0.5 cup (1 NLEA serving):40
sr:172973	Cereals ready-to-eat, chocolate-flavored frosted puffed corn	usda	405	3.34	87.2	3.5	1 cup:30
sr:172974	Cereals ready-to-eat, QUAKER, Toasted Multigrain Crisps	usda	372	12.38	74.9	5.11	1.25 cup (1 NLEA serving):57
sr:172975	Cereals ready-to-eat, QUAKER, QUAKER 100% Natural Granola with Oats, Wheat, Honey, and Raisins	usda	412	9.66	74.67	10.38	0.5 cup (1 NLEA serving):51
sr:172976	Cereals ready-to-eat, QUAKER, Low Fat 100% Natural Granola with Raisins	usda	388	8.42	80.57	5.52	0.66 cup (1 NLEA serving):55
sr:172977	Cereals, QUAKER, Instant Grits, Butter flavor, dry	usda	369	8.12	74.83	5.64	1 packet (1 NLEA serving):28
sr:172978	Cereals, Oat Bran, QUAKER, QUAKER/MOTHER'S Oat Bran, prepared with water, salt	usda	43	2.03	7.49	0.95	
sr:172979	Cereals, QUAKER, QUAKER MultiGrain Oatmeal, prepared with water, no salt	usda	61	2.08	13.49	0.47	
sr:172980	Cereals, QUAKER, QUAKER MultiGrain Oatmeal, prepared with water, salt	usda	61	2.07	13.47	0.47	
sr:172981	Cereals ready-to-eat, HEALTH VALLEY, FIBER 7 Flakes	usda	353	14.44	78.15	1.41	0.75 cup (1 NLEA serving):31
sr:172982	Cereals ready-to-eat, MALT-O-MEAL, BERRY COLOSSAL CRUNCH	usda	396	4.19	86.55	4.17	0.75 cup (1 NLEA serving):30
sr:172983	Cereals ready-to-eat, MALT-O-MEAL, Crispy Rice	usda	346	6.07	86.4	1.12	1.25 cup (1 NLEA serving):33
sr:172984	Cereals ready-to-eat, MALT-O-MEAL, TOOTIE FRUITIES	usda	391	4.69	85.94	3.2	1 cup (1 NLEA serving):32
sr:172985	Cereals ready-to-eat, QUAKER, MOTHER'S PEANUT BUTTER BUMPERS Cereal	usda	407	7.62	79.68	7.33	1 cup (1 NLEA serving):33
sr:172986	Cereals ready-to-eat, QUAKER, MOTHER'S Toasted Oat Bran cereal	usda	372	11.45	75.41	5.04	0.75 cup (1 NLEA serving):32
sr:172987	Cereals ready-to-eat, QUAKER, Shredded Wheat, bagged cereal	usda	348	11.24	81.01	2.01	3 biscuits (1 NLEA serving):63
sr:172988	Cereals ready-to-eat, SUN COUNTRY, KRETSCHMER Wheat Germ, Regular	usda	366	31.43	49.38	9.56	2 tbsp (1 NLEA serving):14
sr:172989	Cereals, QUAKER, Quick Oats, Dry	usda	371	13.7	68.18	6.87	0.5 cup:40
sr:172990	Cereals ready-to-eat, MALT-O-MEAL, Frosted Flakes	usda	389	4.25	90.2	0.87	0.75 cup (1 NLEA serving):31
sr:172991	Cereals, QUAKER, Instant Oatmeal, Raisin and Spice, dry	usda	360	9.11	75.68	4	1 packet (1 NLEA serving):43
sr:172992	Cereals, QUAKER, Instant Grits, Redeye Gravy & Country Ham flavor, dry	usda	342	9.83	75.86	1.58	1 packet (1 NLEA serving):28
sr:172993	Cereals, QUAKER, Instant Grits Product with American Cheese Flavor, dry	usda	360	8.8	74.18	4.67	1 packet (1 NLEA serving):28
sr:172994	Cereals, QUAKER, Instant Grits, Ham 'n' Cheese flavor, dry	usda	355	10.73	71.08	4.68	1 packet (1 NLEA serving):28
sr:172995	Cereals ready-to-eat, MALT-O-MEAL, HONEY GRAHAM SQUARES	usda	398	4.46	74.68	9.97	0.75 cup (1 NLEA serving):30
sr:172996	Cereals ready-to-eat, MALT-O-MEAL, Raisin Bran Cereal	usda	342	7.63	80.37	1.87	1 cup (1 NLEA serving):59
sr:172997	Cereals ready-to-eat, MALT-O-MEAL, Blueberry MUFFIN TOPS Cereal	usda	443	4.9	79.91	11.48	0.75 cup (1 NLEA serving):30
sr:172998	Cereals, MALT-O-MEAL, Farina Hot Wheat Cereal, dry	usda	365	10.48	77.2	0.49	3 tbsp (1 NLEA serving):35
sr:172999	Cereals, MALT-O-MEAL, Maple & Brown Sugar Hot Wheat Cereal, dry	usda	368	8.82	80.52	0.47	0.25 cup (1 NLEA serving):45
sr:173000	Cereals ready-to-eat, MALT-O-MEAL, Frosted Mini SPOONERS	usda	354	9.09	81.81	1.94	1 cup (1 NLEA serving):55
sr:173001	Cereals ready-to-eat, MALT-O-MEAL, Fruity DYNO-BITES	usda	404	3.9	90.1	3.15	0.75 cup:27
sr:173002	Cereals ready-to-eat, RALSTON Enriched Wheat Bran flakes	usda	390	10.21	79.77	3.36	1 serving (NLEA serving size = 0.75 cup):29|1 cup:42
sr:173003	Cereals ready-to-eat, RALSTON Corn Biscuits	usda	376	5.83	85.79	1.05	1 cup (NLEA serving):30
sr:173004	Cereals, MALT-O-MEAL, chocolate, prepared with water, without salt	usda	47	1.37	9.22	0.1	1 serving (3 T dry cereal plus 1 cup water):268
sr:173005	Cereals ready-to-eat, POST GREAT GRAINS Cranberry Almond Crunch	usda	384	8.9	76.6	5.9	0.75 cup (1 NLEA serving):48
sr:173006	Rice and Wheat cereal bar	usda	409	9.09	72.73	9.09	1 bar:22
sr:173007	Cereals ready-to-eat, QUAKER, QUAKER Honey Graham LIFE Cereal	usda	373	9.33	78.56	4.14	0.75 cup (1 NLEA serving):32
sr:173008	Cereals, CREAM OF WHEAT, 2 1/2 minute cook time, cooked with water, stove-top, without salt	usda	56	1.44	11.74	0.2	1 cup:244
sr:173009	Cereals, CREAM OF WHEAT, 2 1/2 minute cook time, cooked with water, microwaved, without salt	usda	52	1.88	10.1	0.37	1 cup:231
sr:173010	Cereals, CREAM OF WHEAT, 1 minute cook time, dry	usda	359	11.77	72.63	1.47	3 tablespoon (1 serving):33|1 tbsp:13.7|1 cup:194
sr:173011	Cereals, CREAM OF WHEAT, 1 minute cook time, cooked with water, stove-top, without salt	usda	56	1.65	11.16	0.42	1 cup:245
sr:173012	Cereals, CREAM OF WHEAT, 1 minute cook time, cooked with water, microwaved, without salt	usda	55	1.95	10.67	0.37	1 cup:237
sr:173013	Cereals ready-to-eat, QUAKER, Cap'n Crunch's OOPS! All Berries Cereal	usda	395	4.6	87.1	3.99	1 cup (1 NLEA serving):32
sr:173014	Cereals ready-to-eat, QUAKER Oatmeal Squares, Golden Maple	usda	380	11.3	78.04	4.83	1 cup (1 NLEA serving):56
sr:173015	Cereals ready-to-eat, POST, HONEY BUNCHES OF OATS with vanilla bunches	usda	394	7.9	81.8	5.1	1 cup (1 NLEA serving):56
sr:173016	Cereals, QUAKER, Instant Oatmeal, Cinnamon Spice, reduced sugar	usda	358	11.26	69.45	6.11	1 packet (1 NLEA serving):34
sr:173017	Cereals ready-to-eat, NATURE'S PATH, Organic FLAX PLUS flakes	usda	350	11.91	75.27	5.46	0.75 cup (1 NLEA serving):30
sr:173018	Cereals ready-to-eat, BARBARA'S PUFFINS, original	usda	333	7.41	84	3.7	0.75 cup (1 NLEA serving):27
sr:173019	Cereals ready-to-eat, POST, HONEY BUNCHES OF OATS, with real strawberries	usda	399	6.7	83.3	4.9	0.75 cup (1 NLEA serving):31
sr:173020	Cereals ready-to-eat, POST HONEY BUNCHES OF OATS with cinnamon bunches	usda	400	7.1	82.8	5	0.75 cup (1 NLEA serving):30
sr:173021	Figs, raw	usda	74	0.75	19.18	0.3	1 large (2-1/2" dia):64|1 medium (2-1/4" dia):50|1 small (1-1/2" dia):40
sr:173022	Figs, canned, water pack, solids and liquids	usda	53	0.4	13.99	0.1	1 cup:248|1 fig with liquid:27
sr:173023	Figs, canned, light syrup pack, solids and liquids	usda	69	0.39	17.95	0.1	1 cup:252|1 fig with liquid:28
sr:173024	Figs, canned, heavy syrup pack, solids and liquids	usda	88	0.38	22.9	0.1	1 cup:259|1 fig with liquid:28
sr:173025	Figs, canned, extra heavy syrup pack, solids and liquids	usda	107	0.38	27.86	0.1	1 cup:261
sr:173026	Fruit cocktail, (peach and pineapple and pear and grape and cherry), canned, extra light syrup, solids and liquids	usda	45	0.4	11.63	0.07	0.5 cup:123
sr:173027	Fruit cocktail, (peach and pineapple and pear and grape and cherry), canned, light syrup, solids and liquids	usda	57	0.4	14.93	0.07	1 cup:242
sr:173028	Fruit cocktail, (peach and pineapple and pear and grape and cherry), canned, heavy syrup, solids and liquids	usda	73	0.39	18.91	0.07	1 cup:248
sr:173029	Fruit cocktail, (peach and pineapple and pear and grape and cherry), canned, extra heavy syrup, solids and liquids	usda	88	0.39	22.89	0.07	0.5 cup:130|1 cup:260
sr:173030	Gooseberries, raw	usda	44	0.88	10.18	0.58	1 cup:150
sr:173031	Gooseberries, canned, light syrup pack, solids and liquids	usda	73	0.65	18.75	0.2	1 cup:252
sr:173032	Goji berries, dried	usda	349	14.26	77.06	0.39	5 tbsp:28
sr:173033	Grapefruit, raw, pink and red and white, all areas	usda	32	0.63	8.08	0.1	1 cup sections, with juice:230|0.5 large (approx 4-1/2" dia):166|0.5 medium (approx 4" dia):128|0.5 small (approx 3-1/2" dia):100
sr:173034	Grapefruit, raw, white, Florida	usda	32	0.63	8.19	0.1	1 cup sections, with juice:230|0.5 fruit (3-3/4" dia):118
sr:173035	Grapefruit, sections, canned, water pack, solids and liquids	usda	36	0.58	9.15	0.1	1 cup:244
sr:173036	Grapefruit, sections, canned, juice pack, solids and liquids	usda	37	0.7	9.21	0.09	1 cup:249
sr:173037	Grapefruit, sections, canned, light syrup pack, solids and liquids	usda	60	0.56	15.44	0.1	1 cup:254
sr:173038	Grapefruit juice, pink or red, with added calcium	usda	39	0.51	7.74	0.68	8 fl oz:240|1 cup:252
sr:173039	Grapefruit juice, white, raw	usda	39	0.5	9.2	0.1	1 cup:247|1 fl oz:30.9|1 fruit yields:196
sr:173040	Grapes, muscadine, raw	usda	57	0.81	13.93	0.47	1 grape:6
sr:173041	Grape juice, canned or bottled, unsweetened, with added ascorbic acid	usda	60	0.37	14.77	0.13	1 cup:253|1 fl oz:31.6
sr:173042	Grape juice, canned or bottled, unsweetened, without added ascorbic acid	usda	60	0.37	14.77	0.13	1 cup:253|1 fl oz:31.6
sr:173043	Groundcherries, (cape-gooseberries or poha), raw	usda	53	1.9	11.2	0.7	1 cup:140
sr:173044	Guavas, common, raw	usda	68	2.55	14.32	0.95	1 cup:165|1 fruit, without refuse:55
sr:173045	Guavas, strawberry, raw	usda	69	0.58	17.36	0.6	1 cup:244|1 fruit without refuse:6
sr:173046	Beef, top loin petite roast, boneless, separable lean only, trimmed to 1/8" fat, all grades, cooked, roasted	usda	195	28.33	0.82	8.76	3 oz:85|1 roast:634
sr:173047	Beef, top loin petite roast, boneless, separable lean only, trimmed to 1/8" fat, choice, cooked, roasted	usda	206	28.24	0.88	9.97	3 oz:85|1 roast:677
sr:173048	Beef, top loin petite roast, boneless, separable lean only, trimmed to 1/8" fat, select, cooked, roasted	usda	179	28.48	0.74	6.95	3 oz:85|1 roast:571
sr:173049	Beef, top loin petite roast/filet, boneless, separable lean only, trimmed to 1/8" fat, all grades, raw	usda	143	22.61	0	5.84	4 oz:113|1 fillet:173|1 roast:852
sr:173050	Beef, loin, top sirloin filet, boneless, separable lean only, trimmed to 0" fat, select, cooked, grilled	usda	165	30.78	0	4.68	3 oz:85|1 fillet:115
sr:173051	Beef, loin, top sirloin petite roast, boneless, separable lean only, trimmed to 0" fat, all grades, cooked, roasted	usda	170	29.12	0	5.92	3 oz:85|1 roast:768
sr:173052	Beef, loin, top sirloin petite roast, boneless, separable lean only, trimmed to 0" fat, select, cooked, roasted	usda	165	29.35	0	5.25	3 oz:85|1 roast:765
sr:173053	Beef, loin, top sirloin petite roast/filet, boneless, separable lean only, trimmed to 0" fat, all grades, raw	usda	128	23.04	0	3.98	4 oz:113|1 fillet:180|1 roast:970
sr:173054	Beef, ribeye cap steak, boneless, separable lean only, trimmed to 0" fat, all grades, cooked, grilled	usda	246	24.66	1.53	15.7	3 oz:85|1 steak:209
sr:173055	Beef, ribeye cap steak, boneless, separable lean only, trimmed to 0" fat, choice, cooked, grilled	usda	259	24.24	1.81	17.21	3 oz:85|1 steak:208
sr:173056	Beef, ribeye cap steak, boneless, separable lean only, trimmed to 0" fat, select, cooked, grilled	usda	226	25.28	1.1	13.43	3 oz:85|1 steak:211
sr:173057	Beef, ribeye cap steak, boneless, separable lean only, trimmed to 0" fat, all grades, raw	usda	180	19.7	1.51	10.6	4 oz:113|1 steak:256
sr:173058	Beef, ribeye petite roast, boneless, separable lean only, trimmed to 0" fat, all grades, cooked, roasted	usda	178	28.15	0	7.31	3 oz:85|1 roast:699
sr:173059	Beef, ribeye petite roast, boneless, separable lean only, trimmed to 0" fat, choice, cooked, roasted	usda	188	28	0	8.42	3 oz:85|1 roast:714
sr:173060	Beef, ribeye petite roast, boneless, separable lean only, trimmed to 0" fat, select, cooked, roasted	usda	164	28.37	0	5.65	3 oz:85|1 roast:675
sr:173061	Beef, loin, top sirloin cap steak, boneless, separable lean and fat, trimmed to 1/8" fat, all grades, cooked, grilled	usda	242	26	0.8	15	3 oz:85|1 steak:161
sr:173062	Beef, loin, top sirloin cap steak, boneless, separable lean and fat, trimmed to 1/8" fat, select, raw	usda	179	20.1	0	10.9	4 oz:113|1 steak:199
sr:173063	Beef, top loin filet, boneless, separable lean and fat, trimmed to 1/8" fat, all grades, cooked, grilled	usda	239	27.4	0.6	14.1	3 oz:85|1 fillet:135
sr:173064	Beef, top loin filet, boneless, separable lean and fat, trimmed to 1/8" fat, choice, cooked, grilled	usda	253	26.8	0.6	15.9	3 oz:85|1 fillet:135
sr:173065	Beef, top loin filet, boneless, separable lean and fat, trimmed to 1/8" fat, select, cooked, grilled	usda	219	28.3	0.4	11.6	3 oz:85|1 fillet:135
sr:173066	Beef, top loin petite roast/filet, boneless, separable lean and fat, trimmed to 1/8" fat, choice, raw	usda	199	20.8	0.6	12.6	4 oz:113|1 fillet:178|1 roast:844
sr:173067	Beef, top loin petite roast/filet, boneless, separable lean and fat, trimmed to 1/8" fat, select, raw	usda	170	21.6	0	9.3	4 oz:113|1 fillet:166|1 roast:866
sr:173068	Beef, Australian, imported, grass-fed, ground, 85% lean / 15% fat, raw	usda	239	17.72	0	18.12	4 oz (4 oz):113
sr:173069	Beef, loin, top loin steak, boneless, lip-on, separable lean only, trimmed to 1/8" fat, choice, cooked, grilled	usda	208	28.66	0	10.34	3 oz:85|1 steak:236
sr:173070	Beef, loin, top loin steak, boneless, lip-on, separable lean only, trimmed to 1/8" fat, select, cooked, grilled	usda	184	29.67	0	7.26	3 oz:85|1 steak:234
sr:173071	Beef, loin, top loin steak, boneless, lip-on, separable lean only, trimmed to 1/8" fat, all grades, cooked, grilled	usda	198	29.06	0	9.11	3 oz:85|1 steak:235
sr:173072	Beef, loin, top loin steak, boneless, lip-on, separable lean and fat, trimmed to 1/8" fat, choice, raw	usda	205	21.13	0	13.36	4 oz:113|1 steak:301
sr:173073	Beef, New Zealand, imported, brisket point end, separable lean only, cooked, braised	usda	202	34.51	0	7.05	3 oz:85
sr:173074	Beef, New Zealand, imported, brisket point end, separable lean only, raw	usda	125	20.92	0	4.62	4 oz:113
sr:173075	Beef, New Zealand, imported, chuck eye roll, separable lean only, raw	usda	131	20.46	0	5.41	4 oz:113
sr:173076	Beef, New Zealand, imported, chuck eye roll, separable lean only, cooked, braised	usda	208	32.08	0	8.89	1 serving:85
sr:173077	Beef, New Zealand, imported, flank, separable lean only, cooked, braised	usda	194	30.75	0	7.92	3 oz:85
sr:173078	Beef, New Zealand, imported, flank, separable lean only, raw	usda	142	20.53	0	6.67	4 oz:113
sr:173079	Beef, New Zealand, imported, flat, separable lean only, cooked, braised	usda	226	33.22	0	10.3	3 oz:85
sr:173080	Beef, New Zealand, imported, flat, separable lean only, raw	usda	154	21.3	0	7.69	4 oz:113
sr:173081	Beef, New Zealand, imported, variety meats and by-products, heart, cooked, boiled	usda	179	31.29	0	6	3 oz:85
sr:173082	Beef, New Zealand, imported, intermuscular fat, cooked	usda	560	7.9	3.39	57.22	3 oz:85
sr:173083	Beef, New Zealand, imported, intermuscular fat, raw	usda	602	6.97	0.01	63.78	4 oz:113
sr:173084	Beef, New Zealand, imported, variety meats and by-products, kidney, cooked, boiled	usda	157	27.28	0	5.27	3 oz:85
sr:173085	Beef, New Zealand, imported, knuckle, cooked, fast fried	usda	178	27.51	0	7.58	3 oz:85
sr:173086	Beef, New Zealand, imported, manufacturing beef, raw	usda	119	21.23	0.23	3.68	4 oz:113
sr:173087	Beef, New Zealand, imported, oyster blade, separable lean only, cooked, braised	usda	196	29.87	0	8.46	3 oz:85
sr:173088	Beef, New Zealand, imported, oyster blade, separable lean only, raw	usda	155	21.83	0	7.56	4 oz:113
sr:173089	Beef, New Zealand, imported, ribs prepared, cooked, fast roasted	usda	197	27.23	0.09	9.74	3 oz:85
sr:173090	Beef, New Zealand, imported, subcutaneous fat, cooked	usda	731	6.5	0	78.3	3 oz:85
sr:173091	Beef, New Zealand, imported, subcutaneous fat, raw	usda	685	8.5	0	72.38	4 oz:113
sr:173092	Beef, New Zealand, imported, sweetbread, cooked, boiled	usda	318	12.53	0	29.79	3 oz:85
sr:173093	Beef, New Zealand, imported, sweetbread, raw	usda	303	11.51	0	28.6	4 oz:113
sr:173094	Beef, New Zealand, imported, tenderloin, separable lean only, cooked, fast fried	usda	200	29.37	0.27	9.01	3 oz:85
sr:173095	Beef, New Zealand, imported, variety meats and by-products, tripe cooked, boiled	usda	103	19	0	2.98	3 oz:85
sr:173096	Beef, New Zealand, imported, variety meats and by-products, tripe uncooked, raw	usda	77	14.86	0	1.98	4 oz:113
sr:173097	Beef, New Zealand, imported, bolar blade, separable lean and fat, cooked, fast roasted	usda	228	31.3	0	11.37	3 oz:85
sr:173098	Beef, New Zealand, imported, bolar blade, separable lean and fat, raw	usda	159	21.29	0	8.22	4 oz:113
sr:173099	Beef, New Zealand, imported, chuck eye roll, separable lean and fat, cooked, braised	usda	252	29.92	0	14.74	3 oz:85
sr:173100	Beef, New Zealand, imported, chuck eye roll, separable lean and fat, raw	usda	181	19.38	0	11.45	4 oz:113
sr:173101	Beef, New Zealand, imported, cube roll, separable lean and fat, cooked, fast roasted	usda	286	27.79	0.03	19.45	3 oz:85
sr:173102	Beef, New Zealand, imported, cube roll, separable lean and fat, raw	usda	225	18.22	1.26	16.31	4 oz:113
sr:173103	Beef, New Zealand, imported, flat, separable lean and fat, raw	usda	177	20.57	0	10.55	4 oz:113
sr:173104	Beef, New Zealand, imported, hind shin, separable lean and fat, cooked, braised	usda	196	29.82	0.07	8.5	3 oz:85
sr:173105	Beef, New Zealand, imported, hind shin, separable lean and fat, raw	usda	147	20.61	0	7.2	4 oz:113
sr:173106	Beef, New Zealand, imported, oyster blade, separable lean and fat, cooked, braised	usda	197	29.79	0	8.68	3 oz:85
sr:173107	Beef, New Zealand, imported, striploin, separable lean and fat, raw	usda	252	18.49	0.6	19.53	4 oz:113
sr:173108	Beef, New Zealand, imported, tenderloin, separable lean and fat, cooked, fast fried	usda	202	29.26	0.27	9.35	3 oz:85
sr:173109	Beef, New Zealand, imported, tenderloin, separable lean and fat, raw	usda	146	21.04	0	6.88	4 oz:113
sr:173110	Beef, ground, 93% lean meat / 7% fat, raw	usda	152	20.85	0	7	4 oz:113
sr:173111	Beef, ground, 97% lean meat / 3% fat, raw	usda	121	21.98	0	3	4 oz:113
sr:173112	Beef, ground, 97% lean meat / 3% fat, patty, cooked, broiled	usda	153	26.36	0	4.46	3 oz:85|1 patty:70
sr:173113	Beef, ground, 97% lean meat /3% fat, patty, cooked, pan-broiled	usda	144	26.03	0	3.65	3 oz:85|1 portion (yield from 1/2 lb raw meat ):139
sr:173114	Beef, ground, 97% lean meat / 3% fat, loaf, cooked, baked	usda	154	27.58	0	4.06	3 oz:85
sr:173115	Beef, round, bottom round, steak, separable lean only, trimmed to 1/8" fat, choice, cooked, braised	usda	228	34.22	0	9.02	3 oz:85|1 lb:453.6
sr:173116	Beef, short loin, top loin, steak, separable lean only, trimmed to 1/8" fat, choice, raw	usda	155	22.78	0	6.43	4 oz:113|1 lb:453.6
sr:173117	Beef, tenderloin, steak, separable lean only, trimmed to 1/8" fat, choice, cooked, broiled	usda	206	29.01	0	9.1	3 oz:85|1 lb:453.6
sr:173118	Beef, top sirloin, steak, separable lean only, trimmed to 1/8" fat, choice, cooked, broiled	usda	187	29.51	0	6.72	3 oz:85|1 lb:453.6
sr:173119	Beef, short loin, top loin, steak, separable lean only, trimmed to 1/8" fat, choice, cooked, broiled	usda	201	29.16	0	8.45	3 oz:85|1 lb:453.6
sr:173120	Beef, round, eye of round, roast, separable lean only, trimmed to 1/8" fat, select, raw	usda	119	22.31	0	2.62	4 oz:113|1 lb:453.6
sr:173121	Beef, round, top round, steak, separable lean only, trimmed to 1/8" fat, select, raw	usda	129	23.13	0	3.37	4 oz:113|1 lb:453.6
sr:173122	Beef, round, bottom round, roast, separable lean only, trimmed to 1/8" fat, select, raw	usda	128	22.18	0	3.66	4 oz:113|1 lb:453.6
sr:173123	Beef, rib, small end (ribs 10-12), separable lean only, trimmed to 1/8" fat, all grades, cooked, broiled	usda	195	29.58	0	7.63	3 oz:85|1 lb:453.6
sr:173124	Beef, bottom sirloin, tri-tip roast, separable lean only, trimmed to 0" fat, select, raw	usda	129	21.34	0	4.21	4 oz:113|1 roast:252
sr:173125	Beef, round, tip round, roast, separable lean only, trimmed to 0" fat, all grades, raw	usda	126	21.07	0	3.95	4 oz:113|1 roast:1289
sr:173126	Beef, round, tip round, roast, separable lean only, trimmed to 0" fat, choice, raw	usda	130	20.76	0	4.55	4 oz:113|1 roast:1392
sr:173127	Beef, round, tip round, roast, separable lean only, trimmed to 0" fat, select, raw	usda	122	21.38	0	3.35	4 oz:113|1 roast:1187
sr:173128	Beef, brisket, flat half, separable lean and fat, trimmed to 1/8" fat, choice, raw	usda	278	18.12	0.12	22.15	4 oz:113|1 steak:434
sr:173129	Beef, brisket, flat half, separable lean and fat, trimmed to 1/8" fat, select, raw	usda	276	17.77	0	22.21	4 oz:113|1 steak:470
sr:173130	Beef, brisket, flat half, separable lean and fat, trimmed to 1/8" fat, choice, cooked, braised	usda	298	28.66	0	19.47	3 oz:85|1 steak (yield from 593 g raw meat):409
sr:173131	Snacks, popcorn, microwave, 94% fat free	usda	402	10.72	76.04	6.1	1 oz:28.4
sr:173132	Formulated bar, MARS SNACKFOOD US, SNICKERS MARATHON Double Chocolate Nut Bar	usda	377	22.35	51.66	8.99	1 bar:80
sr:173133	Snacks, M&M MARS, KUDOS Whole Grain Bars, peanut butter	usda	463	5.88	64.69	20.78	1 bar:28
sr:173134	Formulated bar, MARS SNACKFOOD US, SNICKERS MARATHON Honey Nut Oat Bar	usda	381	22.5	55.13	7.87	1 bar:55
sr:173135	Snacks, M&M MARS, KUDOS Whole Grain Bar, M&M's milk chocolate	usda	415	3.78	73.01	11.95	1 bar:24
sr:173136	Formulated bar, MARS SNACKFOOD US, SNICKERS MARATHON Energy Bar, all flavors	usda	386	21.91	50.3	10.79	1 bar:55|1 bar:44
sr:173137	Formulated bar, POWER BAR, chocolate	usda	363	14.15	69.63	3.11	1 bar:68
sr:173138	Formulated bar, MARS SNACKFOOD US, COCOAVIA, Chocolate Blueberry Snack Bar	usda	325	6.21	57.87	9.27	1 bar:22
sr:173139	Formulated bar, SLIM-FAST OPTIMA meal bar, milk chocolate peanut	usda	386	16.19	60.21	8.92	1 bar:55
sr:173140	Snacks, soy chips or crisps, salted	usda	385	26.5	53.15	7.35	1 oz:28.4
sr:173141	Popcorn, microwave, regular (butter) flavor, made with palm oil	usda	535	8.38	57.26	30.22	1 cup:7.9|1 bag:87
sr:173142	Snacks, plantain chips, salted	usda	531	2.28	63.84	29.59	1 oz:28.4
sr:173143	Tortilla chips, yellow, plain, salted	usda	497	6.62	67.38	22.33	1 oz:28.4
sr:173144	Snacks, granola bar, KASHI GOLEAN, crunchy, mixed flavors	usda	393	17.88	59.58	9.23	1 bar:47
sr:173145	Snacks, granola bar, chewy, reduced sugar, all flavors	usda	412	5.55	69.4	12.5	1 bar:24
sr:173146	Snacks, granola bites, mixed flavors	usda	451	7.17	66.27	17.5	1 package:20
sr:173147	Snacks, pita chips, salted	usda	457	11.79	68.26	15.2	1 oz:28.4|1 bag:262
sr:173148	Snacks, granola bars, soft, almond, confectioners coating	usda	455	8.6	60.13	20	1 bar:35
sr:173149	Formulated bar, high fiber, chewy, oats and chocolate	usda	389	5	69.82	10	1 bar:40
sr:173150	Snacks, bagel chips, plain	usda	451	12.34	66.36	15.14	1 oz:28.4|1 bag:175|6 piece chips:28
sr:173151	Snacks, NUTRI-GRAIN FRUIT AND NUT BAR	usda	403	9.38	66.72	10.93	1 bar:32
sr:173152	Snacks, yucca (cassava) chips, salted	usda	515	1.34	69.23	25.91	1 oz:28.4|1 chips:17|1 bag:105
sr:173153	Snacks, granola bar, GENERAL MILLS, NATURE VALLEY, CHEWY TRAIL MIX	usda	415	5.71	72.27	11.43	1 bar:35
sr:173154	Snacks, granola bar, QUAKER, DIPPS, all flavors	usda	480	7.52	64.96	20.42	1 bar:31
sr:173155	Snacks, brown rice chips	usda	384	8.2	81.5	2.8	1 cake:9|2 cakes:18
sr:173156	Snack, Pretzel, hard chocolate coated	usda	467	7.05	70.07	17.64	1 serving:28
sr:173157	Snacks, peas, roasted, wasabi-flavored	usda	432	14.11	62.2	14.11	1 serving:28
sr:173158	Formulated Bar, SOUTH BEACH protein bar	usda	412	30.34	38.4	15.17	1 bar:53
sr:173159	Snack, BALANCE, original bar	usda	415	28	48.73	12	1 serving:50
sr:173160	Snacks, shrimp cracker	usda	426	7.14	59.09	17.86	1 serving:28
sr:173161	Rice crackers	usda	416	10	82.64	5	1 serving:30
sr:173162	Beverages, MONSTER energy drink, low carb	usda	5	0	1.38	0	8 fl oz:240
sr:173163	Beverages, Whiskey sour mix, powder	usda	383	0.6	97.3	0.1	1 packet:17
sr:173164	Alcoholic beverage, whiskey sour, prepared with water, whiskey and powder mix	usda	164	0.1	15.85	0.02	1 fl oz:29.4|1 packet prepared:103
sr:173165	Beverages, THE COCA-COLA COMPANY, NOS energy drink, Original, grape, loaded cherry, charged citrus, fortified with vitamins B6 and B12	usda	44	0	11.25	0	16 fl oz:480
sr:173166	Beverages, water, bottled, yumberry, pomegranate with anti-oxidants, zero calories	usda	5	0	1.25	0	8 fl oz:240
sr:173167	Beverages, ABBOTT, EAS whey protein powder	usda	385	66.67	17.95	5.13	2 scoop:39
sr:173168	Alcoholic beverage, creme de menthe, 72 proof	usda	371	0	41.6	0.3	1 fl oz:33.6|1 jigger 1.5 fl oz:50
sr:173169	Beverages, NESTLE, Boost plus, nutritional drink, ready-to-drink	usda	138	5.38	17.29	5.38	1 bottle:237
sr:173170	Beverages, SLIMFAST, Meal replacement, High Protein Shake, Ready-To-Drink, 3-2-1 plan	usda	61	6.59	0.85	3.38	1 bottle:295
sr:173171	Beverages, UNILEVER, SLIMFAST, meal replacement, regular, ready-to-drink, 3-2-1 Plan	usda	57	3.32	7.74	1.93	1 bottle:295
sr:173172	Beverages, UNILEVER, SLIMFAST Shake Mix, powder, 3-2-1 Plan	usda	448	8.13	73.92	13.34	1 scoop:26
sr:173173	Beverages, FUZE, orange mango, fortified with vitamins A, C, E, B6	usda	38	0.68	9.2	0.06	1 bottle:500
sr:173174	Beverages, UNILEVER, SLIMFAST Shake Mix, high protein, whey powder, 3-2-1 Plan,	usda	433	27.87	50	13.46	1 scoop:26
sr:173175	Beverages, Acai berry drink, fortified	usda	62	0.83	12.83	0.83	8 fl oz:266|2 fl oz:60
sr:173176	Alcoholic beverage, wine, dessert, sweet	usda	160	0.2	13.69	0	1 fl oz:29.5|1 glass (3.5 fl oz):103
sr:173177	Beverages, Whey protein powder isolate	usda	359	58.14	29.07	1.16	3 scoop:86
sr:173178	Beverages, Orange juice, light, No pulp	usda	21	0.21	5.42	0	8 fl oz:240
sr:173179	Beverages, The COCA-COLA company, Hi-C Flashin' Fruit Punch	usda	45	0	12.5	0	6.75 fl oz:200
sr:173180	Beverages, Protein powder whey based	usda	352	78.13	6.25	1.56	0.33 cup:32
sr:173181	Beverages, Protein powder soy based	usda	388	55.56	28.89	5.56	1 scoop:45
sr:173182	Beverages, rich chocolate, powder	usda	372	0	92.96	0	2 tbsp:11
sr:173184	Beverages, chocolate malt, powder, prepared with fat free milk	usda	49	3.25	8.64	0.17	1 serving:256
sr:173185	Alcoholic beverage, wine, table, all	usda	83	0.07	2.72	0	1 serving (5 fl oz):148|1 fl oz:29.5
sr:173186	Beverages, V8 SPLASH Smoothies, Peach Mango	usda	37	1.22	7.76	0	1 serving 8 oz:245
sr:173187	Beverages, chocolate almond milk, unsweetened, shelf-stable, fortified with vitamin D2 and E	usda	21	0.83	1.25	1.46	1 cup:240
sr:173189	Beverages, MINUTE MAID, Lemonada, Limeade	usda	50	0	13.75	0	8 fl oz:240
sr:173190	Alcoholic beverage, wine, table, red	usda	85	0.07	2.61	0	1 fl oz:29.4|1 serving (5 fl oz):147
sr:173191	Alcoholic Beverage, wine, table, red, Barbera	usda	85	0.07	2.79	0	1 fl oz:29.4|1 serving (5 fl oz):147
sr:173192	Alcoholic Beverage, wine, table, red, Zinfandel	usda	88	0.07	2.86	0	1 fl oz:29.4|1 serving (5 fl oz):147
sr:173193	Alcoholic Beverage, wine, table, red, Petite Sirah	usda	85	0.07	2.68	0	1 fl oz:29.5|1 serving (5 fl oz):147
sr:173194	Alcoholic Beverage, wine, table, red, Claret	usda	83	0.07	3.01	0	1 fl oz:29.4|1 serving (5 fl oz):147
sr:173195	Alcoholic beverage, wine, table, white, Chenin Blanc	usda	80	0.07	3.31	0	1 fl oz:29.5|1 serving (5 fl oz):148
sr:173196	Alcoholic beverage, wine, table, white, Fume Blanc	usda	82	0.07	2.27	0	1 fl oz:29.3|1 serving (5 fl oz):147
sr:173197	Beverages, Mixed vegetable and fruit juice drink, with added nutrients	usda	29	0.04	7.47	0.01	8 fl oz:247
sr:173198	Alcoholic beverage, wine, table, white, Muller Thurgau	usda	76	0.07	3.48	0	1 fl oz:29.5|1 serving (5 fl oz):148
sr:173199	Carbonated beverage, cream soda	usda	51	0	13.3	0	1 fl oz:30.9|1 can or bottle (16 fl oz):494|1 can or bottle (12 fl oz):371
sr:173200	Alcoholic beverage, wine, table, white, Riesling	usda	80	0.07	3.74	0	1 fl oz:29.6|1 serving (5 fl oz):148
sr:173201	Alcoholic beverage, wine, table, white, Sauvignon Blanc	usda	81	0.07	2.05	0	1 fl oz:29.3|1 serving (5 fl oz):147
sr:173202	Alcoholic beverage, wine, table, white, late harvest	usda	112	0.07	13.39	0	1 fl oz:30.8|1 serving (5 fl oz):154
sr:173203	Beverages, carbonated, grape soda	usda	43	0	11.2	0	1 fl oz:31|1 can or bottle (12 fl oz):372
sr:173205	Beverages, carbonated, lemon-lime soda, no caffeine	usda	41	0.09	10.42	0	1 fl oz:30.8|1 drink (12 fl oz):368|1 drink, small (16 fl oz):491|1 drink, medium (22 fl oz):675|1 drink, large (32 fl oz):982|1 drink, extra large (44 fl oz):1351
sr:173206	Beverages, carbonated, SPRITE, lemon-lime, without caffeine	usda	40	0.05	10.14	0.02	1 fl oz:30.8|1 serving 12 fl oz:369|1 serving 16 fl oz:492|1 cup 12 fl oz 12 fl oz:258
sr:173208	Alcoholic Beverage, wine, table, red, Burgundy	usda	86	0.07	3.69	0	1 fl oz:29.5|1 serving 5 fl oz:148
sr:173209	Beverages, carbonated, pepper-type, contains caffeine	usda	41	0	10.4	0.1	1 fl oz:30.7|1 can or bottle (16 fl oz):491|1 can or bottle (12 fl oz):368
sr:173210	Beverages, Energy drink, RED BULL	usda	43	0.46	10.23	0	1 can 8.4 fl oz:258|1 serving 12 fl oz:369|1 serving 16 fl oz:492
sr:173212	Beverages, tea, black, ready to drink, decaffeinated	usda	38	0	8.75	0	1 cup:240
sr:173213	Beverages, grape juice drink, canned	usda	57	0	14.55	0	1 fl oz:31.3|6 fl oz:188|8 fl oz:250|1 serving:227
sr:173214	Beverages, Cranberry juice cocktail	usda	52	0	12.25	0.34	1 cup:271
sr:173215	Beverages, SNAPPLE, tea, black and green, ready to drink, peach, diet	usda	2	0.1	0.1	0	
sr:173216	Lemonade, frozen concentrate, white	usda	196	0.22	49.89	0.7	1 fl oz:36.5|1 can (12 fl oz):438|1 can (6 fl oz):219
sr:173217	Lemonade, frozen concentrate, white, prepared with water	usda	40	0.07	10.42	0.04	1 fl oz:30.9|1 cup 8 fl oz:247
sr:173218	Beverages, SNAPPLE, tea, black and green, ready to drink, lemon, diet	usda	2	0.1	0.1	0	
sr:173219	Beverages, Malted drink mix, natural, with added nutrients, powder, prepared with whole milk	usda	86	3.67	10.67	3.21	1 cup (8 fl oz):265
sr:173220	Beverages, Malted drink mix, natural, powder, dairy based.	usda	428	14.29	71.21	9.52	1 serving (3 heaping tsp or 1 envelope):21
sr:173221	Beverages, Malted drink mix, natural, powder, prepared with whole milk	usda	88	3.86	10.23	3.62	1 cup (8 fl oz):265
sr:173222	Beverages, OVALTINE, chocolate malt powder	usda	372	0	92.96	0	1 cup:78|1 serving (4 tbsp or 1 envelope):21
sr:173223	Beverages, orange and apricot juice drink, canned	usda	51	0.3	12.7	0.1	1 fl oz:31.2|1 cup (8 fl oz):250
sr:173224	Beverages, pineapple and grapefruit juice drink, canned	usda	47	0.2	11.6	0.1	1 fl oz:31.3|1 cup (8 fl oz):250
sr:173225	Beverages, pineapple and orange juice drink, canned	usda	50	1.3	11.8	0	1 fl oz:31.3|1 cup (8 fl oz):250
sr:173226	Shake, fast food, vanilla	usda	148	3.37	19.59	6.52	1 fl oz:20.8|1 cup (8 fl oz):166|1 milkshake (10 fl oz):208|1 small McDonald's shake (12 fl oz):250|1 medium McDonald's shake (16 fl oz):333|1 large McDonald's shake (22 fl oz):458
sr:173227	Beverages, tea, black, brewed, prepared with tap water	usda	1	0	0.3	0	1 fl oz:29.6|6 fl oz:178|1 cup (8 fl oz):237
sr:173228	Beverages, tea, instant, decaffeinated, lemon, diet	usda	338	3.3	85.4	0.6	2 tsp:1.6
sr:173229	Beverages, tea, instant, decaffeinated, lemon, sweetened	usda	401	0.12	98.55	0.73	1 serving (3 heaping tsp):23|1 cup:182
sr:173230	Beverages, tea, instant, unsweetened, powder	usda	315	20.21	58.66	0	1 serving 1 tsp:0.7
sr:173231	Beverages, tea, instant, lemon, diet	usda	2	0.02	0.44	0	1 fl oz:29.8|1 serving 6 fl oz:179|1 serving 8 fl oz:238
sr:173232	Beverages, tea, herb, other than chamomile, brewed	usda	1	0	0.2	0	1 fl oz:29.6|6 fl oz:178|1 cup (8 fl oz):237
sr:173235	Beverages, orange-flavor drink, breakfast type, powder	usda	386	0	98.94	0	1 serving 2 tbsp:26
sr:173236	Beverages, orange-flavor drink, breakfast type, powder, prepared with water	usda	49	0	12.65	0	1 fl oz:33.9|6 fl oz:203
sr:173237	Beverages, Orange-flavor drink, breakfast type, low calorie, powder	usda	217	3.6	85.9	0	1 portion, amount of dry mix to make 8 fl oz prepared:2.5
sr:173238	English muffins, plain, unenriched, without calcium propionate (includes sourdough)	usda	235	7.7	46	1.8	1 oz:28.4|1 muffin:57
sr:173239	Pie, apple, commercially prepared, unenriched flour	usda	237	1.9	34	11	1 oz:28.4|1 piece (1/8 of 9" dia):125|1 piece (1/6 of 8" pie):117
sr:173240	Pie, fried pies, cherry	usda	316	3	42.6	16.1	1 oz:28.4|1 pie (5" x 3-3/4"):128
sr:173241	Tortillas, ready-to-bake or -fry, corn, without added salt	usda	222	5.7	46.6	2.5	1 oz:28.4|1 tortilla, medium (approx 6" dia):26
sr:173242	Tortillas, ready-to-bake or -fry, flour, without added calcium	usda	325	8.7	55.6	7.1	1 oz:28.4|1 tortilla, medium (approx 6" dia):32|1 tortilla (approx 10" dia):72|1 tortilla (approx 12" dia):117|1 tortilla (approx 7-8" dia):49
sr:173243	Cake, pound, commercially prepared, fat-free	usda	283	5.4	61	1.2	1 oz:28.4|1 cake:340
sr:173244	Cake, yellow, light, dry mix	usda	404	4.7	84.1	5.5	1 oz:28.4|1 package (18.50 oz):524
sr:173245	Archway Home Style Cookies, Coconut Macaroon	usda	460	3.02	61.23	22.55	1 serving:22
sr:173246	Archway Home Style Cookies, Date Filled Oatmeal	usda	400	4.67	68.16	12.05	1 serving:25
sr:173247	Archway Home Style Cookies, Dutch Cocoa	usda	431	4.5	69.44	14.99	1 serving:24
sr:173248	Archway Home Style Cookies, Frosty Lemon	usda	430	4.41	64.78	17.11	1 serving:26
sr:173249	Archway Home Style Cookies, Iced Molasses	usda	420	3.5	69.12	14.43	1 serving:28
sr:173250	Archway Home Style Cookies, Old Fashioned Molasses	usda	406	4.27	70.55	11.83	1 serving:26
sr:173251	Archway Home Style Cookies, Old Fashioned Windmill Cookies	usda	468	5.17	72.23	17.55	1 serving:20
sr:173252	Archway Home Style Cookies, Peanut Butter	usda	480	9	58.48	24.28	1 serving:21
sr:173253	Archway Home Style Cookies, Raspberry Filled	usda	400	4.35	65.92	13.26	1 serving:25
sr:173254	George Weston Bakeries, Brownberry Sage and Onion Stuffing Mix, dry	usda	390	13.3	72.7	5.1	1 serving:67
sr:173255	Keebler, Keebler Chocolate Graham SELECTS	usda	465	7.1	71.8	16.6	1 serving:31
sr:173256	Continental Mills, Krusteaz Almond Poppyseed Muffin Mix, Artificially Flavored, dry	usda	418	5.6	75.6	10.3	1 serving:40
sr:173257	Mckee Baking, Little Debbie Nutty Bars, Wafers with Peanut Butter, Chocolate Covered	usda	548	8	55.2	32.8	1 serving:57
sr:173258	Nabisco, Nabisco Ritz Crackers	usda	492	7.23	63.51	23.21	1 cracker:3.3|5 cracker (1 NLEA serving):16
sr:173259	Pillsbury, Buttermilk Biscuits, Artificial Flavor, refrigerated dough	usda	236	6.4	47.07	2.79	1 biscuit:64|1 serving:64
sr:173260	Pillsbury, Chocolate Chip Cookies, refrigerated dough	usda	450	3.82	60.75	21.26	1 serving 2 cookies:38
sr:173261	Pillsbury, Crusty French Loaf, refrigerated dough	usda	243	8.59	46.35	2.88	1 serving:52
sr:173262	Sorghum flour, refined, unenriched	usda	357	9.53	76.85	1.24	1 cup:161
sr:173263	Rice, brown, parboiled, cooked, UNCLE BENS	usda	147	3.09	31.33	0.85	1 cup:155
sr:173264	Pasta, gluten-free, rice flour and rice bran extract, cooked, DE BOLES	usda	200	4.21	40.75	1.7	1 cup spaghetti:121
sr:173265	Pasta, gluten-free, corn and rice flour, cooked	usda	179	3.2	38.05	1	1 cup spaghetti:141
sr:173266	Fast foods, biscuit, with egg and bacon	usda	305	11.33	19.06	20.73	1 biscuit:150
sr:173267	Fast foods, biscuit, with egg and ham	usda	233	10.64	16.37	14.08	1 biscuit:182
sr:173268	Fast foods, biscuit, with crispy chicken fillet	usda	300	11.93	30.56	14.93	1 item:132
sr:173269	Fast foods, croissant, with egg, cheese, and bacon	usda	289	12.92	22.5	16.4	1 item:128
sr:173270	Fast foods, croissant, with egg, cheese, and ham	usda	261	12.45	18.98	14.95	1 item:155
sr:173271	Fast foods, croissant, with egg, cheese, and sausage	usda	308	12.09	15.9	21.78	1 sandwich:171
sr:173272	Fast foods, egg, scrambled	usda	212	13.84	2.08	16.18	2 eggs:96
sr:173273	Fast foods, potatoes, hash browns, round pieces or patty	usda	272	2.58	28.88	17.04	1 round piece:5.5|1 patty:53|1 serving 14 round pieces:77|1 serving 29 round pieces:160
sr:173274	Fast foods, vanilla, light, soft-serve ice cream, with cone	usda	163	4.24	26.36	4.86	1 item:120
sr:173275	Fast foods, sundae, caramel	usda	196	4.71	31.81	5.98	1 sundae:155
sr:173276	Fast foods, sundae, hot fudge	usda	180	3.57	30.17	5.46	1 sundae:158
sr:173277	Fast foods, burrito, with beans and beef	usda	191	11.52	19.52	7.47	1 item:241
sr:173278	Fast foods, burrito, with beans, cheese, and beef	usda	180	7.03	23.37	6.8	1 burrito:241
sr:173279	PIZZA HUT 12" Pepperoni Pizza, Hand-Tossed Crust	usda	280	12.86	31.55	11.38	1 slice:96|1 pizza:744
sr:173280	PIZZA HUT 12" Pepperoni Pizza, Pan Crust	usda	298	11.97	30.49	14.21	1 slice:96|1 pizza:778
sr:173281	PIZZA HUT 12" Super Supreme Pizza, Hand-Tossed Crust	usda	243	10.9	25.62	10.72	1 slice:127|1 pizza:1107|0.5 pizza:541
sr:173282	DOMINO'S 14" Cheese Pizza, Classic Hand-Tossed Crust	usda	257	10.8	33.24	8.97	1 slice:108|1 pizza:865
sr:173283	DOMINO'S 14" Cheese Pizza, Ultimate Deep Dish Crust	usda	265	10.76	33.48	9.83	1 slice:118|1 pizza:947
sr:173284	PAPA JOHN'S 14" Cheese Pizza, Original Crust	usda	260	11.53	32.74	9.25	1 slice:117|1 pie:938
sr:173285	PAPA JOHN'S 14" Pepperoni Pizza, Original Crust	usda	275	11.97	30.04	11.86	1 slice:123|1 pie:1021
sr:173286	PAPA JOHN'S 14" The Works Pizza, Original Crust	usda	240	10.27	26.69	10.21	1 slice:153|1 pie:1093
sr:173287	PAPA JOHN'S 14" Cheese Pizza, Thin Crust	usda	295	12.29	26.26	15.66	1 slice:87|1 pie:678
sr:173288	LITTLE CAESARS 14" Pepperoni Pizza, Large Deep Dish Crust	usda	265	12.93	29.03	10.81	1 slice:104|1 pie:938
sr:173289	LITTLE CAESARS 14" Cheese Pizza, Thin Crust	usda	309	16.23	22.85	16.99	1 slice:48|1 pie:562|0.5 pie:362
sr:173290	PIZZA HUT 14" Cheese Pizza, Hand-Tossed Crust	usda	275	11.98	33.42	10.42	1 slice:105|1 pizza:841
sr:173291	PIZZA HUT 14" Cheese Pizza, Pan Crust	usda	276	10.85	32.85	11.25	1 slice:112|1 pizza:897
sr:173292	Fast Food, Pizza Chain, 14" pizza, cheese topping, regular crust	usda	266	11.39	33.33	9.69	1 slice:107|1 pizza:853
sr:173293	Fast Food, Pizza Chain, 14" pizza, cheese topping, thick crust	usda	271	10.81	33.17	10.54	1 slice:115|1 pizza:922
sr:173294	Fast Food, Pizza Chain, 14" pizza, cheese topping, thin crust	usda	302	12.85	31.2	13.95	1 slice:76|1 pizza:590
sr:173295	Fast Food, Pizza Chain, 14" pizza, pepperoni topping, regular crust	usda	282	11.74	31.98	11.91	1 slice:111|1 pizza:895
sr:173296	Fast Food, Pizza Chain, 14" pizza, pepperoni topping, thick crust	usda	287	11.49	31.84	12.58	1 slice:118|1 pizza:946
sr:173297	McDONALD'S, Chicken McNUGGETS	usda	302	15.79	15.09	19.81	4 pieces:64|6 pieces:95|1 pieces:159
sr:173298	McDONALD'S, Hash Brown	usda	271	2.48	28.56	16.3	1 serving 1 patty:53
sr:173299	McDONALD'S, Hotcakes (plain)	usda	228	6	38.27	5.84	3 hotcakes 5.3 oz:149
sr:173300	McDONALD'S, Bacon, Egg & Cheese McGRIDDLES	usda	272	12.03	26.19	13.19	1 item 5.8 oz:165
sr:173301	McDONALD'S, Hot Caramel Sundae	usda	188	3.58	33.36	4.89	1 item (6.4 oz):182
sr:173302	McDONALD'S, Hot Fudge Sundae	usda	186	4.14	30.05	5.91	1 item (6.3 oz):179
sr:173303	McDONALD'S, McFLURRY with M&M'S CANDIES	usda	177	4.02	26.82	6.46	1 regular (12 fl oz):348|1 large (16 fl oz):504
sr:173304	McDONALD'S, McFLURRY with OREO cookies	usda	165	3.97	25.55	5.66	1 regular (12 fl oz):337|1 large (16 fl oz):487
sr:173305	McDONALD'S, McCHICKEN Sandwich	usda	273	10.43	27.97	13.21	1 sandwich:131
sr:173306	McDONALD'S, McCHICKEN Sandwich (without mayonnaise)	usda	240	11.08	30.95	8.46	1 item:138
sr:173307	McDONALD'S, Egg McMUFFIN	usda	228	13.64	21.67	9.66	1 sandwich:126
sr:173308	McDONALD'S, Sausage McMUFFIN	usda	333	12.66	24.52	21.06	1 item 4 oz:115
sr:173309	McDONALD'S, Deluxe Breakfast, with syrup and margarine	usda	285	7.56	29.48	15.23	1 item 14.8 oz:420
sr:173310	McDONALD'S, Hotcakes and Sausage	usda	294	7.81	37.55	12.5	1 item:192
sr:173311	McDONALD'S, Hotcakes (with 2 pats margarine & syrup)	usda	272	4.05	46.08	8.06	1 item:221
sr:173312	McDONALD'S, Bacon Ranch Salad with Grilled Chicken	usda	81	10.28	3.64	3.14	1 item 10.8 oz:305
sr:173313	McDONALD'S, Fruit 'n Yogurt Parfait (without granola)	usda	90	2.47	17.67	1.13	1 item:142
sr:173314	McDONALD'S, FILET-O-FISH (without tartar sauce)	usda	243	12.47	31.08	7.62	1 item:124
sr:173315	BURGER KING, CROISSAN'WICH with Sausage, Egg and Cheese	usda	308	12.09	15.9	21.78	1 sandwich:171
sr:173316	BURGER KING, CROISSAN'WICH with Sausage and Cheese	usda	376	13.73	23	25.45	1 item:131
sr:173317	Fast foods, hamburger; single, large patty; with condiments, vegetables and mayonnaise	usda	226	11.34	17.33	12.37	1 item:247
sr:173318	Fast foods, hamburger; single, regular patty; double decker bun with condiments and special sauce	usda	259	12.17	22.69	13.3	1 item:205
sr:173319	Fast foods, cheeseburger; double, regular patty; with condiments	usda	282	16.24	17.97	16.18	1 sandwich:155
sr:173320	Fast foods, cheeseburger; double, large patty; with condiments	usda	272	16.96	14.43	16.22	1 item:280
sr:173321	Fast foods, chicken tenders	usda	271	19.22	17.25	13.95	1 strip:30|1 serving:184
sr:173322	Fast foods, bagel, with egg, sausage patty, cheese, and condiments	usda	295	12.98	22.64	16.97	1 item:219
sr:173323	Fast foods, bagel, with breakfast steak, egg, cheese, and condiments	usda	282	15.95	22.99	14.07	1 item:254
sr:173324	Light Ice Cream, soft serve, blended with milk chocolate candies	usda	182	4.02	26.82	6.46	12 fl oz cup:348
sr:173325	Macaroni and Cheese, canned entree	usda	82	3.38	11.52	2.46	1 serving:244
sr:173326	HOT POCKETS, CROISSANT POCKETS Chicken, Broccoli, and Cheddar Stuffed Sandwich, frozen	usda	235	8.9	30.4	8.6	1 serving (1 hot pocket):127
sr:173327	HOT POCKETS Ham 'N Cheese Stuffed Sandwich, frozen	usda	270	9.16	24.69	15	1 serving (1 hot pocket):127|1 package yields:256
sr:173328	Ravioli, cheese-filled, canned	usda	77	2.48	13.64	1.45	1 cup:242
sr:173329	Ravioli, meat-filled, with tomato sauce or meat sauce, canned	usda	97	3.24	13.26	3.41	1 cup:262
sr:173330	Beef stew, canned entree	usda	99	4.41	7.85	5.53	1 cup (1 serving):196
sr:173331	Chicken pot pie, frozen entree, prepared	usda	204	5.11	19.21	11.85	1 pie:302
sr:173332	Beef, corned beef hash, with potato, canned	usda	164	8.73	9.27	10.24	1 cup:236
sr:173333	Lasagna, cheese, frozen, prepared	usda	130	6.54	13.84	5.33	1 cup 1 serving:225
sr:173334	Lasagna with meat & sauce, frozen entree	usda	124	6.63	14.39	4.42	1 piece side:134|1 piece corner:115|1 piece center:278
sr:173335	Burrito, beef and bean, frozen	usda	239	7.26	30.84	9.61	1 burrito frozen:139|1 oz:28.4
sr:173336	Burrito, bean and cheese, frozen	usda	221	7.07	34.01	6.3	1 burrito:129
sr:173337	Macaroni and Cheese, canned, microwavable	usda	134	5.98	13.96	5.99	7.5 oz 1 serving:213
sr:173338	Turkey, stuffing, mashed potatoes w/gravy, assorted vegetables, frozen, microwaved	usda	128	6.97	16.32	3.89	1 serving:385|1 package:422|1 oz:28.4
sr:173339	Rice bowl with chicken, frozen entree, prepared (includes fried, teriyaki, and sweet and sour varieties)	usda	126	5.65	22.46	1.56	1 bowl:340
sr:173340	Macaroni and cheese dinner with dry sauce mix, boxed, uncooked	usda	379	13.86	70.12	4.82	1 serving (makes about 1 cup prepared):70
sr:173341	Macaroni and cheese, dry mix, prepared with 2% milk and 80% stick margarine from dry mix	usda	190	4.89	23.93	8.28	1 cup:198
sr:173342	Macaroni and cheese, frozen entree	usda	149	5.6	17.28	6.41	1 cup:137|1 container (mean weight over brands):283
sr:173343	Potato salad with egg	usda	157	1.96	16.18	9.4	0.5 cup:125
sr:173344	Pulled pork in barbecue sauce	usda	168	13.19	18.74	4.42	1 cup:249
sr:173345	Corn dogs, frozen, prepared	usda	250	8.57	26.96	12.02	1 corndog:78|1 corndog mini:17
sr:173346	Chicken tenders, breaded, frozen, prepared	usda	240	14.62	14.86	13.58	1 piece:21
sr:173347	RICE-A-RONI, chicken flavor, unprepared	usda	356	10.64	76.08	1.04	0.33 cup:56|1 tbsp:10.2
sr:173348	Rice and vermicelli mix, chicken flavor, prepared with 80% margarine	usda	136	2.65	23.54	3.45	1 cup:233
sr:173349	Beef, shoulder pot roast or steak, boneless, separable lean and fat, trimmed to 0" fat, all grades, raw	usda	130	21.39	0	4.97	4 oz:113|1 steak:369|1 roast:1159
sr:173350	Beef, short loin, porterhouse steak, separable lean and fat, trimmed to 1/8" fat, all grades, raw	usda	214	20.49	0	14.06	4 oz:113|1 steak:534
sr:173351	Beef, short loin, t-bone steak, separable lean and fat, trimmed to 1/8" fat, all grades, cooked, grilled	usda	289	24.6	0	20.36	3 oz:85|1 steak:363
sr:173352	Beef, short loin, t-bone steak, separable lean and fat, trimmed to 1/8" fat, select, raw	usda	215	20.28	0	14.19	4 oz:113|1 steak:458
sr:173353	Beef, short loin, t-bone steak, separable lean and fat, trimmed to 1/8" fat, select, cooked, grilled	usda	281	25.18	0	19.22	3 oz:85|1 steak:368
sr:173354	Beef, round, knuckle, tip side, steak, separable lean and fat, trimmed to 0" fat, choice, raw	usda	133	21.41	0	4.66	4 oz:113|1 steak:191
sr:173355	Beef, chuck, shoulder clod, shoulder tender, medallion, separable lean and fat, trimmed to 0" fat, choice, cooked, grilled	usda	181	26.07	0	7.68	3 oz:85|1 medallion:30
sr:173356	Beef, chuck, shoulder clod, shoulder tender, medallion, separable lean and fat, trimmed to 0" fat, select, raw	usda	142	20.93	0	5.79	4 oz:113|1 medallion:44
sr:173357	Beef, chuck, shoulder clod, shoulder top and center steaks, separable lean and fat, trimmed to 0" fat, choice, raw	usda	143	20.39	0	6.12	4 oz:113|1 steak:246
sr:173358	Beef, chuck, shoulder clod, shoulder top and center steaks, separable lean and fat, trimmed to 0" fat, choice, cooked, grilled	usda	184	26.07	0	8.11	1 serving (3 oz):85|1 steak:188
sr:173359	Beef, chuck, shoulder clod, top blade, steak, separable lean and fat, trimmed to 0" fat, select, raw	usda	166	19.38	0	9.22	4 oz:113|1 steak:243
sr:173360	Beef, chuck, shoulder clod, top blade, steak, separable lean and fat, trimmed to 0" fat, select, cooked, grilled	usda	212	25.29	0	11.52	3 oz:85|1 steak:186
sr:173361	Beef, round, knuckle, tip center, steak, separable lean and fat, trimmed to 0" fat, choice, raw	usda	150	20.74	0	6.85	4 oz:113|1 steak:209
sr:173362	Beef, round, knuckle, tip center, steak, separable lean and fat, trimmed to 0" fat, choice, cooked, grilled	usda	188	26.88	0	8.13	3 oz:85|1 steak:156
sr:173363	Beef, round, knuckle, tip center, steak, separable lean and fat, trimmed to 0" fat, select, raw	usda	137	20.98	0	5.21	4 oz:113|1 steak:203
sr:173364	Beef, round, outside round, bottom round, steak, separable lean and fat, trimmed to 0" fat, select, cooked, grilled	usda	166	28.01	0	5.17	3 oz:85|1 steak:253
sr:173365	Beef, chuck, shoulder clod, shoulder tender, medallion, separable lean and fat, trimmed to 0" fat, all grades, raw	usda	144	20.54	0	6.22	4 oz:113
sr:173366	Beef, chuck, shoulder clod, shoulder tender, medallion, separable lean and fat, trimmed to 0" fat, all grades, cooked, grilled	usda	177	26.22	0	7.2	3 oz:85|1 medallion:32
sr:173367	Beef, round, knuckle, tip side, steak, separable lean and fat, trimmed to 0" fat, all grades, raw	usda	129	21.69	0	4	4 oz:113|1 steak:207
sr:173368	Beef, chuck, shoulder clod, top blade, steak, separable lean and fat, trimmed to 0" fat, all grades, cooked, grilled	usda	222	24.93	0	12.79	3 oz:85|1 steak:190
sr:173369	Beef, round, knuckle, tip center, steak, separable lean and fat, trimmed to 0" fat, all grades, raw	usda	143	20.93	0	5.89	4 oz:113|1 steak:197
sr:173370	Beef, round, knuckle, tip center, steak, separable lean and fat, trimmed to 0" fat, all grades, cooked, grilled	usda	177	27.12	0	6.78	3 oz:85|1 steak:150
sr:173371	Beef, round, outside round, bottom round, steak, separable lean and fat, trimmed to 0" fat, all grades, raw	usda	142	21.59	0	5.53	3 oz:85|1 steak:305
sr:173372	Beef, rib eye roast, boneless, lip-on, separable lean only, trimmed to 1/8" fat, select, cooked, roasted	usda	202	28.72	0	9.68	3 oz:85|1 roast:1669
sr:173373	Beef, plate steak, boneless, inside skirt, separable lean only, trimmed to 0" fat, all grades, cooked, grilled	usda	234	29.99	0	12.69	3 oz:85|1 steak:254
sr:173374	Beef, plate steak, boneless, inside skirt, separable lean only, trimmed to 0" fat, all grades, raw	usda	164	21.17	0	8.82	4 oz:113|1 steak:382
sr:173375	Beef, plate steak, boneless, inside skirt, separable lean only, trimmed to 0" fat, choice, cooked, grilled	usda	242	29.56	0	13.72	3 oz:85|1 steak:256
sr:173376	Beef, plate steak, boneless, outside skirt, separable lean only, trimmed to 0" fat, all grades, raw	usda	206	18.74	0.19	14.53	4 oz:113|1 steak:266
sr:173377	Beef, plate steak, boneless, outside skirt, separable lean only, trimmed to 0" fat, choice, cooked, grilled	usda	291	27.03	0	20.28	3 oz:85|1 steak:173
sr:173378	Beef, plate steak, boneless, outside skirt, separable lean only, trimmed to 0" fat, choice, raw	usda	212	18.47	0.17	15.26	4 oz:113|1 steak:268
sr:173379	Beef, plate steak, boneless, outside skirt, separable lean only, trimmed to 0" fat, select, cooked, grilled	usda	268	28.65	0	17.1	3 oz:85|1 steak:175
sr:173380	Beef, rib eye steak, boneless, lip off, separable lean only, trimmed to 0" fat, choice, raw	usda	162	21.44	0	8.5	4 oz:113|1 steak:316
sr:173381	Beef, rib eye steak, boneless, lip off, separable lean only, trimmed to 0" fat, select, cooked, grilled	usda	191	29.18	0	8.31	3 oz:85|1 steak:266
sr:173382	Beef, rib eye steak, boneless, lip off, separable lean only, trimmed to 0" fat, select, raw	usda	142	22.46	0	5.78	4 oz:113
sr:173383	Beef, rib, back ribs, bone-in, separable lean only, trimmed to 0" fat, all grades, cooked, braised	usda	299	28.36	0	20.57	3 oz:85|1 ribs:1159
sr:173384	Beef, rib, back ribs, bone-in, separable lean only, trimmed to 0" fat, select, raw	usda	221	19.71	0.2	15.73	4 oz:113|1 ribs:1562
sr:173385	Beef, rib eye steak, bone-in, lip-on, separable lean and fat, trimmed to 1/8" fat, choice, cooked, grilled	usda	313	22.71	0	24.7	3 oz:85|1 steak:378
sr:173386	Beef, rib eye steak, bone-in, lip-on, separable lean and fat, trimmed to 1/8" fat, select, cooked, grilled	usda	304	23.19	0	23.47	3 oz:85|1 steak:385
sr:173387	Beef, rib eye steak, bone-in, lip-on, separable lean and fat, trimmed to 1/8" fat, all grades, cooked, grilled	usda	309	22.9	0	24.2	3 oz:85|1 steak:381
sr:173388	Beef, rib eye roast, bone-in, lip-on, separable lean and fat, trimmed to 1/8" fat, choice, cooked, roasted	usda	307	23.53	0	23.61	3 oz:85|1 roast:2044
sr:173389	Beef, rib eye steak/roast, bone-in, lip-on, separable lean and fat, trimmed to 1/8" fat, select, raw	usda	248	18.44	0	19.34	4 oz:113|1 steak:471|1 roast:2557
sr:173390	Beef, rib eye steak, boneless, lip-on, separable lean and fat, trimmed to 1/8" fat, choice, cooked, grilled	usda	303	22.92	0	23.52	3 oz:85|1 steak:281
sr:173391	Beef, rib eye steak, boneless, lip-on, separable lean and fat, trimmed to 1/8" fat, select, cooked, grilled	usda	273	24.83	0	19.25	3 oz:85|1 steak:306
sr:173392	Beef, rib eye steak, boneless, lip-on, separable lean and fat, trimmed to 1/8" fat, all grades, cooked, grilled	usda	291	23.69	0	21.81	3 oz:85|1 steak:291
sr:173393	Beef, rib eye steak/roast, boneless, lip-on, separable lean and fat, trimmed to 1/8" fat, choice, raw	usda	253	18.39	0	19.95	4 oz:113|1 steak:350|1 roast:2124
sr:173394	Beef, rib eye steak/roast, boneless, lip-on, separable lean and fat, trimmed to 1/8" fat, select, raw	usda	230	19.55	0	16.9	4 oz:113|1 steak:376|1 roast:2203
sr:173395	Beef, plate steak, boneless, inside skirt, separable lean and fat, trimmed to 0" fat, all grades, cooked, grilled	usda	245	29.36	0	14.2	3 oz:85|1 steak:254
sr:173396	Beef, plate steak, boneless, inside skirt, separable lean and fat, trimmed to 0" fat, choice, cooked, grilled	usda	253	28.9	0	15.3	3 oz:85|1 steak:256
sr:173397	Beef, plate steak, boneless, outside skirt, separable lean and fat, trimmed to 0" fat, all grades, cooked, grilled	usda	292	27.06	0	20.47	3 oz:85|1 steak:174
sr:173398	Beef, plate steak, boneless, outside skirt, separable lean and fat, trimmed to 0" fat, choice, cooked, grilled	usda	300	26.46	0	21.62	3 oz:85|1 steak:173
sr:173399	Beef, plate steak, boneless, outside skirt, separable lean and fat, trimmed to 0" fat, select, cooked, grilled	usda	281	27.95	0	18.75	3 oz:85|1 steak:175
sr:173400	Beef, plate steak, boneless, outside skirt, separable lean and fat, trimmed to 0" fat, all grades, raw	usda	232	17.98	0.35	17.59	4 oz:113|1 steak:266
sr:173401	Beef, rib eye steak, boneless, lip off, separable lean and fat, trimmed to 0" fat, select, cooked, grilled	usda	248	26.29	0	15.9	3 oz:85|1 steak:266
sr:173402	Beef, rib eye steak, boneless, lip off, separable lean and fat, trimmed to 0" fat, all grades, raw	usda	228	19.26	0.12	16.71	4 oz:113|1 steak:326
sr:173403	Beef, rib eye steak, boneless, lip off, separable lean and fat, trimmed to 0" fat, choice, raw	usda	241	18.69	0.2	18.43	4 oz:113|1 steak:316
sr:173404	Beef, rib eye steak, boneless, lip off, separable lean and fat, trimmed to 0" fat, select, raw	usda	208	20.12	0	14.14	4 oz:113|1 steak:340
sr:173405	Beef, rib, back ribs, bone-in, separable lean and fat, trimmed to 0" fat, choice, raw	usda	336	15.75	0.9	29.89	4 oz:113|1 ribs:1604
sr:173406	Beef, rib, back ribs, bone-in, separable lean and fat, trimmed to 0" fat, select, raw	usda	305	16.75	0.6	26.23	4 oz:113|1 ribs:1562
sr:173407	Beef, loin, top sirloin petite roast, boneless, separable lean only, trimmed to 0" fat, choice, cooked, roasted	usda	173	28.97	0	6.37	3 oz:85|1 roast:806
sr:173408	Beef, loin, top sirloin petite roast/filet, boneless, separable lean only, trimmed to 0" fat, choice, raw	usda	132	23.03	0	4.4	4 oz:113|1 fillet:190|1 roast:1013
sr:173409	Beef, loin, top sirloin cap steak, boneless, separable lean only, trimmed to 1/8" fat, select, raw	usda	128	21.44	0	4.68	4 oz:113|1 steak:199
sr:173410	Butter, salted	usda	717	0.85	0.06	81.11	1 pat (1" sq, 1/3" high):5|1 tbsp:14.2|1 cup:227|1 stick:113
sr:173411	Butter, whipped, with salt	usda	731	0.49	0	78.3	1 pat (1" sq, 1/3" high):3.8|1 tbsp:9.4|1 cup:151|1 stick:76
sr:173412	Butter oil, anhydrous	usda	876	0.28	0	99.48	1 tbsp:12.8|1 cup:205
sr:173413	Cheese, caraway	usda	376	25.18	3.06	29.2	1 oz:28.4
sr:173414	Cheese, cheddar (Includes foods for USDA's Food Distribution Program)	usda	403	22.87	3.37	33.31	1 cup, diced:132|1 cup, melted:244|1 cup, shredded:113|1 oz:28.4|1 cubic inch:17|1 slice (1 oz):28
sr:173415	Cheese, cheshire	usda	387	23.37	4.78	30.6	1 oz:28.4
sr:173416	Cheese, colby	usda	394	23.76	2.57	32.11	1 cup, diced:132|1 cup, shredded:113|1 oz:28.4|1 cubic inch:17|1 slice (1 oz):28
sr:173417	Cheese, cottage, lowfat, 1% milkfat	usda	72	12.39	2.72	1.02	4 oz:113|1 cup (not packed):226
sr:173418	Cheese, cream	usda	350	6.15	5.52	34.44	1 tbsp:14.5|1 cup:232|1 tbsp, whipped:10|1 oz:28.4|1 cubic inch:16|1 package, small (3 oz):85
sr:173419	Cheese, edam	usda	357	24.99	1.43	28.57	1 oz:28.4|1 package (7 oz):198
sr:173420	Cheese, feta	usda	265	14.21	3.88	21.49	1 cup, crumbled:150|1 oz:28.4|1 cubic inch:17|1 wedge (1.33 oz):38
sr:173422	Egg, yolk, raw, frozen, sugared, pasteurized	usda	307	13.87	10.95	22.82	1 oz:28.4|0.5 lb:227
sr:173423	Egg, whole, cooked, fried	usda	196	13.61	0.83	14.84	1 large:46
sr:173424	Egg, whole, cooked, hard-boiled	usda	155	12.58	1.12	10.61	1 cup, chopped:136|1 tbsp:8.5|1 large:50
sr:173425	Egg, whole, dried, stabilized, glucose reduced	usda	615	48.17	2.38	43.95	1 cup, sifted:85|1 tbsp:5
sr:173426	Egg, white, dried, flakes, stabilized, glucose reduced	usda	351	76.92	4.17	0.04	1 oz:28.4|0.5 lb:227
sr:173427	Egg, white, dried, powder, stabilized, glucose reduced	usda	376	82.4	4.47	0.04	1 cup, sifted:107|1 tbsp:7
sr:173429	Egg substitute, powder	usda	444	55.5	21.8	13	0.35 oz:9.9|0.7 oz:20
sr:173430	Butter, without salt	usda	717	0.85	0.06	81.11	1 pat (1" sq, 1/3" high):5|1 tbsp:14.2|1 cup:227|1 stick:113
sr:173431	Cheese, parmesan, shredded	usda	415	37.86	3.41	27.34	1 tbsp:5
sr:173432	Milk, nonfat, fluid, without added vitamin A and vitamin D (fat free or skim)	usda	35	3.37	4.86	0.18	1 cup:245|1 quart:980
sr:173433	Cheese, goat, semisoft type	usda	364	21.58	0.12	29.84	1 oz:28.4
sr:173434	Yogurt, Greek, 2% fat, key lime blend, CHOBANI	usda	92	7.75	11.91	1.47	
sr:173435	Cheese, goat, soft type	usda	264	18.52	0	21.08	1 oz:28.4
sr:173436	Egg, yolk, raw, frozen, salted, pasteurized	usda	275	14.07	1.77	22.93	1 oz:28.4|0.5 lb:227
sr:173437	Cheese, mexican, queso asadero	usda	356	22.6	4.13	25	1 cup, diced:132|1 cup, shredded:113|1 oz:28.4|1 cubic inch:18|1 slice (1 oz):28
sr:173438	Cheese, mexican, queso chihuahua	usda	374	21.56	5.56	29.68	1 cup, diced:132|1 cup, shredded:113|1 oz:28.4|1 cubic inch:17|1 slice (1 oz):28
sr:173439	Cheese, low fat, cheddar or colby	usda	173	24.35	1.91	7	1 cup, diced:132|1 cup, shredded:113|1 oz:28.4|1 cubic inch:17|1 slice (1 oz):28
sr:173440	Cheese, low-sodium, cheddar or colby	usda	398	24.35	1.91	32.62	1 cup, diced:132|1 cup, shredded:113|1 oz:28.4|1 cubic inch:17|1 slice (1 oz):28
sr:173441	Milk, fluid, 1% fat, without added vitamin A and vitamin D	usda	42	3.37	4.99	0.97	1 cup:244|1 quart:976
sr:173442	Sour cream, reduced fat	usda	181	7	7	14.1	1 tablespoon:12|1 cup:230
sr:173443	Sour cream, light	usda	136	3.5	7.1	10.6	1 tablespoon:12|1 cup:230
sr:173444	Sour cream, fat free	usda	74	3.1	15.6	0	1 tablespoon:12|1 cup:230
sr:173445	Yogurt, vanilla or lemon flavor, nonfat milk, sweetened with low-calorie sweetener	usda	43	3.86	7.5	0.18	1 container (6 oz):170
sr:173446	KRAFT CHEEZ WHIZ LIGHT Pasteurized Process Cheese Product	usda	215	16.3	16.2	9.5	2 tbsp:35
sr:173447	KRAFT FREE Singles American Nonfat Pasteurized Process Cheese Product	usda	148	22.7	11.7	1	1 slice:21
sr:173448	KRAFT VELVEETA Pasteurized Process Cheese Spread	usda	303	16.3	9.8	22	1 oz:28
sr:173449	KRAFT VELVEETA LIGHT Reduced Fat Pasteurized Process Cheese Product	usda	222	19.6	11.8	10.6	1 oz:28
sr:173450	Milk, chocolate, fluid, commercial, reduced fat, with added calcium	usda	78	2.99	12.13	1.9	1 cup:250|1 fl oz:31.2|1 quart:1000
sr:173451	Yogurt, fruit, lowfat, with low calorie sweetener	usda	105	4.86	18.6	1.41	1 container (6 oz):170|1 cup (8 fl oz):245|1 container (8 oz):227
sr:173452	Cheese, parmesan, dry grated, reduced fat	usda	265	20	1.37	20	1 cup:100|1 tbsp:5|1 oz:28.4
sr:173453	Cream substitute, flavored, liquid	usda	251	0.69	35.07	13.5	1 tbsp:15
sr:173454	Milk, dry, whole, without added vitamin D	usda	496	26.32	38.42	26.71	1 cup:128|0.25 cup:32
sr:173455	Cheese product, pasteurized process, American, reduced fat, fortified with vitamin D	usda	240	17.6	10.6	14.1	1 slice 3/4 oz:21|1 slice 2/3 oz:19
sr:173456	Yogurt, fruit, low fat, 9 grams protein per 8 ounce, fortified with vitamin D	usda	99	3.98	18.64	1.15	1 container (6 oz):170|1 container (4.4 oz):125|1 container (5 oz):142|1 cup (8 fl oz):245|1 container (8 oz):227|0.5 container (4 oz):113
sr:173457	Yogurt, fruit, low fat, 10 grams protein per 8 ounce, fortified with vitamin D	usda	102	4.37	19.05	1.08	1 container (6 oz):170|1 cup (8 fl oz):245|1 container (8 oz):227|1 container, Dannon Sprinkl'ins (4.1 oz):116|0.5 container (4 oz):113
sr:173458	Yogurt, fruit variety, nonfat, fortified with vitamin D	usda	95	4.4	19	0.2	1 container (6 oz):170|1 container (4.4 oz):125|1 cup (8 fl oz):245|1 container (8 oz):227
sr:173459	Protein supplement, milk based, Muscle Milk, powder	usda	411	45.71	18.5	17.14	1 tbsp:11
sr:173460	Protein supplement, milk based, Muscle Milk Light, powder	usda	396	50	22	12	2 scoop:50
sr:173461	Dulce de Leche	usda	315	6.84	55.35	7.35	1 tbsp:19
sr:173462	Egg substitute, liquid or frozen, fat free	usda	48	10	2	0	0.25 cup:60|1 cup:240
sr:173463	Yogurt, vanilla flavor, lowfat milk, sweetened with low calorie sweetener	usda	86	4.93	13.8	1.25	1 container:170
sr:173464	Yogurt, frozen, flavors not chocolate, nonfat milk, with low-calorie sweetener	usda	104	4.4	19.7	0.8	0.5 cup:68
sr:173465	Ice cream, soft serve, chocolate	usda	222	4.1	22.2	13	0.5 cup:86
sr:173466	Ice cream, bar or stick, chocolate covered	usda	331	4.1	24.5	24.1	1 bar:50
sr:173467	Fat free ice cream, no sugar added, flavors other than chocolate	usda	133	4.41	28.86	0	0.5 cup:68
sr:173469	Vinegar, cider	usda	21	0	0.93	0	1 tbsp:14.9|1 cup:239|1 tsp:5
sr:173470	Thyme, fresh	usda	101	5.56	24.45	1.68	1 tsp:0.8|0.5 tsp:0.4
sr:173471	Vanilla extract	usda	288	0.06	12.65	0.06	1 tsp:4.2|1 tbsp:13|1 cup:208
sr:173472	Horseradish, prepared	usda	48	1.18	11.29	0.69	1 tsp:5|1 tbsp:15
sr:173473	Rosemary, fresh	usda	131	3.31	20.7	5.86	1 tsp:0.7|1 tbsp:1.7
sr:173474	Peppermint, fresh	usda	70	3.75	14.89	0.94	2 leaves:0.1|2 tbsp:3.2
sr:173475	Spearmint, fresh	usda	44	3.29	8.41	0.73	2 leaves:0.3|2 tbsp:11.4
sr:173476	Seasoning mix, dry, chili, original	usda	335	10.82	56.56	7.3	1.33 tbsp:9
sr:173562	Salad dressing, blue or roquefort cheese dressing, commercial, regular	usda	484	1.37	4.77	51.1	1 tbsp:15|1 cup:245
sr:173563	Oil, cupu assu	usda	884	0	0	100	1 tablespoon:13.6|1 cup:218|1 tsp:4.5
sr:173564	Fat, chicken	usda	900	0	0	99.8	1 tbsp:12.8|1 cup:205
sr:173565	Oil, soybean, salad or cooking, (partially hydrogenated) and cottonseed	usda	884	0	0	100	1 tablespoon:13.6|1 cup:218|1 tsp:4.5
sr:173566	Shortening industrial, lard and vegetable oil	usda	900	0	0	100	1 tbsp:12.8|1 cup:205
sr:173567	Shortening frying (heavy duty), beef tallow and cottonseed	usda	900	0	0	100	1 tbsp:12.8|1 cup:205
sr:173568	Shortening confectionery, coconut (hydrogenated) and or palm kernel (hydrogenated)	usda	884	0	0	100	1 tbsp:12.8|1 cup:205
sr:173569	Shortening industrial, soybean (hydrogenated) and cottonseed	usda	884	0	0	100	1 tbsp:12.8|1 cup:205
sr:173570	Oil, ucuhuba butter	usda	884	0	0	100	1 tbsp:13.6|1 cup:218|1 tsp:4.5
sr:173571	Fat, turkey	usda	900	0	0	99.8	1 tbsp:12.8|1 tsp:4.3|1 cup:205
sr:173572	Fat, goose	usda	900	0	0	99.8	1 tbsp:12.8|1 cup:205
sr:173573	Oil, avocado	usda	884	0	0	100	1 tbsp:14|1 cup:218|1 tsp:4.5
sr:173574	Shortening, special purpose for cakes and frostings, soybean (hydrogenated)	usda	884	0	0	100	1 tbsp:12.8|1 cup:205
sr:173575	Shortening, special purpose for baking, soybean (hydrogenated) palm and cottonseed	usda	884	0	0	100	1 tbsp:12.8|1 cup:205
sr:173576	Oil, oat	usda	884	0	0	100	1 tbsp:13.6|1 cup:218|1 tsp:4.5
sr:173577	Fish oil, cod liver	usda	902	0	0	100	1 tsp:4.5|1 tbsp:13.6|1 cup:218
sr:173578	Fish oil, sardine	usda	902	0	0	100	1 tbsp:13.6|1 tsp:4.5|1 cup:218
sr:173579	Shortening, multipurpose, soybean (hydrogenated) and palm (hydrogenated)	usda	884	0	0	100	1 tbsp:12.8|1 cup:205
sr:173580	Margarine-like, vegetable oil-butter spread, tub, with salt	usda	362	1	1	40	1 tablespoon:14
sr:173581	Butter, light, stick, with salt	usda	499	3.3	0	55.1	1 tablespoon:14
sr:173582	Margarine-like, vegetable oil spread, 60% fat, tub, with salt	usda	533	0.17	0.86	59.81	1 tbsp:14|1 cup:229|1 tsp:4.8
sr:173583	Margarine-like, vegetable oil spread, 60% fat, stick/tub/bottle, with salt	usda	526	0.6	0	59.17	1 tbsp:14.3|1 cup:229|1 tsp:4.8
sr:173584	Shortening, vegetable, household, composite	usda	884	0	0	99.97	1 tbsp:12.8|1 cup:205
sr:173585	Margarine, regular, 80% fat, composite, stick, without salt	usda	717	0.16	0.7	80.71	1 tbsp:14.2|1 cup:227|1 pat (1" sq, 1/3" high):5|1 stick:113
sr:173586	Margarine-like spread with yogurt, approximately 40% fat, tub, with salt	usda	330	2	2	35	1 tablespoon:14
sr:173587	Margarine, 80% fat, stick, includes regular and hydrogenated corn and soybean oils	usda	717	0.16	0.7	80.71	1 tbsp:14
sr:173588	Margarine, margarine-type vegetable oil spread, 70% fat, soybean and partially hydrogenated soybean, stick	usda	628	0.26	1.53	70.22	1 tbsp (1 NLEA serving):14
sr:173589	Margarine Spread, 40-49% fat, tub	usda	401	0.27	0	44.46	
sr:173590	Salad dressing, italian dressing, fat-free	usda	47	0.97	8.75	0.87	1 tbsp:14|1 cup:231
sr:173591	Salad dressing, ranch dressing, fat-free	usda	119	0.25	26.51	1.92	1 tablespoon:14
sr:173592	Salad dressing, ranch dressing, regular	usda	430	1.32	5.9	44.54	1 tablespoon:15|1 serving:30
sr:173593	Salad dressing, ranch dressing, reduced fat	usda	196	1.25	21.33	12.42	1 tablespoon:15|1 serving (2 tbsp):30
sr:173594	Salad dressing, mayonnaise, light	usda	238	0.37	9.23	22.22	1 tablespoon:15
sr:173595	Oil, industrial, coconut, principal uses candy coatings, oil sprays, roasting nuts	usda	884	0	0	100	1 tbsp:13.6|1 cup:218|1 tsp:4.5
sr:173596	Oil, industrial, soy (partially hydrogenated), principal uses popcorn and flavoring vegetables	usda	884	0	0	100	1 tbsp:13.6|1 cup:218|1 tsp:4.5
sr:173597	Shortening, industrial, soy (partially hydrogenated), pourable liquid fry shortening	usda	884	0	0	100	1 tbsp:13.6|1 cup:218|1 tsp:4.5
sr:173598	Oil, industrial, soy, refined, for woks and light frying	usda	884	0	0	100	1 tbsp:13.6|1 cup:218|1 tsp:4.5
sr:173599	Margarine-like shortening, industrial, soy (partially hydrogenated), cottonseed, and soy, principal use flaky pastries	usda	628	0	0	71	1 tbsp:14
sr:173600	Oil, industrial, palm kernel, confection fat, uses similar to high quality cocoa butter	usda	884	0	0	100	1 tbsp:13.6|1 cup:218|1 tsp:4.5
sr:173601	Oil, industrial, palm kernel (hydrogenated), confection fat, uses similar to 95 degree hard butter	usda	884	0	0	100	1 tbsp:13.6|1 cup:218|1 tsp:4.5
sr:173602	Oil, industrial, palm kernel (hydrogenated), confection fat, intermediate grade product	usda	884	0	0	100	1 tbsp:13.6|1 cup:218|1 tsp:4.5
sr:173603	Oil, industrial, palm kernel (hydrogenated), filling fat	usda	884	0	0	100	1 tbsp:13.6|1 cup:218|1 tsp:4.5
sr:173604	Oil, industrial, soy (partially hydrogenated ), palm, principal uses icings and fillings	usda	884	0	0	100	1 tbsp:13.6|1 cup:218|1 tsp:4.5
sr:173605	Margarine, industrial, non-dairy, cottonseed, soy oil (partially hydrogenated ), for flaky pastries	usda	714	1.9	0	80.2	1 tbsp:14
sr:173606	Shortening, industrial, soy (partially hydrogenated ) and corn for frying	usda	884	0	0	100	1 tbsp:12.8|1 cup:205
sr:173607	Shortening, industrial, soy (partially hydrogenated ) for baking and confections	usda	884	0	0	100	1 tbsp:12.8|1 cup:205
sr:173608	Margarine-like spread, SMART BEAT Super Light without saturated fat	usda	158	0	0	17.1	1 tablespoon:14
sr:173609	Margarine-like spread, SMART BEAT Smart Squeeze	usda	47	0	7.1	2.1	1 tablespoon:14
sr:173610	Margarine-like spread, SMART BALANCE Omega Plus Spread (with plant sterols & fish oil)	usda	605	0.13	0.16	70.95	1 tablespoon:14
sr:173611	Chicken, broilers or fryers, drumstick, meat and skin, cooked, fried, flour	usda	245	26.96	1.63	13.72	1 unit (yield from 1 lb ready-to-cook chicken):29|1 drumstick, bone removed:49
sr:173612	Chicken, broilers or fryers, drumstick, meat and skin, cooked, roasted	usda	191	23.35	0	10.15	3 oz:85|1 drumstick with skin (yield from 1 lb ready-to-cook chicken):105|1 drumstick without skin:96
sr:173613	Chicken, broilers or fryers, drumstick, meat and skin, cooked, stewed	usda	204	25.32	0	10.64	1 cup, chopped or diced:140|1 unit (yield from 1 lb ready-to-cook chicken):34|1 drumstick, bone removed:57
sr:173614	Chicken, broilers or fryers, dark meat, drumstick, meat only, raw	usda	116	19.41	0	3.71	4 oz:113|1 drumstick with skin:130|1 drumstick without skin:122
sr:173615	Chicken, broilers or fryers, leg, meat and skin, cooked, fried, batter	usda	273	21.77	8.72	16.17	1 unit (yield from 1 lb ready-to-cook chicken):95|1 leg, bone removed:158
sr:173616	Chicken, broilers or fryers, leg, meat and skin, cooked, fried, flour	usda	254	26.84	2.5	14.43	1 unit (yield from 1 lb ready-to-cook chicken):67|1 leg, bone removed:112
sr:173617	Chicken, broilers or fryers, leg, meat and skin, cooked, roasted	usda	184	24.03	0	8.99	3 oz:85|1 leg, with skin (Sum of drumstick+thigh+back):258|1 thigh with skin:133|1 drumstick with skin:91|1 back with skin:35
sr:173618	Chicken, broilers or fryers, leg, meat and skin, cooked, stewed	usda	220	24.17	0	12.92	1 cup, chopped or diced:140|1 unit (yield from 1 lb ready-to-cook chicken):75|1 leg, bone removed:125
sr:173619	Chicken, broilers or fryers, leg, meat only, raw	usda	120	19.16	0	4.22	4 oz:113|1 leg, bone and skin removed (Sum of drumstick+thigh+back meat only):265|1 thigh bone and skin removed:147|1 drumstick bone and skin removed:88|1 back bone and skin removed:30
sr:173620	Chicken, broilers or fryers, neck, meat and skin, cooked, fried, batter	usda	330	19.82	8.7	23.52	1 unit (yield from 1 lb ready-to-cook chicken):16|1 neck, bone removed:52
sr:173621	Chicken, broilers or fryers, neck, meat and skin, cooked, fried, flour	usda	332	24.01	4.24	23.61	1 unit (yield from 1 lb ready-to-cook chicken):11|1 neck, bone removed:36
sr:173622	Chicken, broilers or fryers, neck, meat and skin, cooked simmered	usda	247	19.61	0	18.1	1 unit (yield from 1 lb ready-to-cook chicken):11|1 neck, bone removed:38
sr:173623	Chicken, broilers or fryers, neck, meat only, raw	usda	154	17.55	0	8.78	1 unit (yield from 1 lb ready-to-cook chicken):6|1 neck, bone and skin removed:20
sr:173624	Chicken, broilers or fryers, thigh, meat and skin, cooked, fried, flour	usda	262	26.75	3.18	14.98	1 unit (yield from 1 lb ready-to-cook chicken):38|1 thigh, bone removed:62
sr:173625	Chicken, broilers or fryers, thigh, meat and skin, cooked, roasted	usda	232	23.26	0	14.71	3 oz:85|1 thigh with skin:137|1 thigh without skin:116
sr:173626	Chicken, broilers or fryers, thigh, meat and skin, cooked, stewed	usda	232	23.26	0	14.74	1 unit (yield from 1 lb ready-to-cook chicken):41|1 thigh, bone removed:68
sr:173627	Chicken, broilers or fryers, dark meat, thigh, meat only, raw	usda	121	19.66	0	4.12	4 oz:113|1 thigh without skin:149
sr:173628	Chicken, broilers or fryers, wing, meat and skin, cooked, fried, batter	usda	324	19.87	10.94	21.81	1 unit (yield from 1 lb ready-to-cook chicken):29|1 wing, bone removed:49
sr:173629	Chicken, broilers or fryers, wing, meat and skin, cooked, fried, flour	usda	321	26.11	2.39	22.16	1 unit (yield from 1 lb ready-to-cook chicken):19|1 wing, bone removed:32
sr:173630	Chicken, broilers or fryers, wing, meat and skin, cooked, roasted	usda	254	23.79	0	16.87	3 oz:85|1 piece:85
sr:173631	Chicken, broilers or fryers, wing, meat and skin, cooked, stewed	usda	249	22.78	0	16.82	1 cup, chopped or diced:140|1 unit (yield from 1 lb ready-to-cook chicken):24|1 wing, bone removed:40
sr:173632	Chicken, broilers or fryers, wing, meat only, raw	usda	126	21.97	0	3.54	1 wing, bone and skin removed (yield from 1 lb ready-to-cook chicken):17|1 wing, bone and skin removed:29
sr:173633	Chicken, roasting, meat and skin and giblets and neck, cooked, roasted	usda	220	23.96	0.05	13.07	3 oz:85|1 unit (yield from 1 lb ready-to-cook chicken):235|1 chicken:1072
sr:173634	Canada Goose, breast meat only, skinless, raw	usda	133	24.31	0	4.02	3 oz:85|1 breast:635|1 bird:4405
sr:173635	Chicken, roasting, meat and skin, cooked, roasted	usda	223	23.97	0	13.39	3 oz:85|1 unit (yield from 1 lb ready-to-cook chicken):210|0.5 chicken, bone removed:480
sr:173636	Chicken, roasting, meat only, raw	usda	111	20.33	0	2.7	3 oz:85|1 unit (yield from 1 lb ready-to-cook chicken):209|0.5 chicken, bone and skin removed:477
sr:173637	Chicken, roasting, light meat, meat only, cooked, roasted	usda	153	27.13	0	4.07	1 cup, chopped or diced:140|1 unit (yield from 1 lb ready-to-cook chicken):78
sr:173638	Chicken, roasting, dark meat, meat only, raw	usda	113	18.74	0	3.61	1 unit (yield from 1 lb ready-to-cook chicken):113|0.5 chicken, bone and skin removed:258
sr:173639	Chicken, roasting, dark meat, meat only, cooked, roasted	usda	178	23.25	0	8.75	1 cup, chopped or diced:140|1 unit (yield from 1 lb ready-to-cook chicken):94
sr:173640	Chicken, stewing, meat and skin, and giblets and neck, raw	usda	251	17.48	0.19	19.52	3 oz:85|1 chicken:905
sr:173641	Chicken, stewing, giblets, raw	usda	168	17.89	2.13	9.21	1 unit (yield from 1 lb ready-to-cook chicken):28|1 giblets:81
sr:173642	Chicken, stewing, giblets, cooked, simmered	usda	194	25.73	0.11	9.3	1 cup, chopped or diced:145|1 unit (yield from 1 lb ready-to-cook chicken):17
sr:173643	Chicken, stewing, light meat, meat only, raw	usda	137	23.1	0	4.21	1 unit (yield from 1 lb ready-to-cook chicken):89|0.5 chicken, bone and skin removed:130
sr:173644	Chicken, stewing, light meat, meat only, cooked, stewed	usda	213	33.04	0	7.98	1 cup, chopped or diced:140|1 unit (yield from 1 lb ready-to-cook chicken):64
sr:173645	Chicken, capons, meat and skin, raw	usda	234	18.77	0	17.07	3 oz:85|1 unit (yield from 1 lb ready-to cook capon):297|0.5 capon, bone removed:964
sr:173646	Chicken, capons, meat and skin, cooked, roasted	usda	229	28.96	0	11.65	3 oz:85|1 unit (yield from 1 lb ready-to cook capon):196|0.5 capon, bone removed:637
sr:173648	Beverages, coffee substitute, cereal grain beverage, powder, prepared with whole milk	usda	65	3.3	5.6	3.3	6 fl oz:185
sr:173649	Beverages, Dairy drink mix, chocolate, reduced calorie, with low-calorie sweeteners, powder	usda	329	25	51.4	2.6	1 packet (.75 oz):21|1 envelope:21
sr:173650	Beverages, dairy drink mix, chocolate, reduced calorie, with aspartame, powder, prepared with water and ice	usda	29	2.19	4.51	0.23	1 serving:243
sr:173651	Beverages, Orange-flavor drink, breakfast type, with pulp, frozen concentrate.	usda	172	0.1	42.9	0.5	1 fl oz:35.3|1 can:424
sr:173652	Beverages, Orange-flavor drink, breakfast type, with pulp, frozen concentrate, prepared with water	usda	49	0.03	12.21	0.14	1 fl oz:31|8 fl oz:248
sr:173653	Cranberry juice cocktail, frozen concentrate	usda	201	0.05	51.45	0	1 fl oz:36.2|1 can (12 fl oz):435
sr:173654	Cranberry juice cocktail, frozen concentrate, prepared with water	usda	47	0.01	11.81	0	1 fl oz:29.6|8 fl oz:237
sr:173659	Beverages, drink mix, QUAKER OATS, GATORADE, orange flavor, powder	usda	388	0	94.11	1.23	1 scoop powder:23|1 cup powder:207
sr:173660	Beverages, PEPSICO QUAKER, Gatorade, G performance O 2, ready-to-drink.	usda	26	0	6.43	0	1 fl oz:30.5|8 fl oz:244|1 bottle:609
sr:173661	Whiskey sour mix, bottled, with added potassium and sodium	usda	84	0.1	21.4	0.1	1 fl oz:32.3
sr:173662	Alcoholic beverage, whiskey sour	usda	149	0	13.17	0.03	1 fl oz:30.4|1 portion (2 oz mix + 1.5 oz whiskey):106|2 fl oz:65
sr:173663	Alcoholic beverage, distilled, all (gin, rum, vodka, whiskey) 94 proof	usda	275	0	0	0	1 fl oz:27.8|1.5 fl oz:42
sr:173664	Alcoholic beverage, distilled, all (gin, rum, vodka, whiskey) 100 proof	usda	295	0	0	0	1 fl oz:27.8|1.5 fl oz:42
sr:173665	Alcoholic beverage, liqueur, coffee, 63 proof	usda	308	0.1	32.2	0.3	1 fl oz:34.8|1.5 fl oz:52
sr:173666	Lemonade, frozen concentrate, pink	usda	192	0.22	48.86	0.69	1 fl oz:36.4|1 can (12 fl oz):437|1 can (6 fl oz):218
sr:173667	Beverages, lemonade, frozen concentrate, pink, prepared with water	usda	43	0.05	10.81	0.15	1 fl oz:30.9|1 bottle 8 fl oz:247
sr:173668	Fish, herring, Atlantic, kippered	usda	217	24.58	0	12.37	1 oz, boneless:28.4|1 cubic inch, boneless:17|1 fillet, large (7" x 2-1/4" x 1/4"):65|1 fillet, medium (5" x 1-3/4" x 1/4"):40|1 fillet, small (2-3/8" x 1-3/8" x 1/4"):20
sr:173669	Fish, herring, Pacific, raw	usda	195	16.39	0	13.88	3 oz:85|1 fillet:184
sr:173670	Fish, ling, raw	usda	87	18.99	0	0.64	3 oz:85|1 fillet:193
sr:173671	Fish, lingcod, raw	usda	85	17.66	0	1.06	3 oz:85|0.5 fillet:193
sr:173672	Fish, mackerel, Pacific and jack, mixed species, raw	usda	158	20.07	0	7.89	3 oz:85|1 fillet:225
sr:173673	Fish, mackerel, spanish, raw	usda	139	19.29	0	6.3	3 oz:85|1 fillet:187
sr:173674	Fish, mackerel, spanish, cooked, dry heat	usda	158	23.59	0	6.32	1 fillet:146|3 oz:85
sr:173675	Fish, milkfish, raw	usda	148	20.53	0	6.73	3 oz:85
sr:173676	Fish, monkfish, raw	usda	76	14.48	0	1.52	3 oz:85
sr:173677	Fish, pout, ocean, raw	usda	79	16.64	0	0.91	3 oz:85|0.5 fillet:176
sr:173678	Fish, perch, mixed species, raw	usda	91	19.39	0	0.92	1 fillet:60|3 oz:85
sr:173679	Fish, perch, mixed species, cooked, dry heat	usda	117	24.86	0	1.18	1 fillet:46|3 oz:85
sr:173680	Fish, pike, northern, raw	usda	88	19.26	0	0.69	3 oz:85|0.5 fillet:198
sr:173681	Fish, pollock, Alaska, cooked, dry heat (may contain additives to retain moisture)	usda	111	23.48	0	1.18	1 fillet:60|3 oz:85
sr:173682	Fish, pompano, florida, raw	usda	164	18.48	0	9.47	1 oz, boneless:28.4|1 fillet:112|3 oz:85
sr:173683	Fish, pompano, florida, cooked, dry heat	usda	211	23.69	0	12.14	1 fillet:88|3 oz:85
sr:173684	Fish, rockfish, Pacific, mixed species, raw	usda	90	18.36	0	1.34	3 oz:85|1 fillet:191
sr:173685	Fish, sablefish, smoked	usda	257	17.65	0	20.14	1 oz:28.4|3 oz:85
sr:173686	Fish, salmon, Atlantic, wild, raw	usda	142	19.84	0	6.34	3 oz:85|0.5 fillet:198
sr:173687	Fish, salmon, chinook, smoked	usda	117	18.28	0	4.32	1 oz, boneless:28.4|3 oz:85|1 cubic inch, boneless:17|1 cup, cooked:136
sr:173688	Fish, salmon, chinook, raw	usda	179	19.93	0	10.43	3 oz:85|0.5 fillet:198
sr:173689	Fish, salmon, chum, raw	usda	120	20.14	0	3.77	3 oz:85|0.5 fillet:198
sr:173690	Fish, salmon, pink, canned, total can contents	usda	129	19.68	0	4.97	3 oz:85|1 can:411
sr:173691	Fish, salmon, sockeye, raw	usda	131	22.25	0	4.69	1 oz, boneless:28.4|0.5 fillet:198|3 oz:85
sr:173692	Fish, salmon, sockeye, cooked, dry heat	usda	156	26.48	0	5.57	3 oz:85|0.5 fillet:155
sr:173693	Fish, salmon, sockeye, canned, drained solids	usda	167	23.59	0	7.39	3 oz:85|1 can:337
sr:173694	Fish, sea bass, mixed species, cooked, dry heat	usda	124	23.63	0	2.56	1 fillet:101|3 oz:85
sr:173695	Fish, seatrout, mixed species, raw	usda	104	16.74	0	3.61	3 oz:85|1 fillet:238
sr:173696	Fish, shad, american, raw	usda	197	16.93	0	13.77	3 oz:85|1 fillet:184
sr:173697	Fish, shark, mixed species, raw	usda	130	20.98	0	4.51	3 oz:85
sr:173698	Fish, snapper, mixed species, raw	usda	100	20.51	0	1.34	3 oz:85|1 fillet:218
sr:173699	Fish, snapper, mixed species, cooked, dry heat	usda	128	26.3	0	1.72	3 oz:85|1 fillet:170
sr:173700	Fish, spot, raw	usda	123	18.51	0	4.9	1 fillet:64|3 oz:85
sr:173701	Fish, sturgeon, mixed species, raw	usda	105	16.14	0	4.04	3 oz:85
sr:173702	Fish, surimi	usda	99	15.18	6.85	0.9	1 oz:28.4|3 oz:85
sr:173703	Fish, swordfish, raw	usda	144	19.66	0	6.65	3 oz:85|1 piece (4-1/2" x 2-1/8" x 7/8"):136
sr:173704	Fish, swordfish, cooked, dry heat	usda	172	23.45	0	7.93	3 oz:85|1 piece:106
sr:173705	Fish, tilefish, raw	usda	96	17.5	0	2.31	3 oz:85|0.5 fillet:193
sr:173706	Fish, tuna, fresh, bluefin, raw	usda	144	23.33	0	4.9	3 oz:85
sr:173707	Fish, tuna, fresh, bluefin, cooked, dry heat	usda	184	29.91	0	6.28	3 oz:85
sr:173708	Fish, tuna, light, canned in oil, drained solids	usda	198	29.13	0	8.21	1 cup, solid or chunks:146|1 oz:28.4|1 can:171|3 oz:85|1 can (12.5 oz), drained:321
sr:173709	Fish, tuna, light, canned in water, drained solids (Includes foods for USDA's Food Distribution Program)	usda	86	19.44	0	0.96	1 oz:28.4|3 oz:85|1 can:165|1 cup, solid or chunks:154|1 can (12.5 oz), drained:315
sr:173710	Fish, turbot, european, raw	usda	95	16.05	0	2.95	3 oz:85|0.5 fillet:204
sr:173711	Fish, whitefish, mixed species, raw	usda	134	19.09	0	5.86	3 oz:85|1 fillet:198
sr:173712	Fish, whitefish, mixed species, smoked	usda	108	23.4	0	0.93	1 cup, cooked:136|1 oz, boneless:28.4|1 cubic inch, boneless:17|3 oz:85
sr:173713	Fish, whiting, mixed species, raw	usda	90	18.31	0	1.31	1 fillet:92|3 oz:85
sr:173714	Fish, catfish, channel, wild, cooked, dry heat	usda	105	18.47	0	2.85	1 fillet:143|3 oz:85
sr:173715	Fish, salmon, coho, farmed, raw	usda	160	21.27	0	7.67	3 oz:85|1 fillet:159
sr:173716	Fish, salmon, coho, farmed, cooked, dry heat	usda	178	24.3	0	8.23	1 fillet:143|3 oz:85
sr:173717	Fish, trout, rainbow, farmed, raw	usda	141	19.94	0	6.18	1 fillet:79|3 oz:85
sr:173718	Fish, trout, rainbow, farmed, cooked, dry heat	usda	168	23.8	0	7.38	1 fillet:71|3 oz:85
sr:173719	Fish, salmon, coho, wild, cooked, dry heat	usda	139	23.45	0	4.3	3 oz:85|0.5 fillet:178
sr:173720	Mollusks, conch, baked or broiled	usda	130	26.3	1.7	1.2	1 cup, sliced:127|1 oz cooked, yield:17
sr:173721	Salmon nuggets, breaded, frozen, heated	usda	212	12.69	13.96	11.72	1 oz:28.4
sr:173722	Salmon nuggets, cooked as purchased, unheated	usda	189	11.97	11.85	10.43	1 oz:28.4
sr:173723	Salmon, sockeye, canned, drained solids, without skin and bones	usda	158	26.33	0	5.87	3 oz:85|1 can drained solids, bone and skin removed:247
sr:173724	Fish, Salmon, pink, canned, drained solids, without skin and bones	usda	136	24.62	0	4.21	3 oz:85|1 can drained solids, bone and skin removed:242
sr:173725	Fish, pollock, Alaska, raw	usda	76	17.17	0	0.82	3 oz:85
sr:173726	Fish, pollock, Alaska, cooked	usda	86.6164	19.42	0	0.9946	3 oz:85
sr:173727	Beans, adzuki, mature seeds, raw	usda	329	19.87	62.9	0.53	1 cup:197
sr:173728	Beans, adzuki, mature seeds, cooked, boiled, without salt	usda	128	7.52	24.77	0.1	1 cup:230
sr:173729	Beans, adzuki, mature seeds, canned, sweetened	usda	237	3.8	55.01	0.03	1 cup:296
sr:173730	Yokan, prepared from adzuki beans and sugar	usda	260	3.29	60.72	0.12	1 slice:14
sr:173731	Beans, baked, home prepared	usda	155	5.54	21.63	5.15	1 cup:253
sr:173732	Beans, baked, canned, with pork and sweet sauce	usda	105	4.52	21.57	0.89	1 cup:249
sr:173733	Beans, baked, canned, with pork and tomato sauce	usda	94	5.15	18.69	0.93	1 cup:246
sr:173734	Beans, black, mature seeds, raw	usda	341	21.6	62.36	1.42	1 cup:194|1 tbsp:12.1
sr:173735	Beans, black, mature seeds, cooked, boiled, without salt	usda	132	8.86	23.71	0.54	1 cup:172
sr:173736	Beans, cranberry (roman), mature seeds, cooked, boiled, without salt	usda	136	9.34	24.46	0.46	1 cup:177
sr:173737	Beans, cranberry (roman), mature seeds, canned	usda	83	5.54	15.12	0.28	1 cup:260
sr:173738	Beans, french, mature seeds, raw	usda	343	18.81	64.11	2.02	1 cup:184
sr:173739	Beans, french, mature seeds, cooked, boiled, without salt	usda	129	7.05	24.02	0.76	1 cup:177
sr:173740	Beans, kidney, all types, mature seeds, cooked, boiled, without salt	usda	127	8.67	22.8	0.5	1 cup:177|1 tbsp:11
sr:173741	Beans, kidney, all types, mature seeds, canned	usda	84	5.22	14.5	0.6	1 cup:256
sr:173742	Beans, kidney, california red, mature seeds, raw	usda	330	24.37	59.8	0.25	1 cup:184
sr:173743	Beans, kidney, california red, mature seeds, cooked, boiled, without salt	usda	124	9.13	22.41	0.09	1 cup:177
sr:173744	Beans, kidney, red, mature seeds, raw	usda	337	22.53	61.29	1.06	1 cup:184|1 tbsp:12.2
sr:173745	Beans, navy, mature seeds, raw	usda	337	22.33	60.75	1.5	1 cup:208
sr:173746	Beans, navy, mature seeds, cooked, boiled, without salt	usda	140	8.23	26.05	0.62	1 cup:182
sr:173747	Beans, navy, mature seeds, canned	usda	113	7.53	20.45	0.43	1 cup:262
sr:173748	Beans, pink, mature seeds, raw	usda	343	20.96	64.19	1.13	1 cup:210
sr:173749	Beans, small white, mature seeds, raw	usda	336	21.11	62.25	1.18	1 cup:215
sr:173750	Beans, small white, mature seeds, cooked, boiled, without salt	usda	142	8.97	25.81	0.64	1 cup:179
sr:173751	Beans, yellow, mature seeds, raw	usda	345	22	60.7	2.6	1 cup:196
sr:173752	Beans, yellow, mature seeds, cooked, boiled, without salt	usda	144	9.16	25.28	1.08	1 cup:177
sr:173753	Broadbeans (fava beans), mature seeds, cooked, boiled, without salt	usda	110	7.6	19.65	0.4	1 cup:170
sr:173754	Broadbeans (fava beans), mature seeds, canned	usda	71	5.47	12.41	0.22	1 cup:256
sr:173755	Carob flour	usda	222	4.62	88.88	0.65	1 cup:103|1 tbsp:6
sr:173756	Chickpeas (garbanzo beans, bengal gram), mature seeds, raw	usda	378	20.47	62.95	6.04	1 cup:200|1 tbsp:12.5
sr:173757	Chickpeas (garbanzo beans, bengal gram), mature seeds, cooked, boiled, without salt	usda	164	8.86	27.42	2.59	1 cup:164
sr:173758	Cowpeas, common (blackeyes, crowder, southern), mature seeds, raw	usda	336	23.52	60.03	1.26	1 cup:167|1 tbsp:10.5
sr:173759	Cowpeas, common (blackeyes, crowder, southern), mature seeds, cooked, boiled, without salt	usda	116	7.73	20.76	0.53	1 cup:171
sr:173760	Cowpeas, common (blackeyes, crowder, southern), mature seeds, canned, plain	usda	77	4.74	13.63	0.55	1 cup:240
sr:173761	Cowpeas, common (blackeyes, crowder, southern), mature seeds, canned with pork	usda	83	2.74	16.53	1.6	1 cup:240
sr:173762	Vitasoy USA, Organic Nasoya Extra Firm Tofu	usda	98	10.1	2.6	5.2	0.2 package:79
sr:173763	Vitasoy USA, Organic Nasoya Firm Tofu	usda	84	8.9	2.3	4.4	0.2 package:79
sr:173764	Vitasoy USA, Organic Nasoya Silken Tofu	usda	47	4.8	1.4	2.5	0.2 package:91
sr:173765	Soymilk (All flavors), enhanced	usda	45	2.94	3.45	1.99	1 cup:243
sr:173766	Soymilk, original and vanilla, light, with added calcium, vitamins A and D	usda	30	2.38	3.51	0.77	1 cup:243
sr:173767	Soymilk, chocolate and other flavors, light, with added calcium, vitamins A and D	usda	47	2.1	8.24	0.64	1 cup:243
sr:173768	Soymilk, original and vanilla, light, unsweetened, with added calcium, vitamins A and D	usda	34	2.62	3.85	0.85	1 cup:243
sr:173769	Soymilk (All flavors), lowfat, with added calcium, vitamins A and D	usda	43	1.65	7.2	0.62	1 cup:243
sr:173770	SILK Chocolate, soymilk	usda	58	2.06	9.47	1.44	1 cup:243
sr:173771	SILK Light Plain, soymilk	usda	29	2.47	3.29	0.82	1 cup:243
sr:173772	SILK Light Vanilla, soymilk	usda	33	2.47	4.12	0.82	1 cup:243
sr:173773	SILK Light Chocolate, soymilk	usda	49	2.06	9.05	0.62	1 cup:243
sr:173774	SILK Very Vanilla, soymilk	usda	53	2.47	7.82	1.65	1 cup:243
sr:173775	SILK Nog, soymilk	usda	74	2.46	12.3	1.64	0.5 cup:122
sr:173776	SILK Chai, soymilk	usda	53	2.47	7.82	1.44	1 cup:243
sr:173777	SILK Mocha, soymilk	usda	58	2.06	9.05	1.44	1 cup:243
sr:173778	SILK Raspberry soy yogurt	usda	88	2.35	17.65	1.18	1 container:170
sr:173779	SILK Peach soy yogurt	usda	94	2.35	18.82	1.18	1 container:170
sr:173780	SILK Black Cherry soy yogurt	usda	88	2.35	17.06	1.18	1 container:170
sr:173781	SILK Blueberry soy yogurt	usda	88	2.35	17.06	1.18	1 container:170
sr:173782	SILK Hazelnut Creamer	usda	133	0	20	6.67	1 tbsp:15
sr:173783	Vitasoy USA Organic Nasoya, Soft Tofu	usda	70	8.76	0.74	3.5	0.2 package:79
sr:173784	Vitasoy USA Nasoya, Lite Silken Tofu	usda	43	8.21	0	1.1	0.2 package:91
sr:173785	Vitasoy USA Organic Nasoya, Tofu Plus Extra Firm	usda	92	10.18	1.82	4.9	3 oz:85
sr:173786	Vitasoy USA Azumaya, Silken Tofu	usda	43	4.82	0.58	2.4	0.2 package:91
sr:173787	HOUSE FOODS Premium Soft Tofu	usda	59	6.38	2.19	2.71	2 oz:56|3 oz:84
sr:173788	HOUSE FOODS Premium Firm Tofu	usda	85	10.92	0.97	4.19	2 oz:56|3 oz:84
sr:173789	Beans, adzuki, mature seed, cooked, boiled, with salt	usda	128	7.52	24.77	0.1	1 cup:230
sr:173790	Beans, great northern, mature seeds, cooked, boiled, with salt	usda	118	8.33	21.09	0.45	1 cup:177
sr:173791	Beans, great northern, mature seeds, canned, low sodium	usda	114	7.37	21.02	0.39	1 cup:262
sr:173792	Beans, kidney, all types, mature seeds, cooked, boiled, with salt	usda	127	8.67	22.8	0.5	1 cup:177
sr:173793	Beans, kidney, california red, mature seeds, cooked, boiled, with salt	usda	124	9.13	22.41	0.09	1 cup:177
sr:173794	Beans, navy, mature seeds, cooked, boiled, with salt	usda	140	8.23	26.05	0.62	1 cup:182
sr:173795	Beans, pink, mature seeds, cooked, boiled, with salt	usda	149	9.06	27.91	0.49	1 cup:169
sr:173796	Beans, pinto, mature seeds, cooked, boiled, with salt	usda	143	9.01	26.22	0.65	1 cup:171
sr:173797	Beans, pinto, mature seeds, canned, drained solids, rinsed in tap water	usda	117	7.04	20.77	0.97	1 cup:169|1 can:258
sr:173798	Broadbeans (fava beans), mature seeds, cooked, boiled, with salt	usda	110	7.6	19.65	0.4	1 cup:170
sr:173799	Chickpeas (garbanzo beans, bengal gram), mature seeds, cooked, boiled, with salt	usda	164	8.86	27.42	2.59	1 cup:164
sr:173800	Chickpeas (garbanzo beans, bengal gram), mature seeds, canned, drained solids	usda	139	7.05	22.53	2.77	1 can drained:253
sr:173801	Chickpeas (garbanzo beans, bengal gram), mature seeds, canned, drained, rinsed in tap water	usda	138	7.04	22.87	2.47	1 can drained, rinsed:254|1 cup drained, rinsed:152
sr:173802	Lima beans, large, mature seeds, cooked, boiled, with salt	usda	115	7.8	20.88	0.38	1 cup:188
sr:173803	Lima beans, thin seeded (baby), mature seeds, cooked, boiled, with salt	usda	126	8.04	23.31	0.38	1 cup:182
sr:173804	Lupins, mature seeds, cooked, boiled, with salt	usda	116	15.57	9.29	2.92	1 cup:166
sr:173805	Mothbeans, mature seeds, cooked, boiled, with salt	usda	117	7.81	20.96	0.55	1 cup:177
sr:173806	Peanuts, all types, dry-roasted, without salt	usda	587	24.35	21.26	49.66	1 cup:146|1 oz:28.4|1 peanut:1
sr:173807	Peanuts, spanish, oil-roasted, without salt	usda	579	28.01	17.45	49.04	1 cup:147|1 oz:28.4
sr:173808	Peanuts, valencia, oil-roasted, without salt	usda	589	27.04	16.3	51.24	1 cup:144|1 oz:28.4
sr:173809	Peanuts, virginia, oil-roasted, without salt	usda	578	25.87	19.86	48.62	1 cup:143|1 oz:28.4
sr:173810	Lamb, New Zealand, imported, loin chop, separable lean only, raw	usda	142	19.98	0	6.88	4 oz:113|1 serving:115
sr:173811	Lamb, New Zealand, imported, frozen, loin, separable lean only, cooked, broiled	usda	199	29.31	0	8.24	3 oz:85|1 chop, excluding refuse (yield from 1 raw chop, with refuse, weighing 85 g):30
sr:173812	Lamb, New Zealand, imported, rack - partly frenched, separable lean and fat, raw	usda	240	18.12	0.13	18.52	4 oz:113|1 serving:115
sr:173813	Lamb, New Zealand, imported, rack - partly frenched, separable lean and fat, cooked, fast roasted	usda	253	22.06	0.04	18.29	3 oz:85|1 serving:85
sr:173814	Lamb, New Zealand, imported, frozen, shoulder, whole (arm and blade), separable lean only, cooked, braised	usda	285	34.06	0	15.5	3 oz:85|1 piece, cooked, excluding refuse (yield from 1 lb raw meat with refuse):157
sr:173815	Veal, composite of trimmed retail cuts, separable lean and fat, raw	usda	144	19.35	0	6.77	1 oz:28.4|1 lb:453.6
sr:173816	Veal, composite of trimmed retail cuts, separable lean and fat, cooked	usda	231	30.1	0	11.39	3 oz:85|1 piece, cooked, excluding refuse (yield from 1 lb raw meat with refuse):209
sr:173817	Veal, composite of trimmed retail cuts, separable lean only, raw	usda	112	20.2	0	2.87	1 oz:28.4|1 lb:453.6
sr:173818	Veal, leg (top round), separable lean and fat, cooked, braised	usda	211	36.16	0	6.33	3 oz:85|1 unit, cooked (yield from 1 lb raw meat):272
sr:173819	Veal, leg (top round), separable lean and fat, cooked, pan-fried, breaded	usda	238	27.29	9.91	9.18	3 oz:85|1 unit, cooked (yield from 1 lb raw meat):295
sr:173820	Veal, leg (top round), separable lean and fat, cooked, pan-fried, not breaded	usda	211	31.75	0	8.35	3 oz:85|1 unit, cooked (yield from 1 lb raw meat):304
sr:173821	Veal, leg (top round), separable lean and fat, cooked, roasted	usda	160	27.7	0	4.65	3 oz:85|1 unit, cooked (yield from 1 lb raw meat):358
sr:173822	Veal, leg (top round), separable lean only, cooked, roasted	usda	150	28.07	0	3.39	3 oz:85|1 piece, cooked, excluding refuse (yield from 1 lb raw meat with refuse):351
sr:173823	Veal, loin, separable lean and fat, raw	usda	177	20.07	0.07	10.07	4 oz:113|1 roast:1495
sr:173824	Veal, loin, separable lean and fat, cooked, braised	usda	284	30.19	0	17.21	3 oz:85|1 chop, excluding refuse (yield from 1 raw chop, with refuse, weighing 195 g):80
sr:173825	Veal, loin, separable lean and fat, cooked, roasted	usda	217	24.8	0	12.32	3 oz:85|1 piece, cooked, excluding refuse (yield from 1 lb raw meat with refuse):229
sr:173826	Veal, loin, separable lean only, raw	usda	114	21.85	0	2.9	4 oz:113|1 roast:1495|1 oz:28.4
sr:173827	Veal, rib, separable lean and fat, cooked, roasted	usda	228	23.96	0	13.96	3 oz:85|1 piece, cooked, excluding refuse (yield from 1 lb raw meat with refuse):240
sr:173828	Veal, rib, separable lean only, raw	usda	120	19.97	0	3.89	1 oz:28.4|1 lb:453.6
sr:173829	Veal, rib, separable lean only, cooked, braised	usda	218	34.44	0	7.81	3 oz:85|1 piece, cooked, excluding refuse (yield from 1 lb raw meat with refuse):163
sr:173830	Veal, rib, separable lean only, cooked, roasted	usda	177	25.76	0	7.44	3 oz:85|1 piece, cooked, excluding refuse (yield from 1 lb raw meat with refuse):215
sr:173831	Veal, shoulder, whole (arm and blade), separable lean only, cooked, braised	usda	199	33.68	0	6.1	3 oz:85|1 piece, cooked, excluding refuse (yield from 1 lb raw meat with refuse):182
sr:173832	Veal, shoulder, whole (arm and blade), separable lean only, cooked, roasted	usda	170	25.81	0	6.62	3 oz:85|1 piece, cooked, excluding refuse (yield from 1 lb raw meat with refuse):251
sr:173833	Veal, shoulder, arm, separable lean and fat, raw	usda	132	19.34	0	5.44	1 oz:28.4|1 steak, excluding refuse (yield from 1 raw steak, with refuse, weighing 385 g):304
sr:173834	Veal, shoulder, arm, separable lean and fat, cooked, braised	usda	236	33.63	0	10.24	3 oz:85|1 steak, excluding refuse (yield from 1 raw steak, with refuse, weighing 385 g):173
sr:173835	Veal, shoulder, blade chop, separable lean and fat, raw	usda	148	18.72	0.03	7.61	4 oz:113|1 chop:450
sr:173836	Veal, shoulder, blade, separable lean and fat, cooked, braised	usda	225	31.26	0	10.09	3 oz:85|1 piece, cooked, excluding refuse (yield from 1 lb raw meat with refuse):186
sr:173837	Veal, shoulder, blade, separable lean and fat, cooked, roasted	usda	186	25.15	0	8.67	3 oz:85|1 piece, cooked, excluding refuse (yield from 1 lb raw meat with refuse):244
sr:173838	Veal, shoulder, blade chop, separable lean only, raw	usda	110	19.6	0	2.88	4 oz:113|1 chop:450|1 oz:28.4
sr:173839	Veal, shoulder, blade, separable lean only, cooked, braised	usda	198	32.66	0	6.48	3 oz:85|1 piece, cooked, excluding refuse (yield from 1 lb raw meat with refuse):174
sr:173840	Veal, sirloin, separable lean only, raw	usda	110	20.2	0	2.59	1 oz:28.4|1 lb:453.6
sr:173841	Veal, sirloin, separable lean only, cooked, braised	usda	204	33.96	0	6.51	3 oz:85|1 piece, cooked, excluding refuse (yield from 1 lb raw meat with refuse):183
sr:173842	Veal, sirloin, separable lean only, cooked, roasted	usda	168	26.32	0	6.22	3 oz:85|1 piece, cooked, excluding refuse (yield from 1 lb raw meat with refuse):251
sr:173843	Veal, cubed for stew (leg and shoulder), separable lean only, raw	usda	109	20.27	0	2.5	1 oz:28.4|1 lb:453.6
sr:173844	Game meat, antelope, cooked, roasted	usda	150	29.45	0	2.67	3 oz:85|1 piece, cooked (yield from 1 lb raw meat, boneless):340
sr:173845	Game meat, bear, raw	usda	161	20.1	0	8.3	1 oz:28.4|1 lb:453.6
sr:173846	Game meat, bear, cooked, simmered	usda	259	32.42	0	13.39	3 oz:85|1 piece, cooked (yield from 1 lb raw meat, boneless):277
sr:173847	Bison, ground, grass-fed, cooked	usda	179	25.45	0	8.62	3 oz:85
sr:173848	Game meat, beefalo, composite of cuts, cooked, roasted	usda	188	30.66	0	6.32	3 oz:85|1 piece, cooked (yield from 1 lb raw meat, boneless):340
sr:173849	Veal, Australian, separable fat, raw	usda	509	9.91	0	52.17	4 oz:113
sr:173850	Veal, Australian, rib, rib roast, separable lean and fat, raw	usda	201	19.6	1.15	13.1	4 oz:113|1 roast with bone:325
sr:173851	Game meat, bison, separable lean only, raw	usda	109	21.62	0	1.84	1 oz:28.4|1 lb:453.6
sr:173852	Game meat, bison, separable lean only, cooked, roasted	usda	143	28.44	0	2.42	3 oz:85|1 piece, cooked (yield from 1 lb raw meat, boneless):340
sr:173853	Game meat, caribou, raw	usda	127	22.63	0	3.36	1 oz:28.4|1 lb:453.6
sr:173854	Game meat, caribou, cooked, roasted	usda	167	29.77	0	4.42	3 oz:85|1 piece, cooked (yield from 1 lb raw meat, boneless):340
sr:173855	Game meat, deer, raw	usda	120	22.96	0	2.42	1 oz:28.4|1 lb:453.6
sr:173856	Bologna, pork	usda	247	15.3	0.73	19.87	1 slice, medium (4-1/2" dia x 1/8" thick) (1 oz):28|1 slice (4" dia x 1/8" thick):23
sr:173857	Bologna, turkey	usda	209	11.42	4.68	16.05	0.99 oz 1 serving:28|1 serving:28|1 package:454
sr:173858	Chicken spread	usda	158	18.01	4.05	17.56	1 serving (1 serving):56
sr:173859	Sausage, pork, chorizo, link or ground, raw	usda	296	13.63	3.78	25.1	1 oz:28.4|1 link (4" long):60
sr:173860	Corned beef loaf, jellied	usda	153	22.9	0	6.1	1 slice (1 oz) (4" x 4" x 3/32" thick):28|2 slices:57
sr:173861	Dutch brand loaf, chicken, pork and beef	usda	273	12	3.93	22.91	1 slice:38
sr:173864	Ham, sliced, regular (approximately 11% fat)	usda	164	16.6	3.63	8.8	56 grams 1 serving:56|1 slice:28
sr:173865	Ham, minced	usda	263	16.28	1.84	20.68	1 oz:28.4|1 slice (4-1/4" x 4-1/4" x 1/16"):21
sr:173866	Ham salad spread	usda	216	8.68	10.64	15.53	1 tbsp:15|1 oz:28.4
sr:173867	Knackwurst, knockwurst, pork, beef	usda	307	11.1	3.2	27.7	1 link:72|1 oz:28.4
sr:173868	Lebanon bologna, beef	usda	172	19.03	0.44	10.44	1 serving 2 slices:57|1 oz:28.4|2 oz:57
sr:173869	Liver cheese, pork	usda	304	15.2	2.1	25.6	1 oz:28.4|1 slice:38
sr:173870	Liver sausage, liverwurst, pork	usda	326	14.1	2.2	28.5	1 slice (2-1/2" dia x 1/4" thick):18|1 oz:28.4
sr:173871	Sausage, turkey, fresh, cooked	usda	196	23.89	0	10.44	1 serving:57
sr:173872	Bologna, chicken, pork, beef	usda	272	11.33	5.61	22.73	1 serving:28|1 slice:28
sr:173873	Bologna, chicken, pork	usda	336	10.31	4.19	30.61	1 serving:28|1 slice:28
sr:173874	Chicken breast, deli, rotisserie seasoned, sliced, prepackaged	usda	98	17.4	2.92	1.86	1 slice:12
sr:173875	Frankfurter, meat and poultry, unheated	usda	277	9.72	5.02	24.18	1 frankfurter:51
sr:173876	Pork sausage, link/patty, fully cooked, unheated	usda	392	13.46	0.69	37.25	1 link:23|1 patty:37
sr:173877	Kielbasa, fully cooked, grilled	usda	337	12.45	5.03	29.68	3 oz:85|1 link:367
sr:173878	Kielbasa, fully cooked, pan-fried	usda	333	12.36	4.78	29.43	1 link:370
sr:173879	Kielbasa, fully cooked, unheated	usda	325	10.84	3.72	29.63	3 oz:85|1 link:396
sr:173880	Sausage, chicken or turkey, Italian style, lower sodium	usda	183	21.43	14.25	4.46	
sr:173881	Ham, smoked, extra lean, low sodium	usda	141	18.52	10.7	2.71	
sr:173882	Pork sausage, reduced sodium, cooked	usda	271	9.41	8.13	22.35	3 oz:85
sr:173883	Sausage, pork, turkey, and beef, reduced sodium	usda	284	10.71	0.11	26.79	3 oz:85|1 serving:56
sr:173884	Cereals ready-to-eat, GENERAL MILLS, CHEERIOS	usda	372	12.4	73.2	6.6	1 cup (1 NLEA serving):28
sr:173885	Cereals ready-to-eat, POST, COCOA PEBBLES	usda	397	4.8	85.7	4.1	0.75 cup (1 NLEA serving):29
sr:173886	Cereals ready-to-eat, QUAKER, QUAKER CRUNCHY BRAN	usda	331	6.37	83.68	4.06	0.75 cup (1 NLEA serving):27
sr:173887	Cereals ready-to-eat, RALSTON CRISP RICE	usda	383	6.69	86.22	1.26	1.25 cup (1 NLEA serving):33|1 cup:28
sr:173888	Cereals ready-to-eat, POST Bran Flakes	usda	328	9.9	80.5	2.1	0.75 cup (1 NLEA serving):30
sr:173889	Cereals ready-to-eat, POST, Honeycomb Cereal	usda	394	6.01	86.63	2.93	1.5 cup (1 NLEA serving):32
sr:173890	Cereals ready-to-eat, QUAKER, KING VITAMAN	usda	381	6.41	83.85	3.44	1.5 cup (1 NLEA serving):31
sr:173891	Cereals ready-to-eat, QUAKER, QUAKER OAT LIFE, plain	usda	374	9.98	77.74	4.43	0.75 cup (1 NLEA serving):32|0.5 cup:21
sr:173892	Cereals ready-to-eat, QUAKER, 100% Natural Granola, Oats, Wheat and Honey	usda	421	10.55	73.65	11.62	0.5 cup (1 NLEA serving):48
sr:173893	Cereals ready-to-eat, RALSTON TASTEEOS	usda	395	10.71	75.96	5.36	1 cup (1 NLEA serving):28
sr:173894	Cereals ready-to-eat, POST, Honey Nut Shredded Wheat	usda	373	8.5	83.6	2.9	1 cup (1 NLEA serving):59
sr:173895	Cereals ready-to-eat, MALT-O-MEAL, CORN BURSTS	usda	385	3.32	90.59	0.35	1 cup (1 NLEA serving):31
sr:173896	Cereals ready-to-eat, wheat germ, toasted, plain	usda	382	29.1	49.6	10.7	1 oz:28.4|1 cup:113
sr:173897	Cereals, QUAKER, corn grits, instant, plain, prepared (microwaved or boiling water added), without salt	usda	74	1.58	15.95	0.49	1 cup:219
sr:173898	Cereals, QUAKER, corn grits, instant, cheddar cheese flavor, dry	usda	363	8.98	72.96	5.46	1 packet (1 NLEA serving):28
sr:173899	Cereals, QUAKER, Instant Grits, Country Bacon flavor, dry	usda	340	9.93	75.39	1.73	1 packet (1 NLEA serving):28
sr:173900	Cereals, CREAM OF RICE, dry	usda	370	6.3	82.4	0.5	0.25 cup (1 NLEA serving):45
sr:173901	Cereals, CREAM OF WHEAT, regular, 10 minute cooking, dry	usda	370	10.5	76.5	1.5	1 tbsp:10.6|3 tbsp (1 NLEA serving):33|1 cup:173
sr:173902	Cereals, CREAM OF WHEAT, instant, prepared with water, without salt	usda	62	1.84	13.08	0.24	1 cup:241|1 tbsp:15|0.75 cup:181
sr:173903	Cereals, MALT-O-MEAL, original, plain, dry	usda	365	11.8	77.25	0.7	3 tbsp (1 NLEA serving):35
sr:173904	Cereals, oats, regular and quick, not fortified, dry	usda	379	13.15	67.7	6.52	1 cup:81|0.33 cup:27
sr:173905	Cereals, oats, regular and quick, unenriched, cooked with water (includes boiling and microwaving), without salt	usda	71	2.54	12	1.52	1 cup:234|1 tbsp:14.6|0.75 cup:175
sr:173906	Cereals, oats, instant, fortified, with cinnamon and spice, prepared with water	usda	96	2.37	18.95	1.21	1 cup:240|1 tbsp:15|1 packet, prepared:161
sr:173907	Cereals, QUAKER, Instant Oatmeal, maple and brown sugar, dry	usda	368	9.2	76.91	4.63	1 packet:43
sr:173908	Cereals, oats, instant, fortified, with raisins and spice, prepared with water	usda	88	1.98	17.91	0.95	1 cup:240|1 tbsp:15|1 packet, prepared:158
sr:173909	Cereals ready-to-eat, MALT-O-MEAL, MARSHMALLOW MATEYS	usda	387	6.94	82.77	3.53	1 cup:30
sr:173910	Cereals ready-to-eat, POST, Shredded Wheat, original big biscuit	usda	337	11.37	78.96	2.01	2 biscuits (1 NLEA serving):47
sr:173911	Cereals ready-to-eat, POST, Shredded Wheat, original spoon-size	usda	351	11.8	81.4	2.1	1 cup (1 NLEA serving):49
sr:173912	Cereals ready-to-eat, rice, puffed, fortified	usda	402	6.3	89.8	0.5	1 cup:14|0.5 oz:14.2
sr:173913	Cereals ready-to-eat, wheat, puffed, fortified	usda	364	14.7	79.6	1.2	1 cup:12|0.5 oz:14.2
sr:173914	Cereals, CREAM OF RICE, cooked with water, with salt	usda	52	0.9	11.5	0.1	1 cup:244|0.75 cup:183
sr:173915	Cereals, CREAM OF WHEAT, regular (10 minute), cooked with water, with salt	usda	50	1.46	10.66	0.21	1 cup (1 serving):251
sr:173916	Cereals, farina, unenriched, dry	usda	369	10.6	78	0.5	1 tbsp:10.9|1 cup:176
sr:173917	Cereals, farina, enriched, cooked with water, with salt	usda	53	1.82	10.92	0.34	1 cup:233
sr:173918	Cereals ready-to-eat, POST, Shredded Wheat, lightly frosted, spoon-size	usda	352	7.8	83.8	1.9	1 cup (1 NLEA serving):52
sr:173919	Cereals ready-to-eat, POST SELECTS Blueberry Morning	usda	395	6.5	81.6	5.3	1.25 cup (1 NLEA serving):55
sr:173920	Cereals, oats, instant, fortified, maple and brown sugar, dry	usda	386	9.25	76.67	4.73	1 packet:43
sr:173921	Cereals ready-to-eat, QUAKER WHOLE HEARTS oat cereal	usda	376	7.63	80.1	5.61	0.75 cup (1 NLEA serving):28
sr:173922	Cereals, QUAKER, Weight Control Instant Oatmeal, maple and brown sugar	usda	361	16.37	64.25	6.2	1 packet (1 NLEA serving):45
sr:173923	Cereals, QUAKER, Weight Control Instant Oatmeal, banana bread	usda	361	16.5	64.42	6.16	1 packet (1 NLEA serving):45
sr:173924	Cereals, QUAKER, oatmeal, REAL MEDLEYS, peach almond, dry	usda	387	10.1	68.61	9.84	1 package (1 NLEA serving):75
sr:173925	Cereals, QUAKER, oatmeal, REAL MEDLEYS, cherry pistachio, dry	usda	394	12.02	66.73	11.02	1 package (1 NLEA serving):73
sr:173926	Cereals, QUAKER, Instant Oatmeal, weight control, cinnamon	usda	361	16.5	64.21	6.28	1 packet (1 NLEA serving):45
sr:173927	Cereals ready-to-eat, MOM'S BEST, Sweetened WHEAT-FULS	usda	373	8.18	80.91	1.83	1 cup (1 NLEA serving):55
sr:173928	Apples, raw, without skin, cooked, boiled	usda	53	0.26	13.64	0.36	1 cup slices:171
sr:173929	Apples, raw, without skin, cooked, microwave	usda	56	0.28	14.41	0.42	1 cup slices:170
sr:173930	Apples, canned, sweetened, sliced, drained, heated	usda	67	0.18	16.84	0.43	1 cup slices:204
sr:173931	Apples, dehydrated (low moisture), sulfured, uncooked	usda	346	1.32	93.53	0.58	1 cup:60
sr:173932	Apples, frozen, unsweetened, heated (Includes foods for USDA's Food Distribution Program)	usda	47	0.29	12	0.33	1 cup slices:206
sr:173933	Apple juice, canned or bottled, unsweetened, without added ascorbic acid	usda	46	0.1	11.3	0.13	1 cup:248|1 fl oz:31|1 drink box (8.45 fl oz):262
sr:173934	Apple juice, frozen concentrate, unsweetened, undiluted, without added ascorbic acid	usda	166	0.51	41	0.37	1 can (6 fl oz):211
sr:173935	Apple juice, frozen concentrate, unsweetened, diluted with 3 volume water without added ascorbic acid	usda	47	0.14	11.54	0.1	1 cup:239|1 fl oz:29.9
sr:173936	Apricots, canned, water pack, without skin, solids and liquids	usda	22	0.69	5.48	0.03	1 cup, whole, without pits:227
sr:173937	Apricots, canned, juice pack, with skin, solids and liquids	usda	48	0.63	12.34	0.04	1 cup, halves:244|1 apricot half with liquid:36
sr:173938	Apricots, canned, extra light syrup pack, with skin, solids and liquids (Includes foods for USDA's Food Distribution Program)	usda	49	0.6	12.5	0.1	1 cup, halves:247
sr:173939	Apricots, canned, light syrup pack, with skin, solids and liquids	usda	63	0.53	16.49	0.05	1 cup, halves:253|1 apricot half with liquid:40
sr:173940	Apricots, dehydrated (low-moisture), sulfured, stewed	usda	126	1.93	32.62	0.24	1 cup:249
sr:173941	Apricots, dried, sulfured, uncooked	usda	241	3.39	62.64	0.51	1 cup, halves:130|1 half:3.5
sr:173942	Apricots, dried, sulfured, stewed, without added sugar	usda	85	1.2	22.15	0.18	1 cup, halves:250
sr:173943	Apricots, dried, sulfured, stewed, with added sugar	usda	113	1.17	29.26	0.15	1 cup, halves:270
sr:173944	Bananas, raw	usda	89	1.09	22.84	0.33	1 cup, mashed:225|1 cup, sliced:150|1 extra small (less than 6" long):81|1 small (6" to 6-7/8" long):101|1 medium (7" to 7-7/8" long):118|1 large (8" to 8-7/8" long):136
sr:173945	Bananas, dehydrated, or banana powder	usda	346	3.89	88.28	1.81	1 cup:100|1 tbsp:6.2
sr:173946	Blackberries, raw	usda	43	1.39	9.61	0.49	1 cup:144
sr:173947	Blackberry juice, canned	usda	38	0.3	7.8	0.6	1 cup:250
sr:173948	Blueberries, canned, heavy syrup, solids and liquids	usda	88	0.65	22.06	0.33	1 cup:256
sr:173949	Blueberries, wild, frozen (Includes foods for USDA's Food Distribution Program)	usda	57	0	13.85	0.16	1 cup, frozen:140
sr:173950	Blueberries, frozen, unsweetened (Includes foods for USDA's Food Distribution Program)	usda	51	0.42	12.17	0.64	1 cup, unthawed:155|1 package (20 oz):567
sr:173951	Blueberries, frozen, sweetened	usda	85	0.4	21.95	0.13	1 cup, thawed:230|1 package (10 oz):284
sr:173952	Carissa, (natal-plum), raw	usda	62	0.5	13.63	1.3	1 cup slices:150|1 fruit without skin and seeds:20
sr:173953	Cherimoya, raw	usda	75	1.57	17.71	0.68	1 cup, pieces:160|1 fruit without skin and seeds:235
sr:173954	Cherries, sour, red, raw	usda	50	1	12.18	0.3	1 cup, without pits:155|1 cup, with pits, yields:103
sr:173955	Cherries, sour, red, canned, water pack, solids and liquids	usda	36	0.77	8.94	0.1	1 cup:244
sr:173956	Cherries, sour, red, canned, light syrup pack, solids and liquids	usda	75	0.74	19.3	0.1	1 cup:252
sr:173957	Cherries, sweet, canned, water pack, solids and liquids	usda	46	0.77	11.76	0.13	1 cup, pitted:248
sr:173958	Cherries, sweet, canned, juice pack, solids and liquids	usda	54	0.91	13.81	0.02	1 cup, pitted:250
sr:173959	Cherries, sweet, canned, light syrup pack, solids and liquids	usda	67	0.61	17.29	0.15	1 cup, pitted:252
sr:173960	Cherries, sweet, canned, pitted, heavy syrup pack, solids and liquids	usda	83	0.6	21.27	0.15	1 cup:253
sr:173961	Cranberry sauce, canned, sweetened	usda	159	0.9	40.4	0.15	1 cup:277|1 slice (1/2" thick, approx 8 slices per can):57
sr:173962	Cranberry-orange relish, canned	usda	178	0.3	46.2	0.1	1 cup:275
sr:173963	Currants, european black, raw	usda	63	1.4	15.38	0.41	1 cup:112
sr:173964	Currants, red and white, raw	usda	56	1.4	13.8	0.2	1 cup:112
sr:173965	Beef, Australian, imported, grass-fed, loin, tenderloin steak/roast, boneless, separable lean only, raw	usda	138	20.85	0	6.11	4 oz:113|1 steak:150
sr:173966	Beef, Australian, imported, Wagyu, loin, tenderloin steak/roast, boneless, separable lean only, Aust. marble score 4/5, raw	usda	191	20.19	0	12.3	4 oz:113|1 steak:152
sr:173967	Beef, Australian, imported, Wagyu, external fat, Aust. marble score 9, raw	usda	639	5.54	0.97	68.07	4 oz:113
sr:173968	Beef, Australian, imported, Wagyu, seam fat, Aust. marble score 9, raw	usda	627	5.16	0	67.33	4 oz:113
sr:173969	Beef, Australian, imported, grass-fed, loin, tenderloin steak/roast, boneless, separable lean and fat, raw	usda	151	20.53	0.01	7.63	4 oz:113|1 steak:150
sr:173970	Beef, Australian, imported, grass-fed, loin, top loin steak/roast, boneless, separable lean only, raw	usda	131	21.79	0	4.87	4 oz:113|1 roast:339
sr:173971	Beef, Australian, imported, grass-fed, round, bottom round steak/roast, boneless, separable lean only, raw	usda	130	21.4	0	4.93	4 oz:113|1 roast:337
sr:173972	Beef, Australian, imported, grass-fed, round, top round cap-off steak/roast, boneless, separable lean only, raw	usda	129	22.41	0	4.43	4 oz:113|1 roast:763
sr:173973	Beef, Australian, imported, Wagyu, loin, tenderloin steak/roast, boneless, separable lean only, Aust. marble score 9, raw	usda	237	18.87	0.57	17.73	4 oz:113|1 steak:173
sr:173974	Beef, Australian, imported, Wagyu, loin, top loin steak/roast, boneless, separable lean only, Aust. marble score 4/5, raw	usda	223	20.15	0.2	15.69	4 oz:113|1 roast:348
sr:173975	Beef, Australian, imported, grass-fed, rib, ribeye steak/roast lip-on, boneless, separable lean and fat, raw	usda	217	19.8	0.11	15.21	4 oz:113|1 roast:350
sr:173976	Beef, Australian, imported, grass-fed, round, bottom round steak/roast, boneless, separable lean and fat, raw	usda	140	21.13	0.01	6.16	4 oz:113|1 roast:337
sr:173977	Beef, Australian, imported, grass-fed, round, top round cap-off steak/roast, boneless, separable lean and fat, raw	usda	129	22.24	0	4.4	4 oz:113|1 roast:763
sr:173978	Beef, Australian, imported, Wagyu, loin, top loin steak/roast, boneless, separable lean and fat, Aust. marble score 4/5, raw	usda	289	17.67	0.12	24.2	4 oz:113|1 roast:348
sr:173979	Beef, Australian, imported, Wagyu, loin, top loin steak/roast, separable lean and fat, Aust. marble score 9, raw	usda	392	14.58	0.14	36.98	4 oz:113|1 roast:359
sr:173980	Beef, round, top round steak, boneless, separable lean and fat, trimmed to 0" fat, choice, raw	usda	127	23.49	0	3.66	4 oz:113|1 steak:344
sr:173981	Beef, round, top round steak, boneless, separable lean and fat, trimmed to 0" fat, select, raw	usda	120	23.49	0	2.85	4 oz:113|1 steak:344
sr:173982	Beef, round, top round roast, boneless, separable lean and fat, trimmed to 0" fat, all grades, raw	usda	125	23.45	0	3.5	4 oz:113|1 roast:758
sr:173983	Beef, round, top round roast, boneless, separable lean and fat, trimmed to 0" fat, choice, raw	usda	128	23.46	0	3.81	4 oz:113|1 roast:770
sr:173984	Beef, round, eye of round steak, boneless, separable lean and fat, trimmed to 0" fat, all grades, raw	usda	124	23.26	0	3.48	4 oz:113|1 steak:140
sr:173985	Beef, round, eye of round steak, boneless separable lean and fat, trimmed to 0" fat, choice, raw	usda	127	23.24	0	3.83	4 oz:113|1 steak:133
sr:173986	Beef, round, eye of round steak, boneless, separable lean and fat, trimmed to 0" fat, select, raw	usda	120	23.3	0	2.95	3 oz:85|1 steak:151
sr:173987	Beef, loin, tenderloin roast, boneless, separable lean and fat, trimmed to 0" fat, all grades, raw	usda	149	21.67	0	6.93	4 oz:113|1 roast:644
sr:173988	Beef, loin, tenderloin steak, boneless, separable lean and fat, trimmed to 0" fat, all grades, raw	usda	147	21.72	0	6.67	4 oz:113|1 steak:170
sr:173989	Beef, loin, tenderloin steak, boneless, separable lean and fat, trimmed to 0" fat, choice, raw	usda	150	21.57	0	7.1	4 oz:113|1 steak:168
sr:173990	Beef, loin, tenderloin steak, boneless, separable lean and fat, trimmed to 0" fat, select, raw	usda	142	21.95	0	6.02	4 oz:113|1 steak:172
sr:173991	Beef, loin, tenderloin roast, boneless, separable lean and fat, trimmed to 0" fat, all grades, cooked, roasted	usda	183	27.31	0	8.14	3 oz:85|1 roast:481
sr:173992	Beef, round, top round roast, boneless, separable lean and fat, trimmed to 0" fat, select, cooked, roasted	usda	157	30.97	0	3.72	3 oz:85
sr:173993	Beef, round, eye of round steak, boneless, separable lean and fat, trimmed to 0" fat, all grades, cooked, grilled	usda	159	29.66	0	4.47	3 oz:85
sr:173994	Beef, round, eye of round steak, boneless, separable lean and fat, trimmed to 0" fat, choice, cooked, grilled	usda	163	29.79	0	4.83	3 oz:85
sr:173995	Beef, round, eye of round steak, boneless, separable lean and fat, trimmed to 0" fat, select, cooked, grilled	usda	154	29.47	0	3.98	3 oz:85
sr:173996	Beef, round, top round roast, boneless, separable lean only, trimmed to 0" fat, choice, raw	usda	124	23.59	0	3.26	4 oz:113|1 roast:770
sr:173998	Beef, round, eye of round roast, boneless, separable lean only, trimmed to 0" fat, all grades, raw	usda	121	23.37	0	3.04	4 oz:113|1 roast:675
sr:173999	Beef, round, eye of round roast, boneless, separable lean only, trimmed to 0" fat, choice, raw	usda	124	23.35	0	3.38	4 oz:113|1 roast:658
sr:174000	Beef, loin, tenderloin roast, boneless, separable lean only, trimmed to 0" fat, choice, raw	usda	143	21.78	0	6.16	4 oz:113|1 roast:625
sr:174001	Beef, loin, tenderloin roast, boneless, separable lean only, trimmed to 0" fat, select, raw	usda	135	22.16	0	5.1	4 oz:113|1 roast:673
sr:174002	Beef, loin, top loin steak, boneless, lip off, separable lean only, trimmed to 0" fat, all grades, raw	usda	143	23.07	0	5.67	4 oz:113|1 steak:267
sr:174003	Beef, loin, top loin steak, boneless, lip off, separable lean only, trimmed to 0" fat, choice, raw	usda	149	22.93	0	6.34	4 oz:113|1 steak:266|1 oz:28
sr:174004	Beef, loin, tenderloin roast, boneless, separable lean only, trimmed to 0" fat, all grades, cooked, roasted	usda	177	27.51	0	7.49	3 oz:85|1 roast:481
sr:174005	Beef, loin, tenderloin roast, boneless, separable lean only, trimmed to 0" fat, choice, cooked, roasted	usda	183	27.48	0	8.13	3 oz:85|1 roast:478
sr:174007	Beef, round, top round roast, boneless, separable lean only, trimmed to 0" fat, all grades, cooked, roasted	usda	162	30.09	0	3.77	3 oz:85
sr:174008	Beef, round, eye of round steak, boneless, separable lean only, trimmed to 0" fat, select, cooked, grilled	usda	149	29.52	0	3.43	3 oz:85
sr:174009	Beef, loin, top loin steak, boneless, lip-on, separable lean only, trimmed to 1/8" fat, select, raw	usda	135	23.3	0	4.66	4 oz:113|1 steak:304
sr:174011	Beef, loin, top loin steak, boneless, lip-on, separable lean only, trimmed to 1/8" fat, all grades, raw	usda	143	23.07	0	5.67	4 oz:113|1 steak:302
sr:174012	Beef, composite of trimmed retail cuts, separable lean only, trimmed to 1/8" fat, choice, raw	usda	142	22.01	0	6.05	4 oz:113
sr:174013	Beef composite, separable lean only, trimmed to 1/8" fat, choice, cooked	usda	203	28.73	0	9.16	3 oz:85
sr:174014	Beef, composite of trimmed retail cuts, separable lean and fat, trimmed to 0" fat, choice, raw	usda	176	21.34	0	10.08	4 oz:113
sr:174015	Beef, composite of trimmed retail cuts, separable lean only, trimmed to 0" fat, choice, raw	usda	151	21.55	0	7.24	4 oz:113
sr:174016	Beef, chuck, mock tender steak, separable lean only, trimmed to 0" fat, all grades, cooked, broiled	usda	159	25.9	0	5.42	3 oz:85|1 lb:453.6
sr:174017	Beef, chuck, top blade, separable lean only, trimmed to 0" fat, all grades, cooked, broiled	usda	203	26.13	0	10.16	3 oz:85|1 lb:453.6
sr:174018	Beef, chuck, clod roast, separable lean only, trimmed to 1/4" fat, all grades, raw	usda	129	19.63	0	5.02	4 oz:113|1 lb:453.6
sr:174019	Beef, chuck, clod roast, separable lean only, trimmed to 0" fat, all grades, cooked, roasted	usda	172	26.82	0	6.34	3 oz ( 1 serving ):85|1 lb:453.6
sr:174020	Beef, chuck, mock tender steak, separable lean and fat, trimmed to 0" fat, USDA select, cooked, broiled	usda	159	26.08	0	5.24	3 oz:85|1 lb:453.6
sr:174021	Beef, chuck, top blade, separable lean and fat, trimmed to 0" fat, choice, cooked, broiled	usda	227	25.77	0	12.93	3 oz:85|1 lb:453.6
sr:174022	Beef, chuck, top blade, separable lean and fat, trimmed to 0" fat, select, cooked, broiled	usda	200	25.67	0	9.99	3 oz:85|1 lb:453.6
sr:174023	Beef, chuck, clod roast, separable lean and fat, trimmed to 0" fat, choice, cooked, roasted	usda	216	24.61	0	12.26	3 oz:85|1 lb:453.6
sr:174024	Beef, loin, bottom sirloin butt, tri-tip steak, separable lean and fat, trimmed to 0" fat, all grades, cooked, broiled	usda	265	29.97	0	15.18	3 oz:85|1 lb:453.6
sr:174025	Beef, chuck, mock tender steak, separable lean and fat, trimmed to 0" fat, all grades, cooked, broiled	usda	160	25.87	0	5.52	3 oz:85|1 lb:453.6
sr:174026	Beef, chuck, top blade, separable lean and fat, trimmed to 0" fat, all grades, cooked, broiled	usda	216	25.73	0	11.73	3 oz:85|1 lb:453.6
sr:174027	Beef, chuck, clod roast, separable lean and fat, trimmed to 0" fat, all grades, cooked, roasted	usda	207	25.7	0	10.84	3 oz:85|1 lb:453.6
sr:174028	Beef, ground, 95% lean meat / 5% fat, crumbles, cooked, pan-browned	usda	193	29.17	0	7.58	3 oz:85
sr:174029	Beef, ground, 95% lean meat / 5% fat, loaf, cooked, baked	usda	174	27.31	0	6.37	3 oz:85
sr:174031	Beef, ground, 90% lean meat / 10% fat, patty, cooked, broiled	usda	217	26.11	0	11.75	3 oz:85
sr:174032	Beef, ground, 85% lean meat / 15% fat, patty, cooked, broiled	usda	250	25.93	0	15.41	3 oz:85|1 patty (yield from 1/4 lb raw meat):77
sr:174033	Beef, ground, 85% lean meat / 15% fat, patty, cooked, pan-broiled	usda	232	24.62	0	14.02	3 oz:85|1 patty ( yield from 1/4 lb raw meat ):83
sr:174034	Beef, ground, 85% lean meat / 15% fat, crumbles, cooked, pan-browned	usda	256	27.73	0	15.3	3 oz:85
sr:174035	Beef, ground, 85% lean meat / 15% fat, loaf, cooked, baked	usda	240	25.93	0	14.36	3 oz:85
sr:174037	Beef, ground, 75% lean meat / 25% fat, raw	usda	293	15.76	0	25	4 oz:113|1 serving (3 oz):85
sr:174038	Beef, ground, 75% lean meat / 25% fat, patty, cooked, broiled	usda	279	25.56	0	18.87	3 oz:85
sr:174039	Beef, ground, 75% lean meat / 25% fat, patty, cooked, pan-broiled	usda	248	23.45	0	16.44	3 oz:85
sr:174040	Beef, ground, 75% lean meat / 25% fat, crumbles, cooked, pan-browned	usda	277	26.28	0	18.21	3 oz:85
sr:174041	Beef, short loin, top loin, steak, separable lean only, trimmed to 1/8" fat, select, raw	usda	133	23.07	0	3.88	4 oz:113|1 lb:453.6
sr:174042	Beef, rib, small end (ribs 10-12), separable lean only, trimmed to 1/8" fat, select, cooked, broiled	usda	188	30.87	0	6.22	3 oz:85|1 lb:453.6
sr:174043	Beef, tenderloin, steak, separable lean only, trimmed to 1/8" fat, select, cooked, broiled	usda	194	29.07	0	7.76	3 oz:85|1 lb:453.6
sr:174044	Beef, top sirloin, steak, separable lean only, trimmed to 1/8" fat, select, cooked, broiled	usda	170	29.34	0	4.96	3 oz:85|1 lb:453.6
sr:174045	Beef, round, bottom round, steak, separable lean only, trimmed to 1/8" fat, select, cooked, braised	usda	205	34.46	0	6.43	3 oz:85|1 lb:453.6
sr:174046	Beef, round, bottom round, roast, separable lean only, trimmed to 1/8" fat, all grades, raw	usda	128	22.19	0	4.31	4 oz:113|1 lb:453.6
sr:174047	Beef, brisket, flat half, separable lean only, trimmed to 1/8" fat, all grades, cooked, braised	usda	196	33.15	0	6	3 oz:85|1 lb:453.6
sr:174048	Beef, brisket, flat half, separable lean only, trimmed to 1/8" fat, all grades, raw	usda	127	21.57	0	3.84	4 oz:113|1 lb:453.6
sr:174049	Beef, round, eye of round, roast, separable lean only, trimmed to 1/8" fat, all grades, raw	usda	124	22.6	0	3	4 oz:113|1 lb:453.6
sr:174050	Beef, chuck, arm pot roast, separable lean only, trimmed to 1/8" fat, all grades, cooked, braised	usda	214	34.66	0	7.36	3 oz:85|1 lb:453.6
sr:174051	Beef, chuck, arm pot roast, separable lean only, trimmed to 1/8" fat, all grades, raw	usda	132	22.11	0	4.19	4 oz:113|1 lb:453.6
sr:174052	Beef, round, bottom round, roast, separable lean only, trimmed to 1/8" fat, all grades, cooked	usda	163	28	0	5.72	3 oz:85|1 lb:453.6
sr:174053	Beef, round, bottom round, steak, separable lean only, trimmed to 1/8" fat, all grades, cooked, braised	usda	216	34.34	0	7.73	3 oz:85|1 lb:453.6
sr:174054	Beef, top sirloin, steak, separable lean only, trimmed to 1/8" fat, all grades, cooked, broiled	usda	178	29.42	0	5.84	3 oz:85|1 lb:453.6
sr:174055	Beef, top sirloin, steak, separable lean only, trimmed to 1/8" fat, all grades, raw	usda	131	22.09	0	4.08	4 oz:113|1 lb:453.6
sr:174056	Beef, chuck, arm pot roast, separable lean only, trimmed to 1/8" fat, choice, raw	usda	139	21.96	0	5.05	4 oz:113|1 lb:453.6
sr:174057	Beef, brisket, flat half, separable lean only, trimmed to 1/8" fat, choice, raw	usda	129	21.69	0	4.06	4 oz:113|1 lb:453.6
sr:174058	Beef, round, bottom round, roast, separable lean only, trimmed to 1/8" fat, choice, raw	usda	140	22.22	0	4.96	4 oz:113|1 lb:453.6
sr:174059	Beef, round, bottom round, roast, separable lean only, trimmed to 1/8" fat, choice, cooked, roasted	usda	179	27.56	0	6.77	3 oz:85|1 lb:453.6
sr:174060	Beef, round, eye of round, roast, separable lean only, trimmed to 1/8" fat, choice, cooked, roasted	usda	175	29.87	0	5.3	3 oz:85|1 lb:453.6
sr:174061	Beef, round, top round, steak, separable lean only, trimmed to 1/8" fat, choice, cooked, broiled	usda	193	32.04	0	6.25	3 oz:85|1 lb:453.6
sr:174062	Soup, clam chowder, new england, canned, ready-to-serve	usda	79	2.61	8.28	3.94	1 cup:254|1 can:521
sr:174063	Soup, clam chowder, new england, reduced sodium, canned, ready-to-serve	usda	70	2.33	5.68	4.23	1 can:519|1 cup:256
sr:174064	Soup, chicken noodle, reduced sodium, canned, ready-to-serve	usda	41	3.29	3.84	1.34	1 cup:245|1 can:516
sr:174065	Soup, beef and vegetables, reduced sodium, canned, ready-to-serve	usda	42	3.26	4.99	0.95	1 cup:245|1 can:525
sr:174066	Sauce, sweet and sour, ready-to-serve	usda	154	0.27	38.22	0.02	2 Tbsp:35
sr:174067	Sauce, cocktail, ready-to-serve	usda	128	1.36	28.22	1.05	0.25 cup:60
sr:174068	Dip, salsa con queso, cheese and salsa- medium	usda	143	3.14	11.14	9.51	2 tbsp:30|0.5 cup:125
sr:174069	Dip, TOSTITOS, salsa con queso, medium	usda	133	2.92	11.72	8.26	2 tbsp:30|0.5 cup:125
sr:174070	Sauce, peanut, made from peanut butter, water, soy sauce	usda	257	6.31	22.02	16.02	1 tbsp:18
sr:174071	Soup, chunky vegetable, reduced sodium, canned, ready-to-serve	usda	50	1.16	10.28	0.51	1 cup:240
sr:174072	Gravy, HEINZ Home Style, classic chicken	usda	46	0.67	5.01	2.57	0.25 cup:58|1 cup:230|1 jar 12 oz:324
sr:174073	Soup, beef barley, ready to serve	usda	52	2.81	7.94	0.96	1 cup:208|1 can:527
sr:174074	Sauce, enchilada, red, mild, ready to serve	usda	30	0.62	4.87	0.91	0.25 cup:56|1 cup:224|1 can:283
sr:174075	Bread, chapati or roti, whole wheat, commercially prepared, frozen	usda	299	7.85	46.13	9.2	1 piece:43
sr:174076	Bread, paratha, whole wheat, commercially prepared, frozen	usda	326	6.36	45.35	13.2	1 piece:79
sr:174077	Bread, naan, whole wheat, commercially prepared, refrigerated	usda	286	10.2	46.21	6.7	1 piece:106
sr:174078	Bread, roll, Mexican, bollilo	usda	318	10.65	55.77	5.8	1 piece:98
sr:174079	Cookie, butter or sugar, with chocolate icing or filling	usda	503	4.1	68.83	23.5	3 cookies:31
sr:174080	Cookie, chocolate, with icing or coating	usda	507	4.5	67.87	24.2	4 cookies:32
sr:174081	Tortillas, ready-to-bake or -fry, whole wheat	usda	310	9.76	45.89	9.76	1 tortilla 1 serving:41
sr:174082	Cake, snack cakes, creme-filled, chocolate with frosting, low-fat, with added fiber	usda	409	3.71	69.37	13	1 cake 1 serving:27
sr:174083	Cookies, graham crackers, plain or honey, lowfat	usda	386	5.71	77.96	5.71	1 serving:35
sr:174084	Crackers, cheese, whole grain	usda	412	9.62	57.29	16.03	1 serving 55 pieces:31
sr:174085	Waffles, whole wheat, lowfat, frozen, ready-to-heat	usda	257	7.14	49.16	3.57	1 serving 2 waffles:70
sr:174086	Pancakes, plain, reduced fat	usda	269	5.71	57.32	1.9	1 serving 3 pancakes:105
sr:174087	Cookies, shortbread, reduced fat	usda	451	5.37	75.99	14	1 cookie:11.8
sr:174088	Cookies, sugar wafer, chocolate-covered	usda	526	3.45	65.99	27.59	3 cookie:29
sr:174089	Rolls, hamburger or hot dog, wheat/cracked wheat	usda	269	11.69	47.31	3.61	1 roll:51
sr:174090	Rolls, hamburger or hot dog, whole wheat	usda	269	12.38	44.93	4.38	1 roll:56
sr:174091	Bread, french or vienna, whole wheat	usda	239	8.33	49.1	1.04	1 slice 1 serving:48
sr:174092	Bagels, whole grain white	usda	255	9.3	54.52	0	0.5 piece bagel 1 serving:43
sr:174093	English muffins, whole grain white	usda	245	7.02	50.17	1.75	1 muffin 1 serving:57
sr:174094	Rolls, hamburger, whole grain white, calcium-fortified	usda	255	9.3	46.5	3.49	1 piece roll:43
sr:174095	Cookies, chocolate chip sandwich, with creme filling	usda	425	2.94	63.52	17.65	1 cookie:34
sr:174096	Cookies, chocolate, made with rice cereal	usda	440	3.23	63.26	19.35	1 cookie:62
sr:174097	Cookies, marshmallow, with rice cereal and chocolate chips	usda	435	4.55	63.26	18.18	1 bar:22
sr:174098	Crackers, flavored, fish-shaped	usda	463	10.16	65.67	17.71	1 goldfish:5.2
sr:174099	Bread, gluten-free, white, made with potato extract, rice starch, and rice flour	usda	320	3.13	52.83	10.7	1 slice:34
sr:174100	Bread, gluten-free, white, made with rice flour, corn starch, and/or tapioca	usda	248	4.31	45.78	5.24	1 slice:35
sr:174101	Bread, gluten-free, white, made with tapioca starch and brown rice flour	usda	298	5.4	51.15	8.02	1 slice:28
sr:174102	Bread, gluten-free, whole grain, made with tapioca starch and brown rice flour	usda	309	7.25	49.09	9.34	1 slice:25
sr:174103	Crackers, gluten-free, multigrain and vegetable, made with corn starch and white rice flour	usda	456	2.5	76.94	15.41	3 crackers:10.7
sr:174104	Crackers, gluten-free, multi-seeded and multigrain	usda	453	11.25	66.3	15.84	3 crackers:6.1
sr:174105	Waffles, gluten-free, frozen, ready-to-heat	usda	263	2.72	43.05	8.84	1 waffle:45|1 box:242
sr:174106	Pancakes, gluten-free, frozen, ready-to-heat	usda	215	3.31	40.32	4.55	1 pancake:48|1 box:352
sr:174107	Rolls, dinner, sweet	usda	321	10.04	53.58	7.37	1 roll:30|1 slice:39
sr:174108	Beverages, Energy drink, Citrus	usda	45	0	11.27	0	8 fl oz:240
sr:174109	Alcoholic Beverage, wine, table, red, Mouvedre	usda	88	0.07	2.64	0	1 fl oz:29.4|1 serving 5 fl oz:147
sr:174110	Alcoholic beverage, wine, table, white, Chardonnay	usda	84	0.07	2.16	0	1 fl oz:29.3|1 serving 5 fl oz:147
sr:174111	Beverages, Kiwi Strawberry Juice Drink	usda	47	0	12.26	0	16 fl oz:473
sr:174112	Beverages, Apple juice drink, light, fortified with vitamin C	usda	22	0	5.1	0.1	8 fl oz:240
sr:174114	Beverages, Carob-flavor beverage mix, powder	usda	372	1.8	93.3	0.2	1 tbsp:12
sr:174115	Beverages, Carob-flavor beverage mix, powder, prepared with whole milk	usda	75	3.16	8.68	3.11	1 cup (8 fl oz):256
sr:174116	Beverages, coconut milk, sweetened, fortified with calcium, vitamins A, B12, D2	usda	31	0.21	2.92	2.08	1 cup:240
sr:174117	Beverages, chocolate syrup	usda	279	2.1	65.1	1.13	1 serving 2 tbsp:39|1 cup:300
sr:174118	Beverages, chocolate syrup, prepared with whole milk	usda	90	3.07	12.78	2.96	1 cup (8 fl oz):282
sr:174119	Beverages, coffee, ready to drink, iced, mocha, milk based	usda	60	1.48	11.42	0.98	1 cup:265
sr:174120	Beverages, tea, Oolong, brewed	usda	1	0	0.15	0	
sr:174121	Beverages, tea, green, ready-to-drink, citrus, diet, fortified with vitamin C	usda	1	0	0.31	0	1 cup:265
sr:174122	Beverages, Cocoa mix, powder	usda	398	6.67	83.73	4	1 serving (3 heaping tsp or 1 envelope):28
sr:174123	Beverages, Cocoa mix, powder, prepared with water	usda	55	0.92	11.54	0.55	1 fl oz:34.3|1 serving 6 fl oz:206
sr:174124	Beverages, Cocoa mix, NESTLE, Hot Cocoa Mix Rich Chocolate With Marshmallows	usda	400	2.8	75	15	1 serving 1 envelope:20
sr:174125	Beverages, coffee, brewed, espresso, restaurant-prepared, decaffeinated	usda	9	0.1	1.69	0.18	1 fl oz:29.6
sr:174126	Beverages, coffee, instant, regular, half the caffeine	usda	352	14.42	73.18	0.5	1 tsp:1|1 packet:2
sr:174127	Beverages, coffee and cocoa, instant, decaffeinated, with whitener and low calorie sweetener	usda	440	9	71.4	13.21	1 tsp dry:6.4
sr:174128	Beverages, tea, green, ready-to-drink, sweetened	usda	27	0	6.2	0.22	1 cup:270
sr:174129	Beverages, tea, ready-to-drink, lemon, diet	usda	2	0	0.41	0	1 cup:266|16 fl oz:473
sr:174130	Beverages, coffee, instant, regular, prepared with water	usda	2	0.1	0.34	0	1 fl oz:29.8|1 serving 6 fl oz:179
sr:174131	Beverages, aloe vera juice drink, fortified with Vitamin C	usda	15	0	3.75	0	8 fl oz:240
sr:174132	Beverages, OCEAN SPRAY, Cran Grape	usda	54	0.21	13.16	0	8 fl oz:240
sr:174133	Beverages, coffee, instant, decaffeinated, powder	usda	351	11.6	76	0.2	1 tsp rounded:1.8
sr:174134	Beverages, coffee, instant, chicory	usda	3	0.09	0.75	0	1 fl oz:29.9|1 serving 6 fl oz:179
sr:174135	Beverages, coffee, instant, mocha, sweetened	usda	460	5.29	74.04	15.87	1 serving 2 tbsp:13
sr:174136	Beverages, OCEAN SPRAY, Light Cranberry and Raspberry Flavored Juice	usda	26	0.73	5.77	0	8 fl oz:242
sr:174137	Beverages, OCEAN SPRAY, White Cranberry Strawberry Flavored Juice Drink	usda	49	0.22	11.98	0.01	8 fl oz:247
sr:174138	Beverages, coffee substitute, cereal grain beverage, powder	usda	360	6.01	78.42	2.52	1 tsp (1 serving):3
sr:174139	Beverages, coffee substitute, cereal grain beverage, prepared with water	usda	6	0.1	1.3	0.04	1 fl oz:30.1|1 serving 6 fl oz:180
sr:174140	Beverages, cranberry-apple juice drink, bottled	usda	63	0	15.85	0.11	1 fl oz:30.6|1 cup (8 fl oz):245
sr:174141	Alcoholic beverage, malt beer, hard lemonade	usda	68	0	10.07	0	11.2 fl oz:335
sr:174142	Beverages, cranberry-apricot juice drink, bottled	usda	64	0.2	16.2	0	1 fl oz:30.6|1 cup (8 fl oz):245
sr:174143	Beverages, tea, green, instant, decaffeinated, lemon, unsweetened, fortified with vitamin C	usda	378	0	94.45	0	2 tbsp:4.5
sr:174145	Alcoholic beverage, beer, light, higher alcohol	usda	46	0.25	0.77	0	12 fl oz:356
sr:174146	Beverages, AMBER, hard cider	usda	56	0	5.92	0	12 fl oz:355
sr:174147	Beverages, OCEAN SPRAY, Cran Cherry	usda	46	0.19	12.76	0	8 fl oz:248
sr:174148	Beverages, OCEAN SPRAY, Light Cranberry	usda	19	0.22	4.72	0.01	8 fl oz:248
sr:174149	Beverages, OCEAN SPRAY, White Cranberry Peach	usda	45	0.13	11.88	0.01	8 fl oz:247
sr:174150	Beverages, OCEAN SPRAY, Light Cranberry, Concord Grape	usda	23	0.36	5.78	0.02	8 fl oz:248
sr:174151	Beverages, Fruit punch drink, with added nutrients, canned	usda	47	0	11.94	0	1 fl oz:31|1 cup (8 fl oz):248
sr:174152	Beverages, Fruit punch drink, frozen concentrate	usda	162	0.2	41.4	0	1 fl oz:34.8|1 can (12 fl oz):418
sr:174153	Beverages, Fruit punch drink, frozen concentrate, prepared with water	usda	46	0.06	11.66	0	1 fl oz:30.9|1 cup:247
sr:174154	Beverages, coffee, instant, vanilla, sweetened, decaffeinated, with non dairy creamer	usda	465	0	86.28	13.33	1 serving:15
sr:174155	Beverages, tea, black, brewed, prepared with distilled water	usda	1	0	0.3	0	1 fl oz:29.6|6 fl oz:178
sr:174156	Beverages, tea, herb, brewed, chamomile	usda	1	0	0.2	0	1 fl oz:29.6|6 fl oz:178|1 cup (8 fl oz):237
sr:174157	Beverages, Wine, non-alcoholic	usda	6	0.5	1.1	0	1 fl oz:29
sr:174159	Beverages, chocolate-flavor beverage mix for milk, powder, with added nutrients	usda	400	4.55	90.28	2.27	1 serving:22
sr:174160	Beverages, chocolate-flavor beverage mix for milk, powder, with added nutrients, prepared with whole milk	usda	89	3.27	11.87	3.17	1 serving:266
sr:174161	Beverages, Water with added vitamins and minerals, bottles, sweetened, assorted fruit flavors	usda	22	0	5.49	0	8 fl oz (1 NLEA serving):237|1 serving:237
sr:174162	Beverages, V8 SPLASH Juice Drinks, Diet Berry Blend	usda	4	0	1.23	0	8 fl oz:243
sr:174163	Beverages, V8 SPLASH Juice Drinks, Diet Fruit Medley	usda	4	0	1.26	0	1 serving 8 oz:238
sr:174164	Beverages, V8 SPLASH Juice Drinks, Diet Strawberry Kiwi	usda	4	0	1.26	0	1 serving:238
sr:174165	Beverages, V8 SPLASH Juice Drinks, Mango Peach	usda	33	0	8.23	0	1 serving 8 oz:243
sr:174166	Beverages, V8 SPLASH Juice Drinks, Orange Pineapple	usda	29	0	7.41	0	1 serving 8 oz:243
sr:174167	Beverages, V8 SPLASH Juice Drinks, Orchard Blend	usda	33	0	7.82	0	1 serving 8 oz:243
sr:174168	Beverages, V8 SPLASH Juice Drinks, Strawberry Banana	usda	29	0	7.41	0	1 serving 8 oz:243
sr:174169	Beverages, V8 V-FUSION Juices, Tropical	usda	49	0.41	11.38	0	1 serving 8 oz:246
sr:174170	Beverages, V8 V- FUSION Juices, Acai Berry	usda	45	0	10.98	0	1 serving 8 oz:246
sr:174171	Beverages, Energy drink, AMP	usda	46	0.25	12.08	0.08	1 serving:240
sr:174172	Beverages, Energy drink, FULL THROTTLE	usda	46	0.25	12.08	0.08	1 serving 8 fluid oz:240|1 can:480
sr:174173	Beverages, Vegetable and fruit juice drink, reduced calorie, with low-calorie sweetener, added vitamin C	usda	4	0	1.1	0	1 serving:238
sr:174174	Beverages, milk beverage, reduced fat, flavored and sweetened, Ready-to-drink, added calcium, vitamin A and vitamin D	usda	77	3.05	12.08	1.83	1 cup:244
sr:174175	Beverages, vegetable and fruit juice blend, 100% juice, with added vitamins A, C, E	usda	46	0.3	11.15	0.01	1 serving 8 oz:246
sr:174176	Beverages, fruit juice drink, reduced sugar, with vitamin E added	usda	39	0	10	0.07	1 container:209|1 ml:1
sr:174177	Beverages, Energy drink, VAULT Zero, sugar-free, citrus flavor	usda	1	0.25	0.7	0.08	1 serving (8 fl oz):246|12 fl oz:360
sr:174178	Beverages, PEPSICO QUAKER, Gatorade G2, low calorie	usda	8	0.05	1.94	0.01	8 fl oz:237
sr:174179	Beverages, Fruit flavored drink, less than 3% juice, not fortified with vitamin C	usda	64	0	16.03	0	1 cup (8 fl oz):238
sr:174180	Beverages, Fruit flavored drink containing less than 3% fruit juice, with high vitamin C	usda	27	0	6.67	0	1 cup (8 fl oz):238
sr:174181	Beverages, nutritional shake mix, high protein, powder	usda	392	53.57	20.38	10.71	1 tbsp:10|1 serving:20
sr:174182	Fish, anchovy, european, raw	usda	131	20.35	0	4.84	3 oz:85
sr:174183	Fish, anchovy, european, canned in oil, drained solids	usda	210	28.89	0	9.71	1 oz, boneless:28.4|1 anchovy:4|1 can (2 oz):45|5 anchovies:20
sr:174184	Fish, bass, fresh water, mixed species, raw	usda	114	18.86	0	3.69	1 fillet:79|3 oz:85
sr:174185	Fish, carp, cooked, dry heat	usda	162	22.86	0	7.17	3 oz:85|1 fillet:170
sr:174186	Fish, catfish, channel, wild, raw	usda	95	16.38	0	2.82	3 oz:85|1 fillet:159
sr:174187	Fish, catfish, channel, cooked, breaded and fried	usda	229	18.09	8.04	13.33	1 fillet:87|3 oz:85
sr:174188	Fish, caviar, black and red, granular	usda	264	24.6	4	17.9	1 tbsp:16|1 oz:28.4
sr:174189	Fish, cod, Atlantic, canned, solids and liquid	usda	105	22.76	0	0.86	3 oz:85|1 can:312
sr:174190	Fish, cod, Atlantic, dried and salted	usda	290	62.82	0	2.37	1 oz:28.4|1 piece (5-1/2" x 1-1/2" x 1/2"):80|3 oz:85
sr:174191	Fish, cod, Pacific, raw (may have been previously frozen)	usda	69	15.27	0	0.41	1 fillet:116|3 oz:85
sr:174192	Fish, croaker, Atlantic, raw	usda	104	17.78	0	3.17	1 fillet:79|3 oz:85
sr:174193	Fish, eel, mixed species, raw	usda	184	18.44	0	11.66	3 oz:85|1 fillet:204
sr:174194	Fish, eel, mixed species, cooked, dry heat	usda	236	23.65	0	14.95	1 oz, boneless:28.4|1 oz with bone (yield after bone removed):22|1 cubic inch, boneless:17|1 fillet:159|3 oz:85
sr:174195	Fish, fish sticks, frozen, prepared	usda	277	11.01	21.66	16.23	1 piece (4" x 2" x 1/2"):57|1 stick (4" x 1" x 1/2"):28
sr:174196	Fish, flatfish (flounder and sole species), raw	usda	70	12.41	0	1.93	1 oz, boneless:28.4|1 fillet:163|3 oz:85
sr:174197	Fish, flatfish (flounder and sole species), cooked, dry heat	usda	86	15.24	0	2.37	1 fillet:127|3 oz:85
sr:174198	Fish, haddock, cooked, dry heat	usda	90	19.99	0	0.55	1 fillet:150|3 oz:85
sr:174199	Fish, haddock, smoked	usda	116	25.23	0	0.96	1 oz, boneless:28.4|1 cubic inch, boneless:17|3 oz:85
sr:174200	Fish, halibut, Atlantic and Pacific, raw	usda	91	18.56	0	1.33	3 oz:85|0.5 fillet:204
sr:174201	Fish, halibut, Atlantic and Pacific, cooked, dry heat	usda	111	22.54	0	1.61	3 oz:85|0.5 fillet:159
sr:174202	Crustaceans, crab, alaska king, cooked, moist heat	usda	97	19.35	0	1.54	1 leg:134|3 oz:85
sr:174203	Crustaceans, crab, alaska king, imitation, made from surimi	usda	95	7.62	15	0.46	3 oz:85
sr:174204	Crustaceans, crab, blue, raw	usda	87	18.06	0.04	1.08	3 oz:85|1 crab:21
sr:174205	Crustaceans, crab, blue, cooked, moist heat	usda	83	17.88	0	0.74	1 cup, flaked and pieces:118|1 cup (not packed):135|1 oz:28.4|3 oz:85
sr:174206	Crustaceans, crayfish, mixed species, wild, raw	usda	77	15.97	0	0.95	3 oz:85|8 crayfish:27
sr:174207	Crustaceans, crayfish, mixed species, wild, cooked, moist heat	usda	82	16.77	0	1.2	3 oz:85
sr:174208	Crustaceans, lobster, northern, raw	usda	77	16.52	0	0.75	1 lobster:150|3 oz:85
sr:174209	Crustaceans, lobster, northern, cooked, moist heat	usda	89	19	0	0.86	1 cup:145|3 oz:85
sr:174210	Crustaceans, shrimp, mixed species, raw (may contain additives to retain moisture)	usda	71	13.61	0.91	1.01	1 medium:6|1 small:5|3 oz:85|4 large:28
sr:174211	Crustaceans, spiny lobster, mixed species, raw	usda	112	20.6	2.43	1.51	3 oz:85|1 lobster:209
sr:174212	Mollusks, abalone, mixed species, raw	usda	105	17.1	6.01	0.76	3 oz:85
sr:174213	Mollusks, abalone, mixed species, cooked, fried	usda	189	19.63	11.05	6.78	3 oz:85
sr:174214	Mollusks, clam, mixed species, raw	usda	86	14.67	3.57	0.96	3 oz:85|1 large:20|1 lb (with shell), yield after shell removed:68|1 medium:14.5|1 small:9|1 cup (with liquid and clams):227
sr:174215	Mollusks, cuttlefish, mixed species, raw	usda	79	16.24	0.82	0.7	3 oz:85
sr:174216	Mollusks, mussel, blue, raw	usda	86	11.9	3.69	2.24	1 cup:150|1 oz:28.4|1 large:20|1 medium:16|1 small:10|3 oz:85
sr:174217	Mollusks, mussel, blue, cooked, moist heat	usda	172	23.8	7.39	4.48	3 oz:85
sr:174218	Mollusks, octopus, common, raw	usda	82	14.91	2.2	1.04	3 oz:85
sr:174219	Mollusks, oyster, Pacific, raw	usda	81	9.45	4.95	2.3	1 medium:50|3 oz:85
sr:174220	Mollusks, scallop, mixed species, raw	usda	69	12.06	3.18	0.49	1 unit 2 large or 5 small:30|3 oz:85
sr:174221	Mollusks, scallop, mixed species, cooked, breaded and fried	usda	216	18.07	10.13	10.94	2 large:31
sr:174222	Mollusks, scallop, mixed species, imitation, made from surimi	usda	99	12.77	10.62	0.41	3 oz:85
sr:174223	Mollusks, squid, mixed species, raw	usda	92	15.58	3.08	1.38	1 oz, boneless:28.4|3 oz:85
sr:174224	Fish, salmon, chum, canned, without salt, drained solids with bone	usda	141	21.43	0	5.5	3 oz:85|1 can:369
sr:174225	Fish, salmon, pink, canned, without salt, solids with bone and liquid	usda	139	19.78	0	6.05	3 oz:85|1 can:454
sr:174226	Fish, salmon, sockeye, canned, without salt, drained solids with bone	usda	153	20.47	0	7.31	3 oz:85|1 can:369
sr:174227	Fish, tuna, light, canned in oil, without salt, drained solids	usda	198	29.13	0	8.21	3 oz:85|1 can:171
sr:174228	Fish, bass, striped, cooked, dry heat	usda	124	22.73	0	2.99	1 fillet:124|3 oz:85
sr:174229	Fish, bluefish, cooked, dry heat	usda	159	25.69	0	5.44	1 fillet:117|3 oz:85
sr:174230	Fish, burbot, cooked, dry heat	usda	115	24.76	0	1.04	1 fillet:90|3 oz:85
sr:174231	Fish, butterfish, cooked, dry heat	usda	187	22.15	0	10.28	1 fillet:25|3 oz:85
sr:174232	Fish, halibut, greenland, cooked, dry heat	usda	239	18.42	0	17.74	3 oz:85|0.5 fillet:159
sr:174233	Fish, herring, Pacific, cooked, dry heat	usda	250	21.01	0	17.79	1 fillet:144|3 oz:85
sr:174234	Fish, ling, cooked, dry heat	usda	111	24.35	0	0.82	3 oz:85|1 fillet:151
sr:174235	Fish, lingcod, cooked, dry heat	usda	109	22.64	0	1.36	3 oz:85|0.5 fillet:151
sr:174236	Fish, mackerel, king, cooked, dry heat	usda	134	26	0	2.56	3 oz:85|0.5 fillet:154
sr:174237	Fish, pollock, Atlantic, cooked, dry heat	usda	118	24.92	0	1.26	3 oz:85|0.5 fillet:151
sr:174238	Fish, pout, ocean, cooked, dry heat	usda	102	21.33	0	1.17	0.5 fillet:137|3 oz:85
sr:174239	Fish, roe, mixed species, cooked, dry heat	usda	204	28.62	1.92	8.23	1 oz:28.4|3 oz:85
sr:174240	Fish, sablefish, cooked, dry heat	usda	250	17.19	0	19.62	3 oz:85|0.5 fillet:151
sr:174241	Fish, scup, cooked, dry heat	usda	135	24.21	0	3.5	1 fillet:50|3 oz:85
sr:174242	Fish, seatrout, mixed species, cooked, dry heat	usda	133	21.46	0	4.63	3 oz:85|1 fillet:186
sr:174243	Fish, shad, american, cooked, dry heat	usda	252	21.71	0	17.65	1 fillet:144|3 oz:85
sr:174244	Fish, spot, cooked, dry heat	usda	158	23.73	0	6.28	1 fillet:50|3 oz:85
sr:174245	Fish, turbot, european, cooked, dry heat	usda	122	20.58	0	3.78	3 oz:85|0.5 fillet:159
sr:174246	Fish, whitefish, mixed species, cooked, dry heat	usda	172	24.47	0	7.51	3 oz:85|1 fillet:154
sr:174247	Fish, wolffish, Atlantic, cooked, dry heat	usda	123	22.44	0	3.06	0.5 fillet:119|3 oz:85
sr:174248	Fish, yellowtail, mixed species, cooked, dry heat	usda	187	29.67	0	6.72	0.5 fillet:146|3 oz:85
sr:174249	Mollusks, octopus, common, cooked, moist heat	usda	164	29.82	4.4	2.08	3 oz:85
sr:174250	Mollusks, oyster, Pacific, cooked, moist heat	usda	163	18.9	9.9	4.6	1 medium:25|3 oz:85
sr:174251	Fish, roughy, orange, cooked, dry heat	usda	105	22.64	0	0.9	3 oz:85
sr:174252	Lima beans, large, mature seeds, raw	usda	338	21.46	63.38	0.69	1 cup:178|1 tbsp:11.1
sr:174253	Lima beans, large, mature seeds, cooked, boiled, without salt	usda	115	7.8	20.88	0.38	1 cup:188|1 tbsp:11.7
sr:174254	Lima beans, large, mature seeds, canned	usda	79	4.93	14.91	0.17	1 cup:241
sr:174255	Lima beans, thin seeded (baby), mature seeds, raw	usda	335	20.62	62.83	0.93	1 cup:202
sr:174256	Mung beans, mature seeds, raw	usda	347	23.86	62.62	1.15	1 cup:207|1 tbsp:13
sr:174257	Mung beans, mature seeds, cooked, boiled, without salt	usda	105	7.02	19.15	0.38	1 cup:202
sr:174258	Noodles, chinese, cellophane or long rice (mung beans), dehydrated	usda	351	0.16	86.09	0.06	1 cup:140
sr:174259	Mungo beans, mature seeds, raw	usda	341	25.21	58.99	1.64	1 cup:207
sr:174260	Peanuts, all types, cooked, boiled, with salt	usda	318	13.5	21.26	22.01	1 cup in shell, edible yield:63|1 cup, shelled:180|1 oz shelled:28.4|33 nuts:28
sr:174261	Peanuts, all types, oil-roasted, with salt	usda	599	28.03	15.26	52.5	1 cup, chopped:144|1 oz shelled (32 nuts):28.4
sr:174262	Peanuts, all types, dry-roasted, with salt	usda	587	24.35	21.26	49.66	1 oz:28.4|1 peanut:1
sr:174263	Peanuts, spanish, raw	usda	570	26.15	15.83	49.6	1 cup:146|1 oz:28.4
sr:174264	Peanuts, virginia, oil-roasted, with salt	usda	578	25.87	19.86	48.62	1 cup:143|1 oz:28.4
sr:174265	Peanut butter, chunk style, with salt	usda	589	24.06	21.57	49.94	2 tbsp:32|1 cup:258
sr:174266	Peanut butter, smooth style, with salt (Includes foods for USDA's Food Distribution Program)	usda	598	22.21	22.31	51.36	2 tbsp:32|1 cup:258
sr:174267	Peanut flour, defatted	usda	327	52.2	34.7	0.55	1 cup:60|1 oz:28.4
sr:174268	Meat extender	usda	311	41.71	34.71	2.97	1 cup:88|1 oz:28.4
sr:174269	Sausage, meatless	usda	255	20.28	8.09	18.16	1 link:25|1 patty:38|1 slice:28
sr:174270	Soybeans, mature seeds, raw	usda	446	36.49	30.16	19.94	1 cup:186
sr:174271	Soybeans, mature cooked, boiled, without salt	usda	172	18.21	8.36	8.97	1 cup:172|1 tbsp:10.7
sr:174272	Tempeh	usda	192	20.29	7.64	10.8	1 cup:166
sr:174273	Soy flour, full-fat, raw	usda	434	37.81	31.92	20.65	1 cup, stirred:84|1 tbsp:5.2
sr:174274	Soy flour, full-fat, roasted	usda	439	38.09	30.38	21.86	1 cup, stirred:85
sr:174275	Soy flour, defatted	usda	327	51.46	33.92	1.22	1 cup:105|1 tbsp:6.6
sr:174276	Soy protein isolate	usda	335	88.32	0	3.39	1 oz:28.4
sr:174277	Soy sauce made from soy and wheat (shoyu)	usda	53	8.14	4.93	0.57	1 tbsp:16|1 tsp:5.3|1 cup:255|1 individual packet:8.9
sr:174278	Soy sauce made from soy (tamari)	usda	60	10.51	5.57	0.1	1 tbsp:18|1 tsp:6
sr:174279	Soy sauce made from hydrolyzed vegetable protein	usda	60	7	7.84	0.51	1 tbsp:18|1 tsp:6|0.25 cup:58
sr:174280	Tofu, salted and fermented (fuyu)	usda	116	8.92	4.38	8	1 block:11
sr:174281	Yardlong beans, mature seeds, raw	usda	347	24.33	61.91	1.31	1 cup:167
sr:174282	Yardlong beans, mature seeds, cooked, boiled, without salt	usda	118	8.29	21.09	0.45	1 cup:171
sr:174283	Winged beans, mature seeds, raw	usda	409	29.65	41.71	16.32	1 cup:182
sr:174284	Lentils, pink or red, raw	usda	358	23.91	63.1	2.17	1 cup:192
sr:174285	Beans, kidney, red, mature seeds, canned, drained solids	usda	124	7.98	21.49	1.05	1 can drained solids:266
sr:174286	Beans, pinto, canned, drained solids	usda	114	6.99	20.22	0.9	1 can drained solids:277
sr:174287	Veggie burgers or soyburgers, unprepared	usda	177	15.7	14.27	6.3	1 pattie:70
sr:174288	Chickpea flour (besan)	usda	387	22.39	57.82	6.69	1 cup:92
sr:174290	Tofu, extra firm, prepared with nigari	usda	83	9.98	1.18	5.26	0.2 block:91
sr:174291	Tofu, hard, prepared with nigari	usda	145	12.68	4.39	9.99	0.25 block:122
sr:174292	MORI-NU, Tofu, silken, soft	usda	55	4.8	2.9	2.7	1 slice:84
sr:174293	Soymilk, chocolate, unfortified	usda	63	2.26	9.95	1.53	1 cup:243|1 fl oz:30.6
sr:174294	Peanut Butter, smooth (Includes foods for USDA's Food Distribution Program)	usda	588	21.93	23.98	49.54	2 tbsp:32|1 cup:258
sr:174295	Soymilk, chocolate, with added calcium, vitamins A and D	usda	63	2.26	9.95	1.53	1 cup:243|1 fl oz:30.6
sr:174296	Refried beans, canned, vegetarian	usda	83	5.28	13.5	0.87	1 cup:242|1 can:444
sr:174297	Vitasoy USA, Organic Nasoya Super Firm Cubed Tofu	usda	118	12.4	2.8	6.3	0.2 package:79
sr:174298	Refried beans, canned, traditional, reduced sodium	usda	89	4.98	13.55	2.01	1 cup:238|1 tablespoon:16
sr:174299	Soybeans, mature seeds, cooked, boiled, with salt	usda	172	18.21	8.36	8.97	1 cup:172
sr:174300	Soybeans, mature seeds, roasted, no salt added	usda	469	38.55	30.22	25.4	1 cup:172
sr:174301	Soy protein concentrate, produced by acid wash	usda	328	63.63	25.41	0.46	1 oz:28.4
sr:174302	Soy protein isolate, potassium type	usda	321	88.32	2.59	0.53	1 oz:28.4
sr:174303	Tofu, dried-frozen (koyadofu), prepared with calcium sulfate	usda	470	52.43	8.3	30.34	1 piece:17
sr:174304	Tofu, fried, prepared with calcium sulfate	usda	270	18.82	8.86	20.18	1 piece:13
sr:174305	Tofu, salted and fermented (fuyu), prepared with calcium sulfate	usda	116	8.15	5.15	8	1 block:11
sr:174306	Yardlong beans, mature seeds, cooked, boiled, with salt	usda	118	8.29	21.09	0.45	1 cup:171
sr:174307	Lamb, composite of trimmed retail cuts, separable lean only, trimmed to 1/4" fat, choice, raw	usda	134	20.29	0	5.25	1 oz:28.4|1 lb:453.6
sr:174308	Lamb, composite of trimmed retail cuts, separable lean only, trimmed to 1/4" fat, choice, cooked	usda	206	28.22	0	9.52	3 oz:85|1 piece, cooked, excluding refuse (yield from 1 lb raw meat with refuse):187
sr:174309	Lamb, composite of trimmed retail cuts, separable fat, trimmed to 1/4" fat, choice, raw	usda	665	6.65	0	70.61	1 oz:28.4|1 lb:453.6
sr:174310	Lamb, composite of trimmed retail cuts, separable fat, trimmed to 1/4" fat, choice, cooked	usda	586	12.16	0	59.18	3 oz:85|1 unit, cooked (yield from 1 lb raw meat):286
sr:174311	Lamb, leg, whole (shank and sirloin), separable lean and fat, trimmed to 1/4" fat, choice, raw	usda	230	17.91	0	17.07	1 oz:28.4|1 lb:453.6
sr:174312	Lamb, leg, whole (shank and sirloin), separable lean and fat, trimmed to 1/4" fat, choice, cooked, roasted	usda	258	25.55	0	16.48	3 oz:85|1 piece, cooked, excluding refuse (yield from 1 lb raw meat with refuse):265
sr:174313	Lamb, leg, whole (shank and sirloin), separable lean only, trimmed to 1/4" fat, choice, raw	usda	128	20.56	0	4.51	1 oz:28.4|1 lb:453.6
sr:174314	Lamb, leg, whole (shank and sirloin), separable lean only, trimmed to 1/4" fat, choice, cooked, roasted	usda	191	28.3	0	7.74	3 oz:85|1 piece, cooked, excluding refuse (yield from 1 lb raw meat with refuse):218
sr:174315	Lamb, leg, shank half, separable lean and fat, trimmed to 1/4" fat, choice, raw	usda	201	18.58	0	13.49	1 oz:28.4|1 lb:453.6
sr:174316	Lamb, leg, sirloin half, separable lean and fat, trimmed to 1/4" fat, choice, cooked, roasted	usda	292	24.63	0	20.67	3 oz:85|1 piece, cooked, excluding refuse (yield from 1 lb raw meat with refuse):262
sr:174317	Lamb, leg, sirloin half, separable lean only, trimmed to 1/4" fat, choice, raw	usda	134	20.55	0	5.08	1 oz:28.4|1 lb:453.6
sr:174318	Lamb, leg, sirloin half, separable lean only, trimmed to 1/4" fat, choice, cooked, roasted	usda	204	28.35	0	9.17	3 oz:85|1 piece, cooked, excluding refuse (yield from 1 lb raw meat with refuse):201
sr:174319	Lamb, loin, separable lean and fat, trimmed to 1/4" fat, choice, raw	usda	310	16.32	0	26.63	1 oz:28.4|1 chop, excluding refuse (yield from 1 raw chop, with refuse, weighing 120 g):95
sr:174320	Lamb, loin, separable lean only, trimmed to 1/4" fat, choice, cooked, roasted	usda	202	26.59	0	9.76	3 oz:85|1 piece, cooked, excluding refuse (yield from 1 lb raw meat with refuse):193
sr:174321	Lamb, rib, separable lean and fat, trimmed to 1/4" fat, choice, raw	usda	372	14.52	0	34.39	1 oz:28.4|1 lb:453.6
sr:174322	Lamb, rib, separable lean and fat, trimmed to 1/4" fat, choice, cooked, broiled	usda	361	22.13	0	29.59	3 oz:85|1 piece, cooked, excluding refuse (yield from 1 lb raw meat with refuse):229
sr:174323	Lamb, rib, separable lean and fat, trimmed to 1/4" fat, choice, cooked, roasted	usda	359	21.12	0	29.82	3 oz:85|1 piece, cooked, excluding refuse (yield from 1 lb raw meat with refuse):255
sr:174324	Lamb, shoulder, whole (arm and blade), separable lean and fat, trimmed to 1/4" fat, choice, cooked, broiled	usda	278	24.42	0	19.26	3 oz:85|1 piece, cooked, excluding refuse (yield from 1 lb raw meat with refuse):248
sr:174325	Lamb, shoulder, whole (arm and blade), separable lean and fat, trimmed to 1/4" fat, choice, cooked, roasted	usda	276	22.51	0	19.97	3 oz:85|1 piece, cooked, excluding refuse (yield from 1 lb raw meat with refuse):269
sr:174326	Lamb, shoulder, whole (arm and blade), separable lean only, trimmed to 1/4" fat, choice, raw	usda	144	19.55	0	6.76	4 oz:113|1 lb:453.6
sr:174327	Lamb, shoulder, whole (arm and blade), separable lean only, trimmed to 1/4" fat, choice, cooked, braised	usda	283	32.81	0	15.89	3 oz:85|1 piece, cooked, excluding refuse (yield from 1 lb raw meat with refuse):174
sr:174328	Lamb, shoulder, arm, separable lean and fat, trimmed to 1/4" fat, choice, cooked, broiled	usda	281	24.44	0	19.55	3 oz:85|1 chop, excluding refuse (yield from 1 raw chop, with refuse, weighing 160 g):93
sr:174329	Lamb, shoulder, arm, separable lean and fat, trimmed to 1/4" fat, choice, cooked, roasted	usda	279	22.53	0	20.24	3 oz:85|1 piece, cooked, excluding refuse (yield from 1 lb raw meat with refuse):286
sr:174330	Lamb, shoulder, arm, separable lean only, trimmed to 1/4" fat, choice, raw	usda	132	19.99	0	5.2	1 oz:28.4|1 chop, excluding refuse (yield from 1 raw chop, with refuse, weighing 160 g):101
sr:174331	Lamb, shoulder, arm, separable lean only, trimmed to 1/4" fat, choice, cooked, braised	usda	279	35.54	0	14.08	3 oz:85|1 chop, excluding refuse (yield from 1 raw chop, with refuse, weighing 160 g):55
sr:174332	Lamb, shoulder, blade, separable lean and fat, trimmed to 1/4" fat, choice, cooked, broiled	usda	278	23.08	0	19.94	3 oz:85|1 piece, cooked, excluding refuse (yield from 1 lb raw meat with refuse):252
sr:174333	Lamb, shoulder, blade, separable lean and fat, trimmed to 1/4" fat, choice, cooked, roasted	usda	281	22.25	0	20.61	3 oz:85|1 piece, cooked, excluding refuse (yield from 1 lb raw meat with refuse):258
sr:174334	Lamb, shoulder, blade, separable lean only, trimmed to 1/4" fat, choice, raw	usda	151	19.29	0	7.63	1 oz:28.4|1 lb:453.6
sr:174335	Lamb, shoulder, blade, separable lean only, trimmed to 1/4" fat, choice, cooked, braised	usda	288	32.35	0	16.64	3 oz:85|1 piece, cooked, excluding refuse (yield from 1 lb raw meat with refuse):168
sr:174336	Lamb, New Zealand, imported, frozen, composite of trimmed retail cuts, separable lean and fat, raw	usda	277	16.74	0	22.74	1 oz:28.4|1 lb:453.6
sr:174337	Lamb, New Zealand, imported, frozen, composite of trimmed retail cuts, separable lean and fat, cooked	usda	305	24.42	0	22.26	3 oz:85|1 piece, cooked, excluding refuse (yield from 1 lb raw meat with refuse):222
sr:174338	Lamb, New Zealand, imported, frozen, composite of trimmed retail cuts, separable lean only, raw	usda	128	20.75	0	4.41	1 oz:28.4|1 lb:453.6
sr:174339	Lamb, New Zealand, imported, frozen, composite of trimmed retail cuts, separable lean only, cooked	usda	206	29.59	0	8.86	3 oz:85|1 piece, cooked, excluding refuse (yield from 1 lb raw meat with refuse):164
sr:174340	Lamb, New Zealand, imported, fore-shank, separable lean only, raw	usda	122	22.05	0	3.77	4 oz:113|1 serving:115
sr:174341	Lamb, New Zealand, imported, fore-shank, separable lean only, cooked, braised	usda	209	33.31	0	8.4	3 oz:85|1 serving:85
sr:174342	Lamb, New Zealand, imported, leg chop/steak, bone-in, separable lean and fat, raw	usda	206	18.64	0.13	14.52	4 oz:113|1 serving:115
sr:174343	Lamb, New Zealand, imported, frozen, leg, whole (shank and sirloin), separable lean and fat, cooked, roasted	usda	246	24.81	0	15.56	3 oz:85|1 piece, cooked, excluding refuse (yield from 1 lb raw meat with refuse):258
sr:174344	Game meat, moose, raw	usda	102	22.24	0	0.74	1 oz:28.4|1 lb:453.6
sr:174345	Game meat, moose, cooked, roasted	usda	134	29.27	0	0.97	3 oz:85|1 piece, cooked (yield from 1 lb raw meat, boneless):340
sr:174346	Game meat, rabbit, domesticated, composite of cuts, cooked, stewed	usda	206	30.38	0	8.41	3 oz:85|1 piece, cooked (yield from 1 lb raw meat, boneless):299
sr:174347	Game meat, rabbit, wild, raw	usda	114	21.79	0	2.32	1 oz:28.4|1 lb:453.6
sr:174348	Game meat, rabbit, wild, cooked, stewed	usda	173	33.02	0	3.51	3 oz:85|1 piece, cooked (yield from 1 lb raw meat, boneless):299
sr:174349	Game meat, raccoon, cooked, roasted	usda	255	29.2	0	14.5	3 oz:85|1 piece, cooked (yield from 1 lb raw meat, boneless):399
sr:174350	Lamb, variety meats and by-products, brain, cooked, pan-fried	usda	273	16.97	0	22.19	3 oz:85|1 unit, cooked (yield from 1 lb raw meat):240
sr:174351	Veal, variety meats and by-products, brain, raw	usda	118	10.32	0	8.21	1 oz:28.4|4 oz:113
sr:174352	Veal, variety meats and by-products, brain, cooked, braised	usda	136	11.48	0	9.63	3 oz:85|1 unit, cooked (yield from 1 lb raw meat):339
sr:174353	Veal, variety meats and by-products, brain, cooked, pan-fried	usda	213	14.48	0	16.75	3 oz:85|1 unit, cooked (yield from 1 lb raw meat):330
sr:174354	Lamb, variety meats and by-products, kidneys, raw	usda	97	15.74	0.82	2.95	1 oz:28.4|4 oz:113
sr:174355	Lamb, variety meats and by-products, kidneys, cooked, braised	usda	137	23.65	0.99	3.62	3 oz:85|1 unit, cooked (yield from 1 lb raw meat):255
sr:174356	Veal, variety meats and by-products, kidneys, raw	usda	99	15.76	0.85	3.12	1 oz:28.4|4 oz:113
sr:174357	Veal, variety meats and by-products, kidneys, cooked, braised	usda	163	26.32	0	5.66	3 oz:85|1 unit, cooked (yield from 1 lb raw meat):184
sr:174358	Veal, variety meats and by-products, liver, cooked, pan-fried	usda	193	27.37	4.47	6.51	3 oz:85|1 slice:67
sr:174359	Lamb, variety meats and by-products, lungs, raw	usda	95	16.7	0	2.6	1 oz:28.4|4 oz:113
sr:174360	Lamb, variety meats and by-products, lungs, cooked, braised	usda	113	19.88	0	3.1	3 oz:85|1 unit, cooked (yield from 1 lb raw meat):381
sr:174361	Veal, variety meats and by-products, lungs, raw	usda	90	16.3	0	2.3	1 oz:28.4|4 oz:113
sr:174362	Veal, variety meats and by-products, pancreas, raw	usda	182	15	0	13.1	1 oz:28.4|4 oz:113
sr:174363	Veal, variety meats and by-products, pancreas, cooked, braised	usda	256	29.1	0	14.6	3 oz:85|1 unit, cooked (yield from 1 lb raw meat):240
sr:174364	Lamb, variety meats and by-products, spleen, raw	usda	101	17.2	0	3.1	1 oz:28.4|4 oz:113
sr:174365	Lamb, variety meats and by-products, spleen, cooked, braised	usda	156	26.46	0	4.77	3 oz:85|1 unit, cooked (yield from 1 lb raw meat):295
sr:174366	Lamb, variety meats and by-products, tongue, raw	usda	222	15.7	0	17.17	1 oz:28.4|4 oz:113
sr:174367	Lamb, variety meats and by-products, tongue, cooked, braised	usda	275	21.57	0	20.28	3 oz:85|1 unit, cooked (yield from 1 lb raw meat):255
sr:174368	Veal, variety meats and by-products, tongue, raw	usda	131	17.18	1.91	5.48	1 oz:28.4|4 oz:113
sr:174369	Veal, variety meats and by-products, tongue, cooked, braised	usda	202	25.85	0	10.1	3 oz:85|1 unit, cooked (yield from 1 lb raw meat):255
sr:174371	Lamb, foreshank, separable lean and fat, trimmed to 1/8" fat, cooked, braised	usda	243	28.37	0	13.46	1 piece, cooked, excluding refuse (yield from 1 lb raw meat with refuse):148|3 oz:85
sr:174372	Lamb, leg, whole (shank and sirloin), separable lean and fat, trimmed to 1/8" fat, choice, raw	usda	209	18.47	0	14.42	1 oz:28.4|1 lb:453.6
sr:174373	Lamb, leg, whole (shank and sirloin), separable lean and fat, trimmed to 1/8" fat, choice, cooked, roasted	usda	242	26.2	0	14.42	3 oz:85|1 piece, cooked, excluding refuse (yield from 1 lb raw meat with refuse):260
sr:174374	Lamb, leg, shank half, separable lean and fat, trimmed to 1/8" fat, choice, raw	usda	185	18.99	0	11.5	1 oz:28.4|1 lb:453.6
sr:174375	Lamb, loin, separable lean and fat, trimmed to 1/8" fat, choice, cooked, broiled	usda	297	26.06	0	20.61	3 oz:85|1 steak, excluding refuse (yield from 1 raw steak, with refuse, weighing 102 g):53
sr:174376	Lamb, loin, separable lean and fat, trimmed to 1/8" fat, choice, cooked, roasted	usda	290	23.27	0	21.12	3 oz:85|1 piece, cooked, excluding refuse (yield from 1 lb raw meat with refuse):265
sr:174377	Lamb, rib, separable lean and fat, trimmed to 1/8" fat, choice, raw	usda	342	15.32	0	30.71	1 oz:28.4|1 lb:453.6
sr:174378	Lamb, rib, separable lean and fat, trimmed to 1/8" fat, choice, cooked, broiled	usda	340	23.06	0	26.82	3 oz:85|1 piece, cooked, excluding refuse (yield from 1 lb raw meat with refuse):222
sr:174379	Lamb, shoulder, whole (arm and blade), separable lean and fat, trimmed to 1/8" fat, choice, cooked, roasted	usda	269	22.7	0	19.08	3 oz:85|1 piece, cooked, excluding refuse (yield from 1 lb raw meat with refuse):263
sr:174380	Lamb, shoulder, arm, separable lean and fat, trimmed to 1/8" fat, choice, raw	usda	244	17.19	0	18.94	1 oz:28.4|1 steak, excluding refuse (yield from 1 raw steak, with refuse, weighing 102 g):84
sr:174381	Lamb, shoulder, arm, separable lean and fat, trimmed to 1/8" fat, choice, cooked, braised	usda	337	31.1	0	22.65	3 oz:85|1 steak, excluding refuse (yield from 1 raw steak, with refuse, weighing 102 g):45
sr:174382	Lamb, shoulder, arm, separable lean and fat, trimmed to 1/8" fat, cooked, broiled	usda	269	24.91	0	18.05	3 oz:85|1 steak, excluding refuse (yield from 1 raw steak, with refuse, weighing 102 g):59
sr:174383	Lamb, shoulder, arm, separable lean and fat, trimmed to 1/8" fat, choice, roasted	usda	267	22.93	0	18.75	3 oz:85|1 piece, cooked, excluding refuse (yield from 1 lb raw meat with refuse):284
sr:174384	Lamb, New Zealand, imported, frozen, composite of trimmed retail cuts, separable lean and fat, trimmed to 1/8" fat, raw	usda	232	17.95	0	17.2	1 oz:28.4|1 lb:453.6
sr:174385	Lamb, New Zealand, imported, frozen, composite of trimmed retail cuts, separable lean and fat, trimmed to 1/8" fat, cooked	usda	270	25.26	0	17.98	3 oz:85|1 piece, cooked, excluding refuse (yield from 1 lb raw meat with refuse):242
sr:174386	Lamb, New Zealand, imported, frozen, foreshank, separable lean and fat, trimmed to 1/8" fat, raw	usda	223	18.04	0	16.15	1 oz:28.4|1 lb:453.6
sr:174387	Lamb, New Zealand, imported, frozen, foreshank, separable lean and fat, trimmed to 1/8" fat, cooked, braised	usda	258	26.97	0	15.83	3 oz:85|1 piece, cooked, excluding refuse (yield from 1 lb raw meat with refuse):168
sr:174388	Lamb, new zealand, imported, frozen, rib, separable lean and fat, trimmed to 1/8" fat, raw	usda	311	15.87	0	27	1 oz:28.4|1 lb:453.6
sr:174389	Lamb, New Zealand, imported, frozen, rib, separable lean and fat, trimmed to 1/8" fat, cooked, roasted	usda	317	19.86	0	25.74	3 oz:85|1 piece, cooked, excluding refuse (yield from 1 lb raw meat with refuse):233
sr:174390	Lamb, New Zealand, imported, frozen, shoulder, whole (arm and blade), separable lean and fat, trimmed to 1/8" fat, raw	usda	251	17.19	0	19.74	1 oz:28.4|1 lb:453.6
sr:174391	Lamb, New Zealand, imported, frozen, shoulder, whole (arm and blade), separable lean and fat, trimmed to 1/8" fat, cooked, braised	usda	342	29.43	0	24.03	3 oz:85|1 piece, cooked, excluding refuse (yield from 1 lb raw meat with refuse):233
sr:174392	Veal, breast, whole, boneless, separable lean and fat, raw	usda	208	17.47	0	14.75	1 oz:28.4|1 lb:453.6
sr:174393	Veal, breast, whole, boneless, separable lean and fat, cooked, braised	usda	266	26.97	0	16.77	3 oz:85|1 piece, cooked, excluding refuse (yield from 1 lb raw meat with refuse):283
sr:174394	Veal, breast, plate half, boneless, separable lean and fat, cooked, braised	usda	282	25.93	0	18.95	3 oz:85|1 piece, cooked, excluding refuse (yield from 1 lb raw meat with refuse):291
sr:174395	Veal, breast, point half, boneless, separable lean and fat, cooked, braised	usda	248	28.23	0	14.16	3 oz:85|1 piece, cooked, excluding refuse (yield from 1 lb raw meat with refuse):274
sr:174396	Veal, breast, whole, boneless, separable lean only, cooked, braised	usda	218	30.32	0	9.8	3 oz:85|1 piece, cooked, excluding refuse (yield from 1 lb raw meat with refuse):237
sr:174397	Lamb, Australian, imported, fresh, composite of trimmed retail cuts, separable lean and fat, trimmed to 1/8" fat, raw	usda	229	17.84	0	16.97	1 oz:28.4|1 lb:453.6|3 oz:85
sr:174398	Lamb, Australian, imported, fresh, composite of trimmed retail cuts, separable lean and fat, trimmed to 1/8" fat, cooked	usda	256	24.52	0	16.82	3 oz:85|1 piece, cooked, excluding refuse (yield from 1 lb raw meat with refuse):270
sr:174399	Lamb, Australian, imported, fresh, composite of trimmed retail cuts, separable lean only, trimmed to 1/8" fat, raw	usda	142	20.25	0	6.18	1 oz:28.4|1 lb:453.6|3 oz:85
sr:174400	Lamb, Australian, imported, fresh, composite of trimmed retail cuts, separable lean only, trimmed to 1/8" fat, cooked	usda	201	26.71	0	9.63	3 oz:85|1 piece, cooked, excluding refuse (yield from 1 lb raw meat with refuse):236
sr:174401	Lamb, Australian, imported, fresh, foreshank, separable lean only, trimmed to 1/8" fat, raw	usda	123	20.83	0	3.81	1 oz:28.4|1 lb:453.6|3 oz:85
sr:174402	Lamb, Australian, imported, fresh, foreshank, separable lean only, trimmed to 1/8" fat, cooked, braised	usda	165	27.5	0	5.22	3 oz:85|1 piece, cooked, excluding refuse (yield from 1 lb raw meat with refuse):180
sr:174403	Lamb, Australian, imported, fresh, leg, whole (shank and sirloin), separable lean and fat, trimmed to 1/8" fat, raw	usda	215	18.24	0	15.19	1 oz:28.4|1 lb:453.6|3 oz:85
sr:174404	Lamb, Australian, imported, fresh, leg, whole (shank and sirloin), separable lean and fat, trimmed to 1/8" fat, cooked, roasted	usda	244	25.16	0	15.13	3 oz:85|1 piece, cooked, excluding refuse (yield from 1 lb raw meat with refuse):284
sr:174405	Lamb, Australian, imported, fresh, leg, shank half, separable lean only, trimmed to 1/8" fat, cooked, roasted	usda	182	27.18	0	7.27	3 oz:85|1 piece, cooked, excluding refuse (yield from 1 lb raw meat with refuse):246
sr:174406	Lamb, Australian, imported, fresh, leg, sirloin half, boneless, separable lean and fat, trimmed to 1/8" fat, raw	usda	254	17.25	0	20	1 oz:28.4|1 lb:453.6|3 oz:85
sr:174407	Lamb, Australian, imported, fresh, leg, sirloin half, boneless, separable lean and fat, trimmed to 1/8" fat, cooked, roasted	usda	281	24.88	0	19.38	3 oz:85|1 piece, cooked, excluding refuse (yield from 1 lb raw meat with refuse):306
sr:174408	Lamb, Australian, imported, fresh, leg, sirloin half, boneless, separable lean only, trimmed to 1/8" fat, raw	usda	138	20.48	0	5.64	1 oz:28.4|1 lb:453.6|3 oz:85
sr:174409	Lamb, Australian, imported, fresh, leg, sirloin chops, boneless, separable lean only, trimmed to 1/8" fat, cooked, broiled	usda	188	27.63	0	7.8	3 oz:85
sr:174410	Lamb, Australian, imported, fresh, leg, center slice, bone-in, separable lean and fat, trimmed to 1/8" fat, raw	usda	195	19.17	0	12.56	1 oz:28.4
sr:174411	Lamb, Australian, imported, fresh, leg, center slice, bone-in, separable lean and fat, trimmed to 1/8" fat, cooked, broiled	usda	215	25.54	0	11.78	3 oz:85
sr:174412	Lamb, Australian, imported, fresh, leg, center slice, bone-in, separable lean only, trimmed to 1/8" fat, raw	usda	143	20.65	0	6.08	1 oz:28.4
sr:174413	Lamb, Australian, imported, fresh, loin, separable lean only, trimmed to 1/8" fat, cooked, broiled	usda	192	26.53	0	8.75	3 oz:85
sr:174414	Lamb, Australian, imported, fresh, rib chop/rack roast, frenched, bone-in, separable lean and fat, trimmed to 1/8" fat, raw	usda	237	21.26	0	16.89	4 oz:113|1 chop:63
sr:174415	Lamb, Australian, imported, fresh, rib chop, frenched, bone-in, separable lean and fat, trimmed to 1/8" fat, cooked, grilled	usda	305	28.48	0	21.2	3 oz:85|1 chop:54
sr:174416	Lamb, Australian, imported, fresh, rib chop/rack roast, frenched, bone-in, separable lean only, trimmed to 1/8" fat, raw	usda	147	24.07	0	5.59	4 oz:113|1 chop:63|3 oz:85
sr:174417	Lamb, Australian, imported, fresh, shoulder, arm, separable lean and fat, trimmed to 1/8" fat, raw	usda	243	17.06	0	18.89	1 oz:28.4|3 oz:85
sr:174418	Lamb, Australian, imported, fresh, shoulder, arm, separable lean and fat, trimmed to 1/8" fat, cooked, braised	usda	311	29.7	0	20.38	3 oz:85
sr:174419	Lamb, Australian, imported, fresh, shoulder, arm, separable lean only, trimmed to 1/8" fat, raw	usda	137	19.88	0	5.81	1 oz:28.4|3 oz:85
sr:174420	Lamb, Australian, imported, fresh, shoulder, arm, separable lean only, trimmed to 1/8" fat, cooked, braised	usda	238	34.17	0	10.23	3 oz:85
sr:174421	Game meat , bison, ground, raw	usda	223	18.67	0	15.93	1 serving ( 3 oz ):85|1 patty:113
sr:174422	Game meat, bison, ground, cooked, pan-broiled	usda	238	23.77	0	15.13	1 patty ( yield from 112.7 g raw meat ):87|1 serving ( 3 oz ):85
sr:174423	Game meat , bison, top sirloin, separable lean only, 1" steak, cooked, broiled	usda	171	28.05	0	5.65	1 serving ( 3 oz ):85|1 steak ( yield from 309.7 g raw meat ):194
sr:174424	Game meat, bison, chuck, shoulder clod, separable lean only, cooked, braised	usda	193	33.78	0	5.43	1 serving ( 3 oz ):85|1 roast ( yield from 1247 g raw meat ) ( 3 to 5 lb roast):774
sr:174425	Game meat, elk, ground, raw	usda	172	21.76	0	8.82	1 patty ( yield from 102.2 g raw meat ):102
sr:174426	Game meat, elk, ground, cooked, pan-broiled	usda	193	26.64	0	8.74	1 patty ( yield from 104.1 g raw meat ):95|1 serving ( 3 oz ):85
sr:174427	Game meat, elk, loin, separable lean only, cooked, broiled	usda	167	31	0	3.84	1 steak ( yield from 148.1 g raw meat ):114|1 serving ( 3 oz ):85
sr:174428	Game meat, elk, round, separable lean only, cooked, broiled	usda	156	30.94	0	2.64	1 serving ( 3 oz ):85|1 steak ( yield from 233.1 g raw meat ):176
sr:174429	Game meat, elk, tenderloin, separable lean only, cooked, broiled	usda	162	30.76	0	3.41	1 steak ( yield from 123.5 g raw meat ):92|1 serving ( 3 oz ):85
sr:174430	Game meat, deer, tenderloin, separable lean only, cooked, broiled	usda	149	29.9	0	2.35	1 serving ( 3 oz ):85|1 roast ( yield from 271.8 g raw meat ) (0.5 to 1 lb roast):202
sr:174431	Game meat, deer, top round, separable lean only, 1" steak, cooked, broiled	usda	152	31.47	0	1.92	1 steak ( yield from 134.9 g raw meat ):102|1 serving ( 3 oz ):85
sr:174432	Veal, Australian, shank, fore, bone-in, separable lean only, raw	usda	123	20.18	0	4.65	4 oz:113|1 roast with bone:235
sr:174433	Veal, Australian, shank, fore, bone-in, separable lean and fat, raw	usda	145	19.58	0	7.42	4 oz:113|1 roast with bone:235
sr:174434	Lamb, New Zealand, imported, Intermuscular fat, raw	usda	640	4.63	1.26	68.53	
sr:174435	Lamb, New Zealand, imported, subcutaneous fat, raw	usda	703	3.87	0.55	76.16	
sr:174436	Lamb, New Zealand, imported, brains, cooked, soaked and fried	usda	154	14.03	0	10.92	3 oz:85
sr:174437	Lamb, New Zealand, imported, brains, raw	usda	118	11.33	0	8.03	4 oz:113
sr:174438	Lamb, New Zealand, imported, chump, boneless, separable lean only, raw	usda	121	21.68	0	3.83	4 oz:113
sr:174439	Lamb, New Zealand, imported, kidney, cooked, soaked and fried	usda	112	19.78	0.18	3.56	3 oz:85
sr:174440	Lamb, New Zealand, imported, flap, boneless, separable lean only, cooked, braised	usda	234	27.88	0	13.6	3 oz:85
sr:174441	Lamb, New Zealand, imported, flap, boneless, separable lean only, raw	usda	180	21.72	0	10.31	4 oz:113
sr:174442	Lamb, New Zealand, imported, kidney, raw	usda	84	15.21	0.03	2.54	4 oz:113
sr:174443	Lamb, New Zealand, imported, heart, cooked, soaked and simmered	usda	161	26.26	0	6.21	3 oz:85
sr:174444	Lamb, New Zealand, imported, heart, raw	usda	105	18.09	0	3.68	4 oz:113
sr:174445	Lamb, New Zealand, imported, sweetbread, cooked, soaked and simmered	usda	144	21.13	0	6.61	3 oz:85
sr:174446	Lamb, New Zealand, imported, sweetbread, raw	usda	72	11	0	3.16	4 oz:113
sr:174447	Lamb, New Zealand, imported, tunnel-boned leg, chump off, shank off, separable lean only, cooked, slow roasted	usda	159	25.29	0	6.44	3 oz:85
sr:174448	Lamb, New Zealand, imported, tunnel-boned leg, chump off, shank off, separable lean only, raw	usda	121	20.93	0	4.09	4 oz:113
sr:174449	Lamb, New Zealand, imported, square-cut shoulder chops, separable lean only, cooked, braised	usda	255	31.06	0	14.56	3 oz:85
sr:174450	Lamb, New Zealand, imported, square-cut shoulder chops, separable lean only, raw	usda	164	20.62	0	9.08	4 oz:113
sr:174451	Lamb, New Zealand, imported, loin, boneless, separable lean only, cooked, fast roasted	usda	156	28.99	0	4.49	3 oz:85
sr:174452	Lamb, New Zealand, imported, loin, boneless, separable lean only, raw	usda	120	21.5	0	3.77	4 oz:113
sr:174453	Lamb, New Zealand, imported, hind-shank, separable lean only, cooked, braised	usda	196	32.5	0	7.37	3 oz:85
sr:174454	Lamb, New Zealand, imported, hind-shank, separable lean only, raw	usda	115	20.4	0.73	3.35	4 oz:113
sr:174455	Lamb, New Zealand, imported, neck chops, separable lean only, raw	usda	151	19.84	0	7.97	4 oz:113
sr:174456	Lamb, New Zealand, imported, rack - fully frenched, separable lean only, raw	usda	147	20.61	0	7.12	4 oz:113
sr:174457	Lamb, New Zealand, imported, loin chop, separable lean only, cooked, fast fried	usda	208	27.43	0.41	10.7	3 oz:85
sr:174458	Lamb, New Zealand, imported, square-cut shoulder, separable lean only, cooked, slow roasted	usda	192	25.08	0	10.13	3 oz:85
sr:174459	Lamb, New Zealand, imported, leg chop/steak, bone-in, separable lean only, cooked, fast fried	usda	162	26.31	0	6.35	3 oz:85
sr:174460	Lamb, New Zealand, imported, leg chop/steak, bone-in, separable lean and fat, cooked, fast fried	usda	212	24.26	0.04	12.76	3 oz:85
sr:174461	Lamb, New Zealand, imported, loin chop, separable lean and fat, cooked, fast fried	usda	332	21.5	0.41	27.11	3 oz:85
sr:174462	Lamb, New Zealand, imported, loin saddle, separable lean and fat, cooked, fast roasted	usda	274	21.13	0.1	20.98	3 oz:85
sr:174463	Lamb, New Zealand, imported, loin saddle, separable lean and fat, raw	usda	273	16.56	0.2	22.9	4 oz:113
sr:174464	Lamb, New Zealand, imported, netted shoulder, rolled, boneless, separable lean and fat, raw	usda	252	16.9	0.2	20.36	4 oz:113
sr:174465	Chicken, capons, giblets, raw	usda	130	18.28	1.42	5.18	1 giblets:115|1 unit (yield from 1 lb ready-to cook capon):18
sr:174466	Chicken, capons, giblets, cooked, simmered	usda	164	26.39	0.76	5.4	1 cup, chopped or diced:145|1 unit (yield from 1 lb ready-to cook capon):11
sr:174467	Duck, domesticated, liver, raw	usda	136	18.74	3.53	4.64	1 liver:44|1 unit (yield from 1 lb ready-to-cook duck):10
sr:174468	Duck, wild, meat and skin, raw	usda	211	17.42	0	15.2	3 oz:85|1 unit (yield from 1 lb ready-to-cook duck):239|0.5 duck:270
sr:174469	Duck, wild, breast, meat only, raw	usda	123	19.85	0	4.25	1 unit (yield from 1 lb ready-to-cook duck):73|0.5 breast, bone and skin removed:83
sr:174470	Goose, domesticated, meat and skin, raw	usda	371	15.86	0	33.62	3 oz:85|1 unit (yield from 1 lb ready-to-cook goose):320|0.5 goose:1319
sr:174471	Guinea hen, meat only, raw	usda	110	20.64	0	2.47	3 oz:85|1 unit (yield from 1 lb ready-to-cook guinea):275|0.5 guinea:264
sr:174472	Pheasant, raw, meat and skin	usda	181	22.7	0	9.29	3 oz:85|1 unit (yield from 1 lb ready-to-eat pheasant):371|0.5 pheasant:400
sr:174473	Pheasant, raw, meat only	usda	133	23.57	0	3.64	3 oz:85|1 unit (yield from 1 lb ready-to-eat pheasant):326|0.5 pheasant:352
sr:174474	Pheasant, breast, meat only, raw	usda	133	24.37	0	3.25	3 oz:85|1 unit (yield from 1 lb ready-to-eat pheasant):169|0.5 breast, bone and skin removed:182
sr:174475	Squab, (pigeon), meat and skin, raw	usda	294	18.47	0	23.8	3 oz:85|1 unit (yield from 1 lb ready-to-cook squab):297|1 squab:199
sr:174476	Emu, fan fillet, raw	usda	103	22.5	0	0.8	1 serving ( 3 oz ):85|1 fan fillet:513
sr:174477	Emu, fan fillet, cooked, broiled	usda	154	31.27	0	2.3	1 serving ( 3 oz ):85|1 steak:394
sr:174478	Emu, flat fillet, raw	usda	102	22.25	0	0.74	3 oz:85|1 flat fillet:354
sr:174479	Emu, full rump, raw	usda	112	22.83	0	1.64	3 oz:85|1 full rump:695
sr:174480	Emu, top loin, cooked, broiled	usda	152	29.07	0	3.13	1 serving ( 3 oz ):85|1 steak:244
sr:174481	Ostrich, ground, raw	usda	165	20.22	0	8.7	1 patty:109|4 patty:435
sr:174482	Ostrich, ground, cooked, pan-broiled	usda	175	26.15	0	7.07	1 patty:93|1 serving ( 3 oz ):85
sr:174483	Ostrich, fan, raw	usda	117	21.81	0	2.65	1 serving ( cooked from 4oz raw):85|1 oz:28.4
sr:174484	Ostrich, outside leg, raw	usda	115	22.86	0	1.96	1 serving (cooked from 4 oz raw):85|1 oz:28.4
sr:174485	Ostrich, outside strip, raw	usda	120	23.36	0	2.21	1 serving (cooked from 4 oz raw):85|1 oz:28.4
sr:174486	Ostrich, outside strip, cooked	usda	156	28.55	0	3.83	1 serving ( 3 oz ):85
sr:174487	Ostrich, oyster, raw	usda	125	21.55	0	3.67	1 serving ( cooked from 4 oz raw):85|1 oz:28.4
sr:174488	Ostrich, tip trimmed, cooked	usda	145	28.49	0	2.57	1 serving ( 3 oz ):85
sr:174489	Ostrich, top loin, raw	usda	119	21.67	0	2.95	1 serving (cooked from 4 oz raw):85|1 oz:28.4|1 lb:453
sr:174490	Ostrich, top loin, cooked	usda	155	28.12	0	3.87	1 serving ( 3 oz ):85
sr:174491	Chicken, liver, all classes, cooked, pan-fried	usda	172	25.78	1.11	6.43	3 oz:85|1 liver:44
sr:174492	Turkey, ground, 93% lean, 7% fat, patties, broiled	usda	207	25.86	0	11.45	3 oz:85
sr:174493	Turkey, ground, 85% lean, 15% fat, raw	usda	180	16.9	0	12.54	4 oz:113|1 patty (cooked from 4 oz raw):85|1 lb:453
sr:174494	Turkey, ground, 85% lean, 15% fat, pan-broiled crumbles	usda	258	25.11	0	17.45	3 oz:85
sr:174495	Turkey, ground, 85% lean, 15% fat, patties, broiled	usda	249	25.88	0	16.2	3 oz:85
sr:174496	Chicken, skin (drumsticks and thighs), cooked, roasted	usda	462	16.57	0	43.99	3 oz:85|1 lb:453
sr:174497	Chicken, broilers or fryers, dark meat, drumstick, meat and skin, cooked, braised	usda	187	22.72	0	10.73	3 oz:85|1 drumstick without skin:95|1 drumstick with skin:105
sr:174498	Chicken, broilers or fryers, dark meat, thigh, meat and skin, cooked, braised	usda	229	22.57	0	15.43	3 oz:85|1 thigh without skin:111|1 thigh with skin:129
sr:174499	Chicken, dark meat, drumstick, meat only, with added solution, raw	usda	106	19.19	0	3.26	4 oz:113|1 drumstick with skin:143|1 drumstick without skin:136
sr:174500	Chicken, dark meat, thigh, meat only, with added solution, cooked, roasted	usda	164	24.23	0	7.73	3 oz:85|1 thigh with skin:130|1 thigh without skin:112
sr:174501	Chicken, skin (drumsticks and thighs), with added solution, cooked, braised	usda	403	12.26	1	38.94	3 oz:85
sr:174502	Chicken, skin (drumsticks and thighs), with added solution, raw	usda	386	11.11	0.01	37.9	4 oz:113
sr:174503	Chicken, skin (drumsticks and thighs), with added solution, cooked, roasted	usda	421	20.31	0.44	37.6	3 oz:85
sr:174504	Chicken, dark meat, drumstick, meat and skin, with added solution, cooked, braised	usda	183	21.55	0.13	10.71	3 oz:85|1 drumstick with skin:106|1 drumstick without skin:95
sr:174505	Chicken, dark meat, thigh, meat and skin, with added solution, cooked, roasted	usda	214	23.47	0.09	13.81	3 oz:85|1 thigh with skin:130|1 thigh without skin:112
sr:174506	Chicken, broiler, rotisserie, BBQ, back meat only	usda	212	21.85	0.31	13.87	3 oz:85|1 back:182
sr:174507	Turkey, dark meat from whole, meat only, with added solution, raw	usda	115	19.27	0.1	4.12	4 oz:113
sr:174508	Turkey, dark meat, meat only, with added solution, cooked, roasted	usda	158	26.1	0	6	3 oz:85
sr:174509	Turkey, dark meat from whole, meat and skin, with added solution, raw	usda	169	17.84	0.15	10.83	4 oz:113|1 lb:453
sr:174510	Turkey, dark meat from whole, meat and skin, with added solution, cooked, roasted	usda	199	25.55	0	10.81	3 oz:85
sr:174511	Turkey from whole, light meat, meat and skin, with added solution, raw	usda	147	20.02	0.14	7.42	4 oz:113|1 lb:453
sr:174512	Turkey from whole, light meat, meat and skin, with added solution, cooked, roasted	usda	157	26.52	0	5.64	3 oz:85|1 lb:453
sr:174513	Turkey, retail parts, breast, meat only, with added solution, raw	usda	111	21.99	0	2.53	4 oz:113|1 breast:1171
sr:174514	Turkey, retail parts, breast, meat only, with added solution, cooked, roasted	usda	130	27.94	0	2.08	3 oz:85|1 breast:852
sr:174515	Turkey, retail parts, breast, meat only, raw	usda	114	23.34	0	2.33	4 oz:113|1 breast:1150
sr:174516	Turkey, retail parts, breast, meat only, cooked, roasted	usda	136	29.51	0	1.97	1 breast:863|3 oz:85
sr:174517	Turkey, retail parts, wing, meat only, raw	usda	112	22.48	0	2.49	4 oz:113|1 wing:518
sr:174518	Turkey, retail parts, thigh, meat only, raw	usda	116	20.6	0	3.69	4 oz:113|1 thigh:454
sr:174519	Turkey, breast, from whole bird, meat only, with added solution, roasted	usda	127	26.97	0	2.08	3 oz:85|1 breast:1654
sr:174520	Turkey, back, from whole bird, meat only, with added solution, raw	usda	115	19.27	0.15	4.12	4 oz:113|1 back:1245
sr:174521	Turkey, back, from whole bird, meat only, with added solution, roasted	usda	127	26.97	0	2.08	3 oz:85|1 back:949
sr:174522	Soup, chicken mushroom, canned, condensed	usda	100	1.61	11.95	4.84	0.5 cup:124
sr:174523	Sauce, barbecue	usda	172	0.82	40.77	0.63	1 tbsp:17|0.5 cup:143|1 cup:279
sr:174525	Sauce, homemade, white, medium	usda	147	3.84	9.17	10.63	1 cup:250|0.5 cup:125
sr:174526	Sauce, homemade, white, thick	usda	186	3.99	11.61	13.83	1 cup:250|0.5 cup:125
sr:174527	Sauce, ready-to-serve, pepper or hot	usda	11	0.51	1.75	0.37	1 tsp:4.7|0.25 tsp:1.2
sr:174528	Sauce, ready-to-serve, pepper, TABASCO	usda	12	1.29	0.8	0.76	1 tsp:4.7|0.25 tsp:1.2
sr:174529	Sauce, oyster, ready-to-serve	usda	51	1.35	10.92	0.25	1 tbsp:18
sr:174530	Soup, minestrone, canned, reduced sodium, ready-to-serve	usda	50	2	9	0.8	1 cup:245
sr:174531	Sauce, fish, ready-to-serve	usda	35	5.06	3.64	0.01	1 tbsp:18
sr:174532	Soup, shark fin, restaurant-prepared	usda	46	3.2	3.8	2	1 cup:216
sr:174533	Soup, bean & ham, canned, reduced sodium, prepared with water or ready-to-serve	usda	81	4.19	13.66	1.03	1 cup:245
sr:174534	Split pea soup, canned, reduced sodium, prepared with water or ready-to serve	usda	71	3.85	11.83	0.92	1 cup:253
sr:174535	Split pea with ham soup, canned, reduced sodium, prepared with water or ready-to-serve	usda	68	4	11.4	0.7	1 cup:245
sr:174536	Soup, chicken broth, ready-to-serve	usda	6	0.64	0.44	0.21	1 cup:249
sr:174537	Soup, cream of chicken, canned, prepared with equal volume milk	usda	77	3.01	6.04	4.62	1 cup (8 fl oz):248|1 fl oz:31|1 can (10.75 oz), prepared:602
sr:174538	Soup, vegetable, canned, low sodium, condensed	usda	65	2.2	12.11	0.9	0.5 cup:126
sr:174539	Soup, clam chowder, new england, canned, prepared with equal volume low fat (2%) milk	usda	61	3.24	7.46	2.02	1 serving 1 cup:252|1 fl oz:31.5
sr:174540	Soup, cream of mushroom, canned, prepared with equal volume low fat (2%) milk	usda	65	2.36	5.76	3.58	1 serving 1 cup:252|1 fl oz:31.5
sr:174541	Soup, cream of onion, canned, prepared with equal volume milk	usda	75	2.74	7.4	3.78	1 cup (8 fl oz):248|1 can (10.75 oz), prepared:602
sr:174542	Sauce, white, thin, prepared-from-recipe, with butter	usda	72	3.95	8.29	2.56	
sr:174543	Sauce, sweet and sour, prepared-from-recipe	usda	79	1.84	16.72	0.58	
sr:174544	Sauce, barbecue, KRAFT, original	usda	172	0.74	40.77	0.62	1 tbsp:16|0.5 cup:146|1 cup:283
sr:174545	Soup, HEALTHY CHOICE Chicken Noodle Soup, canned	usda	41	3.69	5.2	0.63	1 serving 1 cup:243
sr:174546	Soup, tomato, canned, prepared with equal volume low fat (2%) milk	usda	55	2.42	9.82	1.24	1 serving 1 cup:252|1 fl oz:31.5
sr:174547	CAMPBELL'S, Tomato Soup, condensed	usda	71	1.46	15.22	0.44	0.5 cup condensed:124
sr:174548	CAMPBELL'S CHUNKY, Classic Chicken Noodle Soup	usda	47	3.41	5.41	1.3	1 cup:243|1 can:526
sr:174549	Soup, cream of asparagus, canned, prepared with equal volume water	usda	35	0.94	4.38	1.68	1 cup (8 fl oz):244|1 can (10.75 oz), prepared:593
sr:174550	Soup, cheese, canned, prepared with equal volume water	usda	63	2.19	4.26	4.24	1 cup (8 fl oz):247|1 can (11 oz), prepared:600
sr:174551	Soup, chicken broth, canned, prepared with equal volume water	usda	16	2.02	0.38	0.57	1 cup (8 fl oz):244|1 can (10.75 oz), prepared:593
sr:174552	CAMPBELL'S CHUNKY, Hearty Beef Barley Soup	usda	56	2.89	8.98	0.92	1 cup:206|1 can:527
sr:174553	Soup, cream of chicken, canned, prepared with equal volume water	usda	48	1.41	3.8	3.02	1 cup:244|1 fl oz:30.5|1 can (10.75 oz), prepared:593
sr:174554	Soup, clam chowder, manhattan, canned, prepared with equal volume water	usda	30	0.85	4.77	0.86	1 serving 1 cup:249|1 fl oz:31.1
sr:174555	Soup, clam chowder, new england, canned, prepared with equal volume water	usda	35	1.55	5.05	1.01	1 serving 1 cup:248|1 fl oz:31
sr:174556	CAMPBELL'S CHUNKY, New England Clam Chowder	usda	81	2.46	9.01	3.85	1 cup:251|1 can:519
sr:174557	Soup, beef broth, bouillon, consomme, prepared with equal volume water	usda	12	2.22	0.73	0	1 cup (8 fl oz):241|1 can (10.5 oz), prepared:586
sr:174558	Soup, mushroom with beef stock, canned, prepared with equal volume water	usda	35	1.29	3.81	1.65	1 cup (8 fl oz):244|1 can (10.75 oz), prepared:593
sr:174559	Soup, cream of onion, canned, prepared with equal volume water	usda	44	1.13	5.2	2.16	1 cup (8 fl oz):244|1 can (10.75 oz), prepared:593
sr:174560	Soup, oyster stew, canned, prepared with equal volume water	usda	24	0.87	1.69	1.59	1 cup (8 fl oz):241|1 can (10.5 oz), prepared:586
sr:174561	Soup, pea, green, canned, prepared with equal volume water	usda	61	3.2	9.88	1.09	1 serving 1 cup:259|1 fl oz:32.4
sr:174562	Soup, turkey noodle, canned, prepared with equal volume water	usda	28	1.6	3.54	0.82	1 cup:244|1 fl oz:30.5|1 can (10.75 oz), prepared:593
sr:174563	Soup, turkey vegetable, canned, prepared with equal volume water	usda	30	1.28	3.58	1.26	1 cup (8 fl oz):241|1 fl oz:30.1|1 can (10.5 oz), prepared:586
sr:174564	Soup, vegetarian vegetable, canned, prepared with equal volume water	usda	28	0.86	4.89	0.79	1 cup:241|1 can (10.5 oz), prepared:586
sr:174565	Soup, vegetable beef, canned, prepared with equal volume water	usda	31	2.23	4.06	0.76	1 cup (8 fl oz):244|1 can (10.75 oz), prepared:593
sr:174566	Soup, chicken broth cubes, dry, prepared with water	usda	5	0.39	0.62	0.12	1 cup (8 fl oz):243|1 cube (6 fl oz prepared):182
sr:174567	Soup, cream of chicken, dry, mix, prepared with water	usda	41	0.68	5.11	2.04	1 cup 8 fl oz:261|1 fl oz:32.6
sr:174568	Soup, onion, dry, mix, prepared with water	usda	12	0.32	2.77	0.01	1 serving 1 cup:230|1 fl oz:28.7
sr:174569	Soup, tomato, dry, mix, prepared with water	usda	38	0.93	7.17	0.61	1 cup 8 fl oz:265
sr:174570	Roast beef, deli style, prepackaged, sliced	usda	115	18.62	0.64	3.69	1 slice oval:9.3|1 slice rectangle:13.8
sr:174571	Luncheon meat, pork, canned	usda	334	12.5	2.1	30.3	1 oz:28.4|1 slice (4-1/4" x 4-1/4" x 1/16"):21
sr:174572	Turkey breast, low salt, prepackaged or deli, luncheon meat	usda	109	21.81	3.51	0.83	1 slice:28|1 slice NFS:28|1 cup wafer slices or shaved:81|1 cubic inch:14|2 oz:57
sr:174573	Mortadella, beef, pork	usda	311	16.37	3.05	25.39	1 oz:28.4|1 slice (15 per 8 oz package):15
sr:174574	Peppered loaf, pork, beef	usda	149	17.3	4.53	6.37	3.52 slices:100
sr:174575	Pepperoni, beef and pork, sliced	usda	504	19.25	1.18	46.28	3 oz:85|1 piece:2|1 oz:28
sr:174576	Pickle and pimiento loaf, pork	usda	225	11.23	8.46	15.95	1 slice:38|2 slices:57
sr:174577	Polish sausage, pork	usda	326	14.1	1.63	28.72	3 oz:85|1 sausage (10" long x 1-1/4" dia):227
sr:174578	Pork sausage, link/patty, cooked, pan-fried	usda	325	18.53	1.42	27.25	1 patty:27|1 link:23|1 serving:48
sr:174579	Sausage, pork and beef, fresh, cooked	usda	396	13.8	2.7	36.25	1 link (raw dimensions 4" long x 7/8" dia), cooked:13|1 patty, cooked (raw dimensions 3-7/8" dia x 1/4" thick):27
sr:174580	Sausage, turkey, reduced fat, brown and serve, cooked	usda	204	17	10.92	10.3	1 cup:128
sr:174581	Poultry salad sandwich spread	usda	200	11.64	7.41	13.52	1 tbsp:13|1 oz:28.4
sr:174582	Salami, dry or hard, pork, beef	usda	378	21.07	0.72	31.65	1 slice:9.8|1 oz:28|3 slices 1 serving:27
sr:174583	Sandwich spread, pork, beef	usda	235	7.66	11.94	17.34	1 tbsp:15|1 oz:28.4
sr:174584	Sausage, smoked link sausage, pork	usda	309	11.98	0.94	28.23	1 link (4" long x 1-1/8" dia):68|1 link, little (2" long x 3/4" dia):16
sr:174585	Sausage, smoked link sausage, pork and beef	usda	320	12	2.42	28.73	3 oz:85
sr:174587	Luncheon sausage, pork and beef	usda	260	15.38	1.58	20.9	1 slice (4" dia x 1/8" thick):23|1 oz:28.4
sr:174588	Sausage, New england brand, pork, beef	usda	161	17.27	4.83	7.58	1 slice (4" dia x 1/8" thick):23|1 oz:28.4
sr:174589	Oscar Mayer, Bologna (beef)	usda	316	11.05	2.45	29.1	1 serving (1 slice):28
sr:174590	Oscar Mayer, Smokies Sausage Little Cheese (pork, turkey)	usda	315	13.5	1.7	28.2	1 link:9|1 serving:57
sr:174591	Oscar Mayer, Wieners (beef franks)	usda	329	11.35	2.78	30.26	1 serving:45
sr:174592	Bacon, turkey, unprepared	usda	226	15.94	1.89	16.93	1 serving:14|1 slice 12 oz pkg:16|1 slice 6 oz pkg:9.8
sr:174593	Hormel Pillow Pak Sliced Turkey Pepperoni	usda	243	30.99	3.78	11.52	1 serving:30
sr:174594	Luncheon meat, pork and chicken, minced, canned, includes Spam Lite	usda	196	15.23	1.35	13.9	2 oz (1 serving):56
sr:174595	Bratwurst, veal, cooked	usda	341	13.99	0	31.7	1 serving 2.96 oz:84
sr:174596	Liverwurst spread	usda	305	12.38	5.89	25.45	0.25 cup:55
sr:174597	Roast beef spread	usda	223	15.27	3.73	16.28	1 serving .25 cup:57
sr:174598	Salami, pork, beef, less sodium	usda	396	15.01	15.38	30.5	3.52 oz:100
sr:174599	Sausage, summer, pork and beef, sticks, with cheddar cheese	usda	426	19.43	1.82	37.91	1 oz:28.4
sr:174601	Swisswurst, pork and beef, with swiss cheese, smoked	usda	307	12.69	1.6	27.37	1 serving 2.7 oz:77
sr:174602	Bacon and beef sticks	usda	517	29.1	0.8	44.2	1 oz:28
sr:174603	Salami, Italian, pork	usda	425	21.7	1.2	37	1 oz:28
sr:174604	Sausage, Italian, turkey, smoked	usda	158	15.05	4.65	8.75	1 serving 2 oz:56
sr:174605	Sausage, chicken, beef, pork, skinless, smoked	usda	216	13.6	8.1	14.3	1 link:84
sr:174606	Sausage, turkey, hot, smoked	usda	158	15.05	4.65	8.75	2 oz:56
sr:174607	Kielbasa, Polish, turkey and beef, smoked	usda	226	13.1	3.9	17.6	1 serving 2 oz:56
sr:174608	Chicken breast, roll, oven-roasted	usda	134	14.59	1.79	7.65	1 serving 2 oz:56
sr:174609	Bologna, pork and turkey, lite	usda	211	13.06	3.45	16.06	1 serving 2 oz:56
sr:174610	Bologna, pork, turkey and beef	usda	336	11.56	6.66	29.25	1 oz:28.4
sr:174611	Ham, honey, smoked, cooked	usda	122	17.93	7.27	2.37	1.94 oz (1 serving):55
sr:174612	Turkey, breast, smoked, lemon pepper flavor, 97% fat-free	usda	95	20.9	1.31	0.69	1 slice:28
sr:174613	Turkey, white, rotisserie, deli cut	usda	112	13.5	7.7	3	1.69 oz (1 serving):48
sr:174614	Frankfurter, beef, heated	usda	322	11.69	2.66	29.36	1 frankfurter:48|1 package:451
sr:174615	Frankfurter, meat, heated	usda	278	9.77	4.9	24.31	1 serving (1 hot dog):52
sr:174617	Sausage, turkey, fresh, raw	usda	155	18.79	0.47	8.08	1 serving:57
sr:174618	Sausage, beef, fresh, cooked	usda	332	18.21	0.35	27.98	1 serving:43
sr:174619	Cereals ready-to-eat, MALT-O-MEAL, COCO-ROOS	usda	389	3.41	86.75	4.61	0.75 cup (1 NLEA serving):30
sr:174620	Cereals ready-to-eat, QUAKER, QUAKER OAT CINNAMON LIFE	usda	374	9.14	79.02	4.1	0.75 cup (1 NLEA serving):32
sr:174621	Cereals ready-to-eat, QUAKER, HONEY GRAHAM OH!S	usda	412	3.92	83.65	7.63	0.75 cup (1 NLEA serving):27
sr:174622	Cereals ready-to-eat, QUAKER, Oatmeal Squares	usda	379	11.38	77.77	4.83	1 cup (1 NLEA serving):56
sr:174623	Cereals ready-to-eat, QUAKER, Oatmeal Squares, cinnamon	usda	379	11.23	78.09	4.88	1 cup (1 NLEA serving):56
sr:174624	Cereals, QUAKER, Instant Oatmeal, fruit and cream variety, dry	usda	379	8.3	75.42	6.37	1 packet:35
sr:174625	Cereals, QUAKER, Instant Oatmeal, raisins, dates and walnuts, dry	usda	371	8.82	72.41	6.98	1 packet:37
sr:174626	Cereals, QUAKER, Oat Bran, QUAKER/MOTHER'S Oat Bran, dry	usda	364	17.03	62.94	7.97	0.5 cup (1 NLEA serving):40
sr:174627	Cereals, QUAKER, Oat Bran, QUAKER/MOTHER'S Oat Bran, prepared with water, no salt	usda	43	2.03	7.49	0.95	
sr:174628	Cereals ready-to-eat, Post, Waffle Crisp	usda	390	6.6	83	5	1 cup (1 NLEA serving):30
sr:174629	Cereals, QUAKER, hominy grits, white, quick, dry	usda	348	8.8	79.6	1.2	0.25 cup:37
sr:174630	Cereals, QUAKER, hominy grits, white, regular, dry	usda	361	8.8	79.2	1.6	0.25 cup (1 NLEA serving):41
sr:174631	Cereals ready-to-eat, MALT-O-MEAL, COLOSSAL CRUNCH	usda	401	3.64	81.59	5.28	0.75 cup (1 NLEA serving):30
sr:174632	Cereals ready-to-eat, QUAKER, MOTHER'S Cinnamon Oat Crunch	usda	382	10.6	79.79	4.56	1 cup (1 NLEA serving):60
sr:174633	Cereals ready-to-eat, QUAKER, MOTHER'S GRAHAM BUMPERS	usda	379	4.55	88.89	1.45	0.75 cup (1 NLEA serving):28
sr:174634	Cereals ready-to-eat, QUAKER, MOTHER'S COCOA BUMPERS	usda	382	4.21	89.91	1.61	1 cup (1 NLEA serving):33
sr:174635	Cereals ready-to-eat, SUN COUNTRY, KRETSCHMER Toasted Wheat Bran	usda	200	17.56	59.51	5.16	0.25 cup (1 NLEA serving):16
sr:174636	Cereals, QUAKER, Instant Oatmeal, Cinnamon-Spice, dry	usda	369	10.39	74.52	5.1	1 packet (1 NLEA serving):43
sr:174637	Cereals, QUAKER, Instant Oatmeal, DINOSAUR EGGS, Brown Sugar, dry	usda	384	8.69	73.68	7.59	1 packet (1 NLEA serving):50
sr:174638	Cereals, QUAKER, Instant Oatmeal, Banana Bread, dry	usda	368	8.97	75.7	4.85	1 packet (1 NLEA serving):41
sr:174639	Cereals ready-to-eat, UNCLE SAM CEREAL	usda	346	15.98	65.78	11.6	0.75 cup (1 NLEA serving):55
sr:174640	Cereals, QUAKER, Quick Oats with Iron, Dry	usda	371	13.7	68.18	6.87	0.5 cup:40
sr:174641	Cereals, QUAKER, Whole Wheat Natural Cereal, dry	usda	333	11.8	74.8	2	0.5 cup:40
sr:174642	Cereals ready-to-eat, MALT-O-MEAL, Honey BUZZERS	usda	379	3.45	89.66	1.72	1.33 cup:29
sr:174643	Cereals ready-to-eat, MALT-O-MEAL, GOLDEN PUFFS	usda	370	5.77	89.72	0.89	0.75 cup (1 NLEA serving):27|1 cup:37
sr:174644	Cereals ready-to-eat, MOM'S BEST, Honey Nut TOASTY O'S	usda	388	8.6	79.84	4.51	1 cup (1 NLEA serving):30
sr:174645	Cereals ready-to-eat, MALT-O-MEAL, Apple ZINGS	usda	390	4.51	87.3	2.71	1 cup (1 NLEA serving):33
sr:174646	Cereals ready-to-eat, MALT-O-MEAL, CINNAMON TOASTERS	usda	425	3.32	78.33	12.06	0.75 cup (1 NLEA serving):30
sr:174647	Cereals ready-to-eat, MALT-O-MEAL, Cocoa DYNO-BITES	usda	397	4.15	87.93	3.43	0.75 cup (1 NLEA serving):29
sr:174648	Cereals ready-to-eat, RALSTON Corn Flakes	usda	384	5.9	88.01	0.91	1 cup (1 NLEA serving):28
sr:174649	Cereals ready-to-eat, RALSTON Crispy Hexagons	usda	379	5.94	86.78	0.95	1 cup (1 NLEA serving):29
sr:174650	Milk and cereal bar	usda	413	6.47	72.05	10.98	1 bar:25
sr:174651	Cereals, MALT-O-MEAL, original, plain, prepared with water, without salt	usda	48	1.67	10.09	0.09	1 serving (3 T dry cereal plus 1 cup water):268
sr:174652	Cereals ready-to-eat, QUAKER, Christmas Crunch	usda	397	4.44	85.92	4.83	0.75 cup (1 NLEA serving):26
sr:174653	Cereals ready-to-eat, POST SELECTS Maple Pecan Crunch	usda	413	8.5	77.4	8.7	0.75 cup (1 NLEA serving):52
sr:174654	Cereals ready-to-eat, NATURE'S PATH, Organic FLAX PLUS, Pumpkin Granola	usda	467	11.23	66.1	18.33	0.75 cup (1 NLEA serving):55
sr:174655	Cereals, CREAM OF WHEAT, 2 1/2 minute cook time, dry	usda	355	11.61	71.79	1.41	3 tablespoon (1 NLEA serving):33|1 tbsp:13.8|1 cup:174
sr:174656	Incaparina, dry mix (corn and soy flours), unprepared	usda	379	21.75	60.53	5.58	1 tbsp:8.9|1 cup:128
sr:174657	Cereals ready-to-eat, QUAKER, CAP'N CRUNCH'S Halloween Crunch	usda	402	4.41	85.14	5.66	0.75 cup (1 NLEA serving):26
sr:174658	Cereals ready-to-eat, QUAKER, Natural Granola Apple Cranberry Almond	usda	418	9.21	74.73	11.06	0.5 cup (1 NLEA serving):49
sr:174659	Cereals ready-to-eat, QUAKER, Maple Brown Sugar LIFE Cereal	usda	373	9.17	78.86	4.06	0.75 cup (1 NLEA serving):32
sr:174660	Cereals, QUAKER, Instant Oatmeal Organic, Regular	usda	367	16	67	6.3	1 packet:41
sr:174661	Cereals, QUAKER, Instant Oatmeal, fruit and cream, variety of flavors, reduced sugar	usda	376	10.16	71.57	7.46	1 packet:33
sr:174662	Cereals, QUAKER, Instant Oatmeal, Apple and Cinnamon, reduced sugar	usda	358	10.29	72.17	5.64	1 packet (1 NLEA serving):31
sr:174663	Cereals ready-to-eat, POST, HONEY BUNCHES OF OATS, pecan bunches	usda	399	7	82	5.4	0.75 cup (1 NLEA serving):29
sr:174664	Cereals ready-to-eat, MALT-O-MEAL, CHOCOLATE MARSHMALLOW MATEYS	usda	392	3.5	88.18	3.67	0.75 cup (1 NLEA serving):30
sr:174666	Figs, dried, stewed	usda	107	1.42	27.57	0.4	1 cup:259
sr:174667	Fruit cocktail, (peach and pineapple and pear and grape and cherry), canned, water pack, solids and liquids	usda	32	0.42	8.51	0.05	1 cup:237
sr:174668	Fruit cocktail, (peach and pineapple and pear and grape and cherry), canned, juice pack, solids and liquids	usda	46	0.46	11.86	0.01	1 cup:237
sr:174669	Fruit salad, (peach and pear and apricot and pineapple and cherry), canned, water pack, solids and liquids	usda	30	0.35	7.87	0.07	1 cup:245
sr:174670	Fruit salad, (peach and pear and apricot and pineapple and cherry), canned, juice pack, solids and liquids	usda	50	0.51	13.05	0.03	1 cup:249
sr:174671	Fruit salad, (peach and pear and apricot and pineapple and cherry), canned, light syrup, solids and liquids	usda	58	0.34	15.14	0.07	1 cup:252
sr:174672	Fruit salad, (peach and pear and apricot and pineapple and cherry), canned, extra heavy syrup, solids and liquids	usda	88	0.33	22.77	0.06	1 cup:259
sr:174673	Grapefruit, raw, pink and red, all areas	usda	42	0.77	10.66	0.14	1 cup sections, with juice:230|0.5 fruit (3-3/4" dia):123|1 NLEA serving:154
sr:174674	Grapefruit, raw, pink and red, California and Arizona	usda	37	0.5	9.69	0.1	1 cup sections, with juice:230|0.5 fruit (3-3/4" dia):123
sr:174675	Grapefruit, raw, pink and red, Florida	usda	30	0.55	7.5	0.1	1 cup sections, with juice:230|0.5 fruit (3-3/4" dia):123
sr:174676	Grapefruit, raw, white, all areas	usda	33	0.69	8.41	0.1	1 cup sections, with juice:230|0.5 fruit (3-3/4" dia):118
sr:174677	Grapefruit, raw, white, California	usda	37	0.88	9.09	0.1	1 cup sections, with juice:230|0.5 fruit (3-3/4" dia):118
sr:174679	Grapefruit juice, white, canned, sweetened	usda	46	0.58	11.13	0.09	1 cup:250|1 fl oz:31.2
sr:174680	Grapefruit juice, white, frozen concentrate, unsweetened, undiluted	usda	146	1.97	34.56	0.48	1 can (6 fl oz):207
sr:174681	Grapefruit juice, white, frozen concentrate, unsweetened, diluted with 3 volume water	usda	41	0.55	9.73	0.13	1 cup:247|1 fl oz:30.9
sr:174682	Grapes, american type (slip skin), raw	usda	67	0.63	17.15	0.35	1 cup:92|1 grape:2.4
sr:174683	Grapes, red or green (European type, such as Thompson seedless), raw	usda	69	0.72	18.1	0.16	1 cup:151|1 grapes:49|1 NLEA serving:126
sr:174684	Grapes, canned, thompson seedless, water pack, solids and liquids	usda	40	0.5	10.3	0.11	1 cup:245
sr:174685	Grapes, canned, thompson seedless, heavy syrup pack, solids and liquids	usda	76	0.48	19.65	0.1	1 cup:256
sr:174686	Guava sauce, cooked	usda	36	0.32	9.48	0.14	1 cup:238
sr:174687	Jackfruit, raw	usda	95	1.72	23.25	0.64	1 cup, sliced:165|1 cup 1" pieces:151
sr:174688	Beef, top loin filet, boneless, separable lean only, trimmed to 1/8" fat, all grades, cooked, grilled	usda	195	29.33	0.3	8.54	3 oz:85|1 fillet:135
sr:174689	Beef, top loin filet, boneless, separable lean only, trimmed to 1/8" fat, choice, cooked, grilled	usda	203	28.99	0.36	9.48	3 oz:85|1 fillet:135
sr:174690	Beef, top loin filet, boneless, separable lean only, trimmed to 1/8" fat, select, cooked, grilled	usda	184	29.85	0.2	7.12	3 oz:85|1 fillet:135
sr:174691	Beef, top loin petite roast/filet, boneless, separable lean only, trimmed to 1/8" fat, choice, raw	usda	149	22.5	0.23	6.48	4 oz:113|1 fillet:178|1 roast:844
sr:174692	Beef, top loin petite roast/filet, boneless, separable lean only, trimmed to 1/8" fat, select, raw	usda	135	22.77	0	4.88	4 oz:113|1 fillet:166|1 roast:866
sr:174693	Beef, loin, top sirloin filet, boneless, separable lean only, trimmed to 0" fat, all grades, cooked, grilled	usda	171	30.58	0	5.37	3 oz:85|1 fillet:121
sr:174694	Beef, loin, top sirloin filet, boneless, separable lean only, trimmed to 0" fat, choice, cooked, grilled	usda	174	30.45	0	5.83	3 oz:85|1 fillet:124
sr:174695	Beef, loin, top sirloin petite roast/filet, boneless, separable lean only, trimmed to 0" fat, select, raw	usda	122	23.05	0	3.35	4 oz:113|1 fillet:186|1 roast:955
sr:174696	Beef, ribeye petite roast/filet, boneless, separable lean only, trimmed to 0" fat, all grades, raw	usda	133	22.66	0.04	4.66	4 oz:113|1 fillet:164|1 roast:901
sr:174697	Beef, ribeye petite roast/filet, boneless, separable lean only, trimmed to 0" fat, choice, raw	usda	138	22.52	0.18	5.29	4 oz:113|1 fillet:163|1 roast:938
sr:174698	Beef, ribeye petite roast/filet, boneless, separable lean only, trimmed to 0" fat, select, raw	usda	125	22.89	0	3.72	4 oz:113|1 fillet:167|1 roast:847
sr:174699	Beef, ribeye cap steak, boneless, separable lean only, trimmed to 0" fat, choice, raw	usda	187	19.46	1.75	11.4	4 oz:113|1 steak:249
sr:174700	Beef, ribeye cap steak, boneless, separable lean only, trimmed to 0" fat, select, raw	usda	169	20.05	1.15	9.39	4 oz:113|1 steak:267
sr:174701	Beef, ribeye filet, boneless, separable lean only, trimmed to 0" fat, all grades, cooked, grilled	usda	199	28.77	0.17	9.2	3 oz:85|1 fillet:135
sr:174702	Beef, ribeye filet, boneless, separable lean only, trimmed to 0" fat, choice, cooked, grilled	usda	208	28.35	0.51	10.26	3 oz:85|1 fillet:138
sr:174703	Beef, ribeye filet, boneless, separable lean only, trimmed to 0" fat, select, cooked, grilled	usda	186	29.39	0	7.61	3 oz:85|1 fillet:129
sr:174704	Beef, loin, top sirloin cap steak, boneless, separable lean and fat, trimmed to 1/8" fat, choice, cooked, grilled	usda	238	26.3	1.1	14.3	3 oz:85|1 steak:165
sr:174705	Beef, loin, top sirloin cap steak, boneless, separable lean and fat, trimmed to 1/8" fat, select, cooked, grilled	usda	249	25.5	0.4	16.1	3 oz:85|1 steak:156
sr:174706	Beef, loin, top sirloin cap steak, boneless, separable lean and fat, trimmed to 1/8" fat, all grades, raw	usda	191	19.9	0	12.4	4 oz:113|1 steak:223
sr:174707	Beef, loin, top sirloin cap steak, boneless, separable lean and fat, trimmed to 1/8" fat, choice, raw	usda	199	19.7	0	13.4	4 oz:113|1 steak:238
sr:174708	Beef, top loin petite roast, boneless, separable lean and fat, trimmed to 1/8" fat, all grades, cooked, roasted	usda	228	27	1	12.9	3 oz:85|1 roast:634
sr:174709	Beef, top loin petite roast, boneless, separable lean and fat, trimmed to 1/8" fat, choice, cooked, roasted	usda	239	26.8	1.1	14.1	3 oz:85|1 roast:677
sr:174710	Beef, top loin petite roast, boneless, separable lean and fat, trimmed to 1/8" fat, select, cooked, roasted	usda	213	27.1	0.9	11.2	3 oz:85|1 roast:571
sr:174711	Beef, top loin petite roast/filet, boneless, separable lean and fat, trimmed to 1/8" fat, all grades, raw	usda	187	21.1	0.3	11.3	4 oz:113|1 fillet:173|1 roast:852
sr:174712	Beef, loin, top loin steak, boneless, lip-on, separable lean and fat, trimmed to 1/8" fat, choice, cooked, grilled	usda	275	25.69	0	19.19	3 oz:85|1 steak:236
sr:174713	Beef, loin, top loin steak, boneless, lip-on, separable lean and fat, trimmed to 1/8" fat, select, cooked, grilled	usda	247	26.92	0	15.44	3 oz:85|1 steak:234
sr:174714	Beef, loin, top loin steak, boneless, lip-on, separable lean and fat, trimmed to 1/8" fat, all grades, cooked, grilled	usda	264	26.18	0	17.69	3 oz:85|1 steak:235
sr:174715	Beef, New Zealand, imported, bolar blade, separable lean only, cooked, fast roasted	usda	193	33.53	0	6.57	3 oz:85
sr:174716	Beef, New Zealand, imported, bolar blade, separable lean only, raw	usda	129	22.09	0	4.49	4 oz:113
sr:174717	Beef, New Zealand, imported, brisket navel end, separable lean only, cooked, braised	usda	265	29.35	0	16.37	3 oz:85
sr:174718	Beef, New Zealand, imported, brisket navel end, separable lean only, raw	usda	194	19.74	0	12.75	4 oz:113
sr:174719	Beef, New Zealand, imported, cube roll, separable lean only, cooked, fast roasted	usda	239	30.09	0	13.22	3 oz:85
sr:174720	Beef, New Zealand, imported, cube roll, separable lean only, raw	usda	161	19.77	1.38	8.51	4 oz:113
sr:174721	Beef, New Zealand, imported, eye round, separable lean only, cooked, slow roasted	usda	164	29.68	0	4.98	3 oz:85
sr:174722	Beef, New Zealand, imported, eye round, separable lean only, raw	usda	116	20.15	1.35	3.35	4 oz:113
sr:174723	Beef, New Zealand, imported, variety meats and by-products, heart, raw	usda	105	18.52	0	3.4	4 oz:113
sr:174724	Beef, New Zealand, imported, hind shin, separable lean only, cooked, braised	usda	167	31.23	0	4.64	3 oz:85
sr:174725	Beef, New Zealand, imported, hind shin, separable lean only, raw	usda	114	21.46	0	3.12	4 oz:113
sr:174726	Beef, New Zealand, imported, inside, raw	usda	128	22.16	0.1	4.36	4 oz:113
sr:174727	Beef, New Zealand, imported, variety meats and by-products, kidney, raw	usda	87	15.68	0	2.64	4 oz:113
sr:174728	Beef, New Zealand, imported, variety meats and by-products liver, cooked, boiled	usda	150	23.3	3.78	4.68	3 oz:85
sr:174729	Beef, New Zealand, imported, variety meats and by-products, liver, raw	usda	133	20.5	3.6	4.05	4 oz:113
sr:174730	Beef, New Zealand, imported, manufacturing beef, cooked, boiled	usda	126	24.21	0	3.26	3 oz:85
sr:174731	Beef, New Zealand, imported, ribs prepared, raw	usda	146	21.31	0	6.78	4 oz:113
sr:174732	Beef, New Zealand, imported, rump centre, separable lean only, cooked, fast fried	usda	188	30.17	0	7.48	3 oz:85
sr:174733	Beef, New Zealand, imported, striploin, separable lean only, cooked, fast fried	usda	217	28.53	0	11.4	3 oz:85
sr:174734	Beef, New Zealand, imported, striploin, separable lean only, raw	usda	150	20.93	0.74	7	4 oz:113
sr:174735	Beef, New Zealand, imported, oyster blade, separable lean and fat, raw	usda	178	21.27	0	10.31	4 oz:113
sr:174736	Beef, New Zealand, imported, tenderloin, separable lean only, raw	usda	140	21.19	0	6.1	4 oz:113
sr:174737	Beef, New Zealand, imported, variety meats and by-products, tongue, cooked, boiled	usda	271	18.31	3.68	20.34	3 oz:85
sr:174738	Beef, New Zealand, imported, variety meats and by-products, tongue, raw	usda	243	17.77	0	19.09	4 oz:113
sr:174739	Beef, New Zealand, imported, brisket navel end, separable lean and fat, cooked, braised	usda	453	20.14	0	41.33	3 oz:85
sr:174740	Beef, New Zealand, imported, brisket navel end, separable lean and fat, raw	usda	345	15.81	0	31.27	4 oz:113
sr:174741	Beef, New Zealand, imported, brisket point end, separable lean and fat, cooked, braised	usda	250	31.94	0	13.6	3 oz:85
sr:174742	Beef, New Zealand, imported, brisket point end, separable lean and fat, raw	usda	163	20.05	0	9.23	4 oz:113
sr:174743	Beef, New Zealand, imported, eye round, separable lean and fat, cooked, slow roasted	usda	168	29.49	0	5.57	3 oz:85
sr:174744	Beef, New Zealand, imported, eye round, separable lean and fat, raw	usda	129	19.88	1.32	4.92	4 oz:113
sr:174745	Beef, New Zealand, imported, flank, separable lean and fat, cooked, braised	usda	208	30.13	0	9.73	3 oz:85
sr:174746	Beef, New Zealand, imported, flank, separable lean and fat, raw	usda	161	20.12	0	8.9	4 oz:113
sr:174747	Beef, New Zealand, imported, flat, separable lean and fat, cooked, braised	usda	252	31.86	0	13.79	3 oz:85
sr:174748	Beef, New Zealand, imported, rump centre, separable lean and fat, cooked, fast fried	usda	192	30.01	0	7.96	3 oz:85
sr:174749	Beef, New Zealand, imported, rump centre, separable lean only, raw	usda	141	21.74	0	6.05	4 oz:113
sr:174750	Beef, New Zealand, imported, rump centre, separable lean and fat, raw	usda	145	21.65	0	6.5	4 oz:113
sr:174751	Beef, New Zealand, imported, striploin, separable lean and fat, cooked, fast fried	usda	301	24.89	0.02	22.33	3 oz:85
sr:174752	Beef, ground, 93% lean meat / 7% fat, patty, cooked, broiled	usda	193	26.22	0	8.94	3 oz:85
sr:174753	Beef, ground, 93% lean meat /7% fat, patty, cooked, pan-broiled	usda	182	25.56	0.06	8.01	3 oz:85
sr:174754	Beef, ground, 93% lean meat / 7% fat, loaf, cooked, baked	usda	192	27.03	0	8.43	3 oz:85
sr:174755	Beef, ground, 93% lean meat / 7% fat, crumbles, cooked, pan-browned	usda	209	28.88	0	9.51	3 oz:85
sr:174756	Beef, ground, 97% lean meat / 3% fat, crumbles, cooked, pan-browned	usda	175	29.46	0	5.46	3 oz:85
sr:174757	Beef, composite of trimmed retail cuts, separable lean and fat, trimmed to 0" fat, all grades, raw	usda	167	20.95	0	9.3	4 oz:113
sr:174758	Beef, composite of trimmed retail cuts, separable lean only, trimmed to 1/8" fat, all grades, raw	usda	140	22.15	0	5.38	3 oz:85
sr:174759	Beef, composite of trimmed retail cuts, separable lean only, trimmed to 1/8" fat, all grades, cooked	usda	194	28.95	0	8.15	3 oz:85
sr:174760	Beef, composite of trimmed retail cuts, separable lean only, trimmed to 0" fat, all grades, raw	usda	138	22.15	0	5.54	4 oz:113
sr:174761	Beef, rib, small end (ribs 10-12), separable lean only, trimmed to 1/8" fat, choice, raw	usda	148	22.12	0	5.91	4 oz:113|1 lb:453.6
sr:174762	Beef, tenderloin, steak, separable lean only, trimmed to 1/8" fat, choice, raw	usda	158	22.17	0	7.07	4 oz:113|1 lb:453.6
sr:174763	Beef, top sirloin, steak, separable lean only, trimmed to 1/8" fat, choice, raw	usda	135	21.91	0	4.62	4 oz:113|1 lb:453.6
sr:174764	Beef, rib, small end (ribs 10-12), separable lean only, trimmed to 1/8"fat, choice, cooked, broiled	usda	202	28.29	0	9.05	3 oz:85|1 lb:453.6
sr:174765	Beef, chuck, arm pot roast, separable lean only, trimmed to 1/8" fat, select, raw	usda	125	22.26	0	3.32	4 oz:113|1 lb:453.6
sr:174766	Beef, brisket, flat half, separable lean only, trimmed to 1/8" fat, select, raw	usda	124	21.45	0	3.61	4 oz:113|1 lb:453.6
sr:174767	Beef, chuck, arm pot roast, separable lean only, trimmed to 1/8" fat, select, cooked, braised	usda	205	34.6	0	6.35	3 oz:85|1 lb:453.6
sr:174768	Beef, brisket, flat half, separable lean only, trimmed to 1/8" fat, select, cooked, braised	usda	189	33.18	0	5.21	3 oz:85|1 lb:453.6
sr:174769	Beef, variety meats and by-products, tripe, cooked, simmered	usda	94	11.71	1.99	4.05	3 oz:85|1 serving:85
sr:174770	Beef, bottom sirloin, tri-tip roast, separable lean only, trimmed to 0" fat, all grades, raw	usda	142	21.26	0	5.63	4 oz:113|1 roast:261
sr:174771	Beef, bottom sirloin, tri-tip roast, separable lean only, trimmed to 0" fat, choice, cooked, roasted	usda	193	26.34	0	9.73	3 oz:85|1 roast:591
sr:174772	Beef, bottom sirloin, tri-tip roast, separable lean only, trimmed to 0" fat, choice, raw	usda	154	21.17	0	7.06	4 oz:113|1 roast:271
sr:174773	Beef, bottom sirloin, tri-tip roast, separable lean only, trimmed to 0" fat, select, cooked, roasted	usda	179	27.17	0	6.95	3 oz:85|1 roast (yield from 666 g raw meat):547
sr:174774	Beef, flank, steak, separable lean only, trimmed to 0" fat, all grades, cooked, broiled	usda	186	27.89	0	7.4	3 oz:85|1 steak:383
sr:174775	Beef, flank, steak, separable lean only, trimmed to 0" fat, select, cooked, broiled	usda	178	27.96	0	6.48	3 oz:85|1 steak (yield from 467 g raw meat):379
sr:174776	Beef, flank, steak, separable lean only, trimmed to 0" fat, all grades, raw	usda	141	21.57	0	5.47	4 oz:113|1 steak:188
sr:174777	Beef, flank, steak, separable lean only, trimmed to 0" fat, select, raw	usda	137	21.43	0	5	4 oz:113|1 steak:173
sr:174778	Snacks, popcorn, microwave, low fat	usda	424	12.6	72	9.5	1 oz:28.4
sr:174779	Snacks, candy rolls, yogurt-covered, fruit flavored with high vitamin C	usda	359	0.46	74.64	6.53	1 Roll:23
sr:174780	Formulated bar, MARS SNACKFOOD US, SNICKERS MARATHON Chewy Chocolate Peanut Bar	usda	396	24.29	47.24	13.12	1 bar:55
sr:174781	Formulated bar, MARS SNACKFOOD US, SNICKERS MARATHON MULTIGRAIN CRUNCH BAR	usda	422	18.49	57.27	13.18	1 bar:55
sr:174782	Formulated bar, MARS SNACKFOOD US, COCOAVIA, Chocolate Almond Snack Bar	usda	347	7.72	51.68	14.19	1 bar:22
sr:174783	Snacks, sweet potato chips, unsalted	usda	532	2.94	56.82	32.35	1 oz:28.4|1 Bag:28|1 package:34
sr:174784	Snacks, FRITOLAY, SUNCHIPS, Multigrain Snack, original flavor	usda	491	7.95	67.26	21.11	1 oz:28.4
sr:174785	Snacks, popcorn, microwave, regular (butter) flavor, made with partially hydrogenated oil	usda	557	7.5	55.16	34.02	1 cup:7.9|1 bag:87
sr:174786	Formulated bar, MARS SNACKFOOD US, SNICKERS MARATHON Protein Performance Bar, Caramel Nut Rush	usda	415	25	50.5	12.5	1 bar:80
sr:174787	Formulated bar, LUNA BAR, NUTZ OVER CHOCOLATE	usda	403	20.75	52.49	12.19	1 bar:48
sr:174788	Snacks, FRITOLAY, SUNCHIPS, multigrain, French onion flavor	usda	496	8.68	65.49	22.15	1 oz:28.4
sr:174789	Snacks, FRITOLAY, SUNCHIPS, Multigrain Snack, Harvest Cheddar flavor	usda	491	8.08	64.7	22.22	1 oz:28.4
sr:174790	Pretzels, soft, unsalted	usda	345	8.2	71.04	3.1	1 large:143|1 medium:115|1 small:62
sr:174791	Snacks, vegetable chips, HAIN CELESTIAL GROUP, TERRA CHIPS	usda	517	4.13	57.97	29.81	1 oz:28.4
sr:174792	Formulated bar, ZONE PERFECT CLASSIC CRUNCH BAR, mixed flavors	usda	426	30	45	14	1 bar:50
sr:174793	Snacks, granola bar, KASHI GOLEAN, chewy, mixed flavors	usda	390	16.67	63.42	7.69	1 bar:78
sr:174794	Snacks, granola bar, KASHI TLC Bar, chewy, mixed flavors	usda	429	18.57	53.26	15.71	1 bar:35
sr:174795	Snacks, granola bars, QUAKER OATMEAL TO GO, all flavors	usda	389	6.67	75.47	6.67	1 bar:60
sr:174796	Snacks, vegetable chips, made from garden vegetables	usda	473	5.32	60.43	23.3	1 oz:28.4
sr:174797	Snacks, granola bar, KASHI TLC Bar, crunchy, mixed flavors	usda	446	15	62.78	15	2 bar:40|1 bar:20
sr:174798	Snacks, candy bits, yogurt covered with vitamin C	usda	415	0	86.9	7.5	1 package:20
sr:174799	Snacks, CLIF BAR, mixed flavors	usda	346	14.71	65.44	5.88	1 bar:68
sr:174800	Snacks, granola bar, QUAKER, chewy, 90 Calorie Bar	usda	408	4.17	79.17	8.33	1 bar:24
sr:174801	Snacks, granola bar, GENERAL MILLS NATURE VALLEY, SWEET&SALTY NUT, peanut	usda	487	9.14	61.14	22.86	1 bar:35
sr:174802	Snacks, granola bar, GENERAL MILLS, NATURE VALLEY, with yogurt coating	usda	423	5.71	74.29	11.43	1 bar:35
sr:174803	Snack, Mixed Berry Bar	usda	383	13.16	58.84	10.53	1 bar:38
sr:174804	Snacks, potato chips, made from dried potatoes (preformed), multigrain	usda	505	5.3	65.34	24.74	1 oz:28.4|16.5 pieces average:28
sr:174805	Snacks, potato chips, lightly salted	usda	560	6.72	53.54	35.39	23 pieces:28|1 bag:227
sr:174806	Snacks, Pretzels, gluten- free made with cornstarch and potato flour	usda	389	3.52	78.62	6.67	1 serving:30
sr:174807	Soup, egg drop, Chinese restaurant	usda	27	1.16	4.29	0.61	1 cup:241
sr:174808	Soup, hot and sour, Chinese restaurant	usda	39	2.58	4.35	1.21	1 cup:233
sr:174809	Beverages, THE COCA-COLA COMPANY, NOS Zero, energy drink, sugar-free with guarana, fortified with vitamins B6 and B12	usda	4	0	1.03	0	16 fl oz:480
sr:174810	Alcoholic beverage, whiskey sour, canned	usda	119	0	13.4	0	1 fl oz:30.8|1 can (6.8 fl oz, 200 ml):209
sr:174811	Beverages, Whiskey sour mix, bottled	usda	87	0.1	21.4	0.1	1 fl oz:32.3|2 fl oz:65
sr:174812	Alcoholic beverage, whiskey sour, prepared from item 14028	usda	153	0.06	12.82	0.06	1 fl oz:30.4|1 portion (2 oz mix + 1.5 oz whiskey):106
sr:174813	Beverages, ABBOTT, EAS soy protein powder	usda	405	47.62	43.94	3.57	1 scoop:44
sr:174814	Beverages, CYTOSPORT, Muscle Milk, ready-to-drink	usda	52	5.87	2.28	2.17	14 fl oz:414
sr:174815	Alcoholic beverage, distilled, all (gin, rum, vodka, whiskey) 80 proof	usda	231	0	0	0	1 fl oz:27.8|1 jigger (1.5 fl oz):42
sr:174816	Beverages, OCEAN SPRAY, Cran-Energy, Cranberry Energy Juice Drink	usda	15	0	3.75	0	1 can:250
sr:174817	Alcoholic beverage, distilled, rum, 80 proof	usda	231	0	0	0	1 fl oz:27.8|1.5 fl oz:42
sr:174818	Alcoholic beverage, distilled, vodka, 80 proof	usda	231	0	0	0	1 fl oz:27.8|1.5 fl oz:42
sr:174819	Alcoholic beverage, distilled, whiskey, 86 proof	usda	250	0	0.1	0	1 fl oz:27.8|1 jigger (1.5 fl oz):42
sr:174820	Beverages, almond milk, chocolate, ready-to-drink	usda	50	0.63	9.38	1.25	8 fl oz:240|1 cup:240
sr:174821	Beverages, Energy Drink with carbonated water and high fructose corn syrup	usda	62	0.42	15	0	8 fl oz:240
sr:174822	Beverages, Energy Drink, sugar free	usda	4	0.42	0.42	0	8 fl oz:240
sr:174823	Beverages, ABBOTT, ENSURE, Nutritional Shake, Ready-to-Drink	usda	105	3.8	16.88	2.53	8 fl oz:254
sr:174824	Beverages, chocolate powder, no sugar added	usda	350	9.09	68.31	4.5	2 tbsp:11
sr:174828	Beverages, yellow green colored citrus soft drink with caffeine	usda	49	0	12.83	0	16 fl oz:473
sr:174829	Beverages, V8 SPLASH Smoothies, Strawberry Banana	usda	37	1.22	8.16	0	1 serving 8 oz:245
sr:174830	Beverages, V8 SPLASH Smoothies, Tropical Colada	usda	41	1.22	8.54	0	1 serving 8 oz:246
sr:174831	Beverages, Coconut water, ready-to-drink, unsweetened	usda	18	0.22	4.24	0	1 cup:245
sr:174832	Beverages, almond milk, unsweetened, shelf stable	usda	15	0.4	1.31	0.96	1 cup:262
sr:174833	Alcoholic Beverage, wine, table, red, Cabernet Sauvignon	usda	83	0.07	2.6	0	1 fl oz:29.4|1 serving (5 fl oz):147
sr:174834	Alcoholic Beverage, wine, table, red, Cabernet Franc	usda	83	0.07	2.45	0	1 fl oz:29.4|1 serving (5 fl oz):147
sr:174835	Alcoholic Beverage, wine, table, red, Pinot Noir	usda	82	0.07	2.31	0	1 fl oz:29.4|1 serving (5 fl oz):147
sr:174836	Alcoholic Beverage, wine, table, red, Syrah	usda	83	0.07	2.58	0	1 fl oz:29.4|1 serving (5 fl oz):147
sr:174837	Alcoholic beverage, wine, table, white	usda	82	0.07	2.6	0	1 fl oz:29.4|1 serving (5 fl oz):147
sr:174838	Alcoholic Beverage, wine, table, red, Lemberger	usda	80	0.07	2.46	0	1 fl oz:29.4|1 serving (5 fl oz):147
sr:174839	Alcoholic Beverage, wine, table, red, Sangiovese	usda	86	0.07	2.62	0	1 fl oz:29.4|1 serving (5 fl oz):147
sr:174840	Alcoholic Beverage, wine, table, red, Carignane	usda	74	0.07	2.4	0	1 fl oz:29.4|1 serving (5 fl oz):147
sr:174841	Alcoholic beverage, wine, table, white, Pinot Gris (Grigio)	usda	83	0.07	2.06	0	1 fl oz:29.3|1 serving (5 fl oz):147
sr:174843	Alcoholic beverage, wine, table, white, Gewurztraminer	usda	81	0.07	2.6	0	1 fl oz:29.5|1 serving (5 fl oz):147
sr:174844	Alcoholic beverage, wine, table, white, late harvest, Gewurztraminer	usda	108	0.07	11.39	0	1 fl oz:30.5|1 serving (5 fl oz):152
sr:174845	Alcoholic beverage, wine, table, white, Semillon	usda	82	0.07	3.12	0	1 fl oz:29.5|1 serving (5 fl oz):147
sr:174846	Beverages, carbonated, ginger ale	usda	34	0	8.76	0	1 fl oz:30.5|1 can or bottle (16 fl oz):488|1 can or bottle (12 fl oz):366
sr:174847	Beverages, NESTEA, tea, black, ready-to-drink, lemon	usda	36	0	9.09	0	1 fl oz:30.6|1 serving (8 fl oz):245|1 serving (12 fl oz):368|1 serving (16.9 fl oz):518
sr:174848	Alcoholic beverage, wine, table, white, Pinot Blanc	usda	81	0.07	1.94	0	1 fl oz:29.3|1 serving (5 fl oz):147
sr:174849	Alcoholic beverage, wine, table, white, Muscat	usda	82	0.07	5.23	0	1 fl oz:30|1 serving (5 fl oz):150
sr:174850	Beverages, carbonated, low calorie, cola or pepper-type, with aspartame, without caffeine	usda	1	0.12	0.12	0	1 fl oz:29.6|1 can or bottle (16 fl oz):474|1 can (12 fl oz):355|1 drink, small (16 fl oz):474|1 drink, medium (22 fl oz):651|1 drink, large (32 fl oz):947
sr:174851	Beverages, carbonated, cola, without caffeine	usda	41	0	10.58	0	1 fl oz:30.7|1 serving 12 fl oz:368|1 serving 16 fl oz:491
sr:174852	Beverages, carbonated, cola, regular	usda	42	0	10.36	0.25	1 fl oz:30.7|1 can or bottle (12 fl oz):370|1 can or bottle (16 fl oz):492|1 drink, small (16 fl oz):492|1 drink, medium (22 fl oz):676|1 drink, large (32 fl oz):984
sr:174853	Beverages, carbonated, reduced sugar, cola, contains caffeine and sweeteners	usda	20	0	5.16	0	1 fl oz:29.6|1 can (8 fl oz):355
sr:174854	Beverages, carbonated, orange	usda	48	0	12.3	0	1 fl oz:31|1 can or bottle (16 fl oz):496|1 can or bottle (12 fl oz):372
sr:174855	Beverages, tea, black, ready-to-drink, peach, diet	usda	1	0	0.25	0	1 cup:268
sr:174856	Beverages, OCEAN SPRAY, Ruby Red cranberry	usda	45	0.07	11.58	0.01	8 fl oz:227
sr:174857	Beverages, MOTTS, Apple juice light, fortified with vitamin C	usda	22	0	5.1	0.1	
sr:174858	Beverages, Lemonade, powder	usda	376	0	97.57	1.05	1 serving:18|1 cup:218
sr:174859	Lemonade, powder, prepared with water	usda	14	0	3.59	0.04	1 fl oz:33|1 cup 8 fl oz:264
sr:174860	Beverages, lemonade-flavor drink, powder	usda	380	0	97.9	1.01	1 serving:18|0.5 scoop (2 tbsp):29
sr:174861	Beverages, lemonade-flavor drink, powder, prepared with water	usda	27	0	6.9	0.07	1 fl oz:31.8|1 cup 8 fl oz:255
sr:174862	Limeade, frozen concentrate, prepared with water	usda	52	0	13.79	0	1 fl oz:30.9|1 cup 8 fl oz:247
sr:174863	Malt beverage, includes non-alcoholic beer	usda	37	0.21	8.05	0.12	1 fl oz:29.6|1 cup:237
sr:174864	Beverages, OVALTINE, Classic Malt powder	usda	372	0	93.33	0	1 serving (4 tbsp or 1 envelope):21|1 individual serving (4-5 heaping tsp or 1 envelope):21
sr:174865	Beverages, Malted drink mix, chocolate, with added nutrients, powder, prepared with whole milk	usda	87	3.29	11.19	3.26	1 cup (8 fl oz):265
sr:174866	Beverages, malted drink mix, chocolate, powder	usda	411	5.1	86.94	4.76	1 serving (3 heaping tsp or 1 envelope):21
sr:174867	Beverages, Malted drink mix, chocolate, powder, prepared with whole milk	usda	85	3.37	11.2	3.29	1 cup (8 fl oz):265
sr:174868	Beverages, orange drink, canned, with added vitamin C	usda	49	0	12.34	0.07	1 fl oz:31|1 cup (8 fl oz):248
sr:174869	Strawberry-flavor beverage mix, powder	usda	389	0.1	99.1	0.2	1 serving (2-3 heaping tsp):22
sr:174870	Beverages, Strawberry-flavor beverage mix, powder, prepared with whole milk	usda	88	3	12.3	3.1	1 cup (8 fl oz):266
sr:174871	Beverages, tea, black, brewed, prepared with tap water, decaffeinated	usda	1	0	0.3	0	1 fl oz:29.6|6 fl oz:178|1 cup (8 fl oz):237
sr:174872	Beverages, tea, instant, decaffeinated, unsweetened	usda	315	20.21	58.66	0	1 serving 2 tsp:0.7
sr:174873	Beverages, tea, instant, unsweetened, prepared with water	usda	1	0.06	0.17	0	1 fl oz:29.7|1 serving 6 fl oz:178|1 serving 8 fl oz:238
sr:174874	Lamb, New Zealand, imported, square-cut shoulder chops, separable lean and fat, cooked, braised	usda	322	26.79	0.05	23.86	3 oz:85
sr:174875	Lamb, New Zealand, imported, square-cut shoulder chops, separable lean and fat, raw	usda	275	17.02	0.23	22.84	4 oz:113
sr:174876	Lamb, New Zealand, imported, square-cut shoulder, separable lean and fat, cooked, slow roasted	usda	294	20.88	0.03	23.39	3 oz:85
sr:174877	Lamb, New Zealand, imported, tunnel-boned leg, chump off, shank off, separable lean and fat, raw	usda	121	20.93	0	4.09	4 oz:113
sr:174878	Lamb, New Zealand, imported, tenderloin, separable lean and fat, raw	usda	120	20.43	0.01	4.22	4 oz:113
sr:174879	Veal, ground, cooked, pan-fried	usda	215	25.83	1.51	11.78	3 oz:85
sr:174880	Veal, leg, top round, cap off, cutlet, boneless, cooked, grilled	usda	151	31.89	0	2.63	3 oz:85|1 cutlet:44
sr:174881	Veal, shoulder, blade chop, separable lean only, cooked, grilled	usda	159	27.33	0	5.53	3 oz:85|1 chop:352
sr:174882	Veal, external fat only, raw	usda	503	8.85	0.89	51.6	4 oz:113
sr:174883	Veal, external fat only, cooked	usda	540	15.28	0	53.23	3 oz:85
sr:174884	Veal, seam fat only, raw	usda	444	12.53	0	43.75	4 oz:113
sr:174885	Lamb, Australian, imported, fresh, leg, bottom, boneless, separable lean only, trimmed to 1/8" fat, cooked, roasted	usda	190	28.6	0	8.35	3 oz:85|1 leg bottom, boneless:723
sr:174886	Lamb, Australian, imported, fresh, leg, hindshank, heel on, bone-in, separable lean only, trimmed to 1/8" fat, cooked, braised	usda	174	30.73	0	5.63	3 oz:85|1 leg hindshank, heel on:418
sr:174887	Lamb, Australian, imported, fresh, leg, hindshank, heel on, bone-in, separable lean only, trimmed to 1/8" fat, raw	usda	122	22.49	0	3.53	4 oz:113|1 leg hindshank, heel on:530
sr:174888	Lamb, Australian, imported, fresh, tenderloin, boneless, separable lean only, trimmed to 1/8" fat, cooked, roasted	usda	184	30.97	0	6.71	3 oz:85|1 roast:121
sr:174889	Lamb, Australian, imported, fresh, rack, roast, frenched, denuded, bone-in, separable lean only, trimmed to 0" fat, cooked, roasted	usda	175	26.52	0	7.63	3 oz:85|1 roast:329
sr:174890	Lamb, Australian, imported, fresh, rack, roast, frenched, bone-in, separable lean only, trimmed to 1/8" fat, cooked, roasted	usda	244	28.01	0	14.64	3 oz:85|1 roast:447
sr:174891	Lamb, Australian, imported, fresh, external fat, cooked	usda	538	16.9	0	52.3	3 oz:85
sr:174892	Lamb, Australian, imported, fresh, external fat, raw	usda	487	12.59	0	48.5	4 oz:113
sr:174893	Lamb, Australian, imported, fresh, leg, hindshank, heel on, bone-in, separable lean and fat, trimmed to 1/8" fat, cooked, braised	usda	204	29.52	0	9.5	3 oz:85|1 leg hindshank, heel on:418
sr:174894	Lamb, Australian, imported, fresh, leg, hindshank, heel on, bone-in, separable lean and fat, trimmed to 1/8" fat, raw	usda	196	20.58	0	12.68	4 oz:113|1 leg hindshank, heel on:530
sr:174895	Lamb, Australian, imported, fresh, leg, trotter off, bone-in, separable lean and fat, trimmed to 1/8" fat, cooked, roasted	usda	226	30.15	0.08	11.64	3 oz:85|1 leg trotter off:1808
sr:174896	Lamb, Australian, imported, fresh, leg, trotter off, bone-in, separable lean and fat, trimmed to 1/8" fat, raw	usda	175	21.95	0	9.73	4 oz:113|1 leg trotter off:2674
sr:174897	Lamb, Australian, imported, fresh, tenderloin, boneless, separable lean and fat, trimmed to 1/8" fat, cooked, roasted	usda	187	30.87	0	7.02	3 oz:85|1 roast:121
sr:174898	Lamb, Australian, imported, fresh, rib chop, frenched, denuded, bone-in, separable lean and fat, trimmed to 0" fat, cooked, grilled	usda	276	30.9	0	16.96	3 oz:85|1 chop:43
sr:174899	Bagels, plain, enriched, with calcium propionate (includes onion, poppy, sesame)	usda	264	10.56	52.38	1.32	1 bagel:99|1 mini bagel (2-1/2" dia):26|1 small bagel (3" dia):69|1 medium bagel (3-1/2" to 4" dia):105|1 large bagel (4-1/2"):131|1 oz:28.4
sr:174900	Bagels, plain, enriched, with calcium propionate (includes onion, poppy, sesame), toasted	usda	287	11.14	57.39	1.43	1 mini bagel (2-1/2" dia):24|1 small bagel (3" dia):65|1 medium bagel (3-1/2" to 4" dia):99|1 large bagel (4-1/2"):123|1 oz:28.4
sr:174901	Bagels, egg	usda	278	10.6	53	2.1	1 oz:28.4|1 mini bagel (2-1/2" dia):26|1 small bagel (3" dia):69|1 medium bagel (3-1/2" to 4" dia):105|1 large bagel (4-1/2" dia):131
sr:174902	Biscuits, plain or buttermilk, dry mix	usda	428	8	63.4	15.4	1 cup, purchased:120|1 cup, homemade:114|1 cup, poured from box:128|1 cup, spooned into cup:120|0.33 cup (NLEA serving size):40|1 oz:28.4
sr:174903	Biscuits, plain or buttermilk, dry mix, prepared	usda	335	7.3	48.4	12.1	1 oz:28.4
sr:174904	Biscuits, plain or buttermilk, refrigerated dough, lower fat	usda	270	6.7	43.7	7.83	1 serving 1 biscuit:58|1 oz:28.4
sr:174905	Biscuits, plain or buttermilk, refrigerated dough, lower fat, baked	usda	319	7.8	51.6	9.1	1 oz:28.4|1 biscuit (2-1/4" dia):21
sr:174906	Bread, banana, prepared from recipe, made with margarine	usda	326	4.3	54.6	10.5	1 oz:28.4|1 individual loaf (include Keebler Elfin Loaves):57|1 slice:60
sr:174907	Bread, boston brown, canned	usda	195	5.2	43.3	1.5	1 oz:28.4|1 slice:45
sr:174908	Bread, cornbread, dry mix, enriched (includes corn muffin mix)	usda	418	7	69.5	12.2	1 oz:28.4|1 package (8.5 oz):241
sr:174909	Bread, cornbread, dry mix, prepared with 2% milk, 80% margarine, and eggs	usda	330	6.59	54.46	9.58	1 muffin:51|1 piece:60|1 oz:28.4
sr:174910	Bread, cornbread, prepared from recipe, made with low fat (2%) milk	usda	266	6.7	43.5	7.1	1 oz:28.4|1 piece:65
sr:174911	Bread, french or vienna, toasted (includes sourdough)	usda	319	13	61.93	2.14	1 oz:28.4|1 slice, small:29|1 slice, medium:59|1 slice, large:88
sr:174912	Bread, irish soda, prepared from recipe	usda	290	6.6	56	5	1 oz:28.4
sr:174913	Bread, Italian	usda	259	9.49	48.11	2.73	1 oz:28.4|1 slice:29
sr:174914	Bread, multi-grain, toasted (includes whole-grain)	usda	288	14.52	47.11	4.6	1 oz:28.4|1 slice regular:24|1 slice large:38
sr:174915	Bread, pita, white, enriched	usda	275	9.1	55.7	1.2	1 pita, large (6-1/2" dia):60|1 pita, small (4" dia):28
sr:174916	Bread, pita, whole-wheat	usda	262	9.8	55.89	1.71	1 pita, large (6-1/2" dia):64|1 pita, small (4" dia):28
sr:174917	Bread, protein (includes gluten)	usda	245	12.1	43.8	2.2	1 oz:28.4|1 slice:19
sr:174918	Bread, pumpernickel	usda	250	8.7	47.5	3.1	1 oz:28.4|1 slice, regular:26|1 slice, snack-size:7|1 slice, thin:20|1 slice (5" x 4" x 3/8"):32
sr:174919	Bread, reduced-calorie, oatmeal	usda	210	7.6	43.3	3.5	1 oz:28.4|1 slice:23
sr:174920	Bread, reduced-calorie, rye	usda	203	9.1	40.5	2.9	1 oz:28.4|1 slice:23|1 slice, thick:32|1 slice, thin:20
sr:174921	Bread, reduced-calorie, wheat	usda	217	13.32	42.47	2.92	1 oz:28.4|1 slice:21
sr:174922	Bread, reduced-calorie, white	usda	207	8.7	44.3	2.5	1 oz:28.4|1 slice:23
sr:174923	Bread, rice bran	usda	243	8.9	43.5	4.6	1 oz:28.4|1 slice:27
sr:174924	Bread, white, commercially prepared (includes soft bread crumbs)	usda	266	8.85	49.42	3.33	1 slice:29|1 oz:28.4|1 cup, crumbs:45|1 cup, cubes:35|1 slice, large:30|1 slice:25
sr:174925	Bread, white, commercially prepared, toasted	usda	290	9	54.5	4	1 oz:28.4|1 cup, crumbs:45|1 cup, cubes:42|1 slice, large:27|1 slice crust not eaten:11|1 slice, thin:17
sr:174926	Bread, white, prepared from recipe, made with nonfat dry milk	usda	274	7.7	53.6	2.6	1 oz:28.4|1 slice:44
sr:174927	Bread, white, prepared from recipe, made with low fat (2%) milk	usda	285	7.9	49.6	5.7	1 oz:28.4|1 slice:42|1 slice, thin (3-3/4" x 5" x 3/8"):33
sr:174928	Bread, crumbs, dry, grated, plain	usda	395	13.35	71.98	5.3	1 oz:28.4|1 cup:108
sr:174929	Bread, sticks, plain	usda	412	12	68.4	9.5	1 cup, small pieces:46|1 stick, small (approx 4-1/4" long):5|1 stick (7-5/8" x 5/8"):10|1 stick (9-1/4" x 3/8"):6
sr:174930	Bread, stuffing, dry mix	usda	386	11	76.2	3.4	1 oz:28.4|1 package (6 oz):170
sr:174931	Bread, stuffing, dry mix, prepared	usda	195	2.73	18.84	12.05	1 oz:28.4|0.5 cup:100
sr:174932	Cake, pudding-type, carrot, dry mix	usda	415	5.1	79.2	9.8	1 oz:28.4|1 package (18 oz):510
sr:174933	Cake, cherry fudge with chocolate frosting	usda	264	2.4	38	12.5	1 oz:28.4|1 piece (1/8 cake):71
sr:174934	Cake, chocolate, commercially prepared with chocolate frosting, in-store bakery	usda	389	3.48	52.84	20.05	1 piece (1/12 of a cake):138|1 cake:1660|1 piece (1/8 of 18 oz cake):64|1 oz:28.4
sr:174935	Cake, pudding-type, chocolate, dry mix	usda	391	4.6	80.16	8.14	1 oz:28.4|1 package (18.25 oz):517
sr:174936	Cake, coffeecake, creme-filled with chocolate frosting	usda	331	5	53.8	10.8	1 oz:28.4|1 piece (1/6 of 19 oz cake):90
sr:174937	Cake, coffeecake, fruit	usda	311	5.2	51.5	10.2	1 oz:28.4|1 piece (1/8 cake):50
sr:174938	Cake, coffeecake, cinnamon with crumb topping, dry mix, prepared	usda	318	5.5	52.8	9.6	1 oz:28.4|1 piece (1/8 of 8" x 5-3/4" cake):56
sr:174939	Cake, fruitcake, commercially prepared	usda	324	2.9	61.6	9.1	1 oz:28.4|1 piece:43
sr:174940	Cake, pound, commercially prepared, other than all butter, enriched	usda	389	5.2	52.5	17.9	1 piece (1/10 of 10.6 oz cake):30|1 piece (1/12 of 12 oz cake):28|1 snack cake (2.5 oz):71
sr:174941	Cake, shortcake, biscuit-type, prepared from recipe	usda	346	6.1	48.5	14.2	1 oz:28.4
sr:174942	Cake, snack cakes, creme-filled, chocolate with frosting	usda	399	3.63	60.31	15.93	1 oz:28.4|1 cupcake:50
sr:174943	Cake, snack cakes, creme-filled, sponge	usda	374	3.47	64.03	11.54	1 oz:28.4|1 cake:42
sr:174944	Cake, yellow, commercially prepared, with chocolate frosting, in-store bakery	usda	379	3.16	55.36	17.75	1 piece (1/12 of a cake):144|1 cake:1729|1 piece (1/8 of 18 oz cake):64|1 oz:28.4
sr:174945	Cake, yellow, commercially prepared, with vanilla frosting	usda	391	2.99	56.2	17.91	1 serving:67|1 oz:28.4
sr:174946	Cake, pudding-type, yellow, dry mix	usda	423	4	80	9.8	1 oz:28.4|1 package (18.50 oz):524
sr:174947	Cake, yellow, enriched, dry mix	usda	374	3.7	81.92	3.5	1 serving:43|1 package (18.50 oz):524|1 oz:28.4
sr:174948	Cookies, brownies, dry mix, regular	usda	434	4	76.6	14.9	1 oz:28.4|1 package (21.5 oz):610
sr:174949	Cookies, brownies, prepared from recipe	usda	466	6.2	50.2	29.1	1 oz:28.4|1 brownie (2" square):24
sr:174950	Cookies, butter, commercially prepared, enriched	usda	467	6.1	68.9	18.8	1 oz:28.4|1 cookie:5
sr:174951	Cookies, fudge, cake-type (includes trolley cakes)	usda	349	5	78.3	3.7	1 oz:28.4|1 cookie:21
sr:174952	Cookies, chocolate chip, dry mix	usda	497	4.6	66.1	25.2	1 oz:28.4|1 package (17.5 oz):496
sr:174953	Cookies, chocolate chip, refrigerated dough	usda	451	3.98	61.02	21.33	1 serving:33|1 portion, dough spoon from roll:29|1 oz:28.4
sr:174954	Cookies, chocolate chip, refrigerated dough, baked	usda	492	4.9	68.2	22.6	1 oz:28.4|1 cookie, medium (2-1/4" dia):12
sr:174955	Cookies, chocolate chip, prepared from recipe, made with margarine	usda	488	5.7	58.4	28.3	1 oz:28.4|1 bar (2" square):32|1 cookie, medium (2-1/4" dia):16
sr:174956	Cookies, gingersnaps	usda	416	5.6	76.9	9.8	1 oz:28.4|1 cookie:7|1 large (approx 3-1/2" to 4" dia):32
sr:174957	Cookies, graham crackers, plain or honey (includes cinnamon)	usda	430	6.69	77.66	10.6	1 oz:28.4|1 cracker:15|1 cup, crushed:84|1 large rectangular piece or 2 squares or 4 small rectangular pieces:14
sr:174958	Cookies, graham crackers, chocolate-coated	usda	500	4	66.78	25.8	3 pieces:27|1 oz:28.4
sr:174959	Cookies, ladyfingers, with lemon juice and rind	usda	365	10.6	59.7	9.1	1 oz:28.4|1 anisette sponge (4" x 1-1/8" x 7/8"):13|1 breakfast treat (approx 4" x 2" x 7/8"):24|1 ladyfinger:11
sr:174960	Cookies, oatmeal, dry mix	usda	462	6.5	67.3	19.2	1 oz:28.4|1 package (17.5 oz):496
sr:174961	Cookies, oatmeal, refrigerated dough	usda	424	5.4	59.1	18.9	1 oz:28.4|1 portion, dough for 1 cookie:16
sr:174962	Cookies, oatmeal, refrigerated dough, baked	usda	471	6	65.7	21	1 oz:28.4|1 cookie:12
sr:174963	Cookies, oatmeal, with raisins	usda	441	5.86	68.95	15.76	1 oz:28.4|1 cookie:24
sr:174964	Cookies, peanut butter, prepared from recipe	usda	475	9	58.9	23.8	1 oz:28.4|1 cookie (3" dia):20
sr:174965	Cookies, peanut butter sandwich, regular	usda	478	8.8	65.6	21.1	1 oz:28.4|1 cookie:14
sr:174966	Cookies, raisin, soft-type	usda	401	4.1	68	13.6	1 oz:28.4|1 cookie:15
sr:174967	Cookies, shortbread, commercially prepared, plain	usda	514	5.37	63.78	26.22	1 oz:28.4|1 cookie:11.8
sr:174968	Cookies, shortbread, commercially prepared, pecan	usda	542	4.9	58.3	32.5	1 oz:28.4|1 cookie (2" dia):14
sr:174969	Cookies, peanut butter sandwich, special dietary	usda	535	10	50.8	34	1 oz:28.4|1 cookie:10
sr:174970	Cookies, sugar wafer, with creme filling, sugar free	usda	531	3.57	66.26	28.57	1 oz:28.4|1 wafer:4
sr:174971	Cookies, sugar, commercially prepared, regular (includes vanilla)	usda	464	5.35	67.34	19.55	1 oz:28.4|1 cookie:17
sr:174972	Cookies, sugar, refrigerated dough	usda	436	4	61.22	19.48	1 serving:33|1 cookie dough for 1rolled cookie:17|1 cookie 1 pre-sliced cookie dough:26|1 oz:28.4
sr:174973	Cookies, vanilla wafers, lower fat	usda	441	5	73.6	15.2	1 oz:28.4|1 cup, crumbs:80|1 large:6|1 medium:4|1 small:3
sr:174974	Cookies, vanilla wafers, higher fat	usda	455	4.9	72.6	16.41	8 wafers:30|8 wafers mini wafers:11.6
sr:174975	Crackers, cheese, regular	usda	489	10.93	59.42	22.74	0.5 oz:14.2|1 cup, bite size:62|1 cup, crushed:72|1 gold fish:0.6|1 bag, single serving:28|1 snack stick:2
sr:174976	Crackers, cheese, sandwich-type with peanut butter filling	usda	496	12.41	56.74	25.12	0.5 oz:14.2|1 cup, crushed:83|6 cracker:39|1 sandwich:6.5
sr:174977	Crackers, melba toast, plain	usda	390	12.1	76.6	3.2	0.5 oz:14.2|1 cup pieces:30|1 cup, rounds:33|1 melba round:3|1 piece (3-3/4" x 1-3/4" x 1/8"):5
sr:174978	Crackers, melba toast, rye (includes pumpernickel)	usda	389	11.6	77.3	3.4	0.5 oz:14.2|1 toast:5
sr:174979	Crackers, melba toast, wheat	usda	374	12.9	76.4	2.3	0.5 oz:14.2|1 toast:5
sr:174980	Crackers, milk	usda	446	7.6	71.73	13.77	0.5 oz:14.2|1 cracker:11
sr:174981	Crackers, rusk toast	usda	407	13.5	72.3	7.2	0.5 oz:14.2|1 rusk:10
sr:174982	Crackers, standard snack-type, regular	usda	510	6.64	61.3	26.43	5 crackers:16|5 crackers, regular size, round (1 serving):16|1 cracker, round:3.2|1 cracker, rectangular:4|1 cup crushed:52
sr:174983	Crackers, standard snack-type, sandwich, with cheese filling	usda	477	9.3	61.7	21.1	0.5 oz:14.2|1 cracker, sandwich:7
sr:174984	Crackers, standard snack-type, sandwich, with peanut butter filling	usda	494	11.47	58.38	24.54	0.5 oz:14.2|1 cracker, sandwich:7
sr:174985	Crackers, wheat, regular	usda	455	7.3	70.73	16.4	16 crackers 1 serving:34|2 crackers 1 serving:14.5
sr:174986	Cream puff shell, prepared from recipe	usda	360	9	22.8	25.9	1 oz:28.4|1 eclair (5" x 2" x 1-3/4"):48|1 cream puff shell:66
sr:174987	Croissants, butter	usda	406	8.2	45.8	21	1 oz:28.4|1 croissant, mini:28|1 croissant, small:42|1 croissant, medium:57|1 croissant, large:67
sr:174988	Croissants, apple	usda	254	7.4	37.1	8.7	1 oz:28.4|1 croissant, medium:57
sr:174989	Croissants, cheese	usda	414	9.2	47	20.9	1 oz:28.4|1 croissant, small:42|1 croissant, medium:57|1 croissant, large:67
sr:174990	Doughnuts, cake-type, plain (includes unsugared, old-fashioned)	usda	434	5.31	47.06	24.93	1 donut:40|1 oz:28.4|1 doughnut stick:52|1 doughnut, long type (twist) (4-1/2" long):52|1 doughnut medium (3-1/4" dia):54|1 doughnut, mini (1-1/2" dia) or doughnut hole:14
sr:174991	Doughnuts, cake-type, plain, chocolate-coated or frosted	usda	452	4.93	51.33	25.25	1 oz:28.4|1 donettes (2" dia):18|1 doughnut, medium (approx 3" dia):43|1 doughnut large (approx 3-1/2" dia):67
sr:174992	Doughnuts, cake-type, plain, sugared or glazed	usda	426	5.2	50.8	22.9	1 oz:28.4|1 doughnut, medium (approx 3" dia):45
sr:174993	Doughnuts, cake-type, chocolate, sugared or glazed	usda	417	4.5	57.4	19.9	1 oz:28.4|1 doughnut (3-3/4" dia):60|1 doughnut, medium (approx 3" dia):42
sr:174994	Muffins, English, plain, enriched, with ca prop (includes sourdough)	usda	227	8.87	44.17	1.69	1 oz:28.4|1 muffin:57
sr:174995	Muffins, English, plain, toasted, enriched, with calcium propionate (includes sourdough)	usda	270	10.32	52.65	2.02	1 oz:28.4|1 muffin:52
sr:174996	Muffins, English, mixed-grain (includes granola)	usda	235	9.1	46.3	1.8	1 oz:28.4|1 muffin:66
sr:174997	Muffins, English, raisin-cinnamon (includes apple-cinnamon)	usda	240	7.91	48.1	1.8	1 oz:28.4|1 muffin:57
sr:174998	French toast, prepared from recipe, made with low fat (2%) milk	usda	229	7.7	25	10.8	1 oz:28.4|1 slice:65
sr:174999	Hush puppies, prepared from recipe	usda	337	7.7	46	13.5	1 oz:28.4|1 cup:152|1 hush puppy:22
sr:175000	Ice cream cones, cake or wafer-type	usda	417	8.1	79	6.9	1 oz:28.4|1 cone:4|1 large waffle cone:29
sr:175001	Ice cream cones, sugar, rolled-type	usda	402	7.9	84.1	3.8	1 oz:28.4|1 cone:10
sr:175002	Muffins, corn, commercially prepared	usda	305	5.9	51	8.4	1 oz:28.4|1 mini:17|1 small:66|1 medium:113|1 large:139|1 extra large:168
sr:175003	Muffins, corn, dry mix, prepared	usda	321	7.4	49.1	10.2	1 oz:28.4
sr:175004	Muffins, corn, toaster-type	usda	346	5.3	57.9	11.3	1 oz:28.4|1 muffin, toaster:33
sr:175005	Muffins, corn, prepared from recipe, made with low fat (2%) milk	usda	316	7.1	44.2	12.3	1 oz:28.4|1 muffin (2-3/4" dia x 2"):57
sr:175006	Pancakes, plain, dry mix, complete, prepared	usda	194	5.2	36.7	2.5	1 oz:28.4|1 pancake (4" dia):38|1 pancake (6" dia):77
sr:175007	Pancakes, plain, dry mix, incomplete (includes buttermilk)	usda	355	10	73.6	1.7	1 oz:28.4|1 cup, poured from box:112
sr:175008	Pancakes, plain, dry mix, incomplete, prepared	usda	218	7.8	28.9	7.7	1 oz:28.4|1 pancake (4" dia):38|1 pancake (6" dia):77
sr:175009	Pancakes, plain, prepared from recipe	usda	227	6.4	28.3	9.7	1 oz:28.4|1 pancake (4" dia):38|1 pancake (6" dia):77
sr:175010	Pancakes, whole-wheat, dry mix, incomplete, prepared	usda	208	8.5	29.4	6.5	1 oz:28.4|1 pancake (4" dia):44|1 pancake (6" dia):129
sr:175011	Pie, apple, commercially prepared, enriched flour	usda	237	1.9	34	11	1 oz:28.4|1 piece (1/8 of 9" dia):125|1 piece (1/6 of 8" pie):117
sr:175012	Pie, apple, prepared from recipe	usda	265	2.4	37.1	12.5	1 oz:28.4|1 piece (1/8 of 9" dia):155
sr:175013	Pie, banana cream, prepared from mix, no-bake type	usda	251	3.4	31.6	12.9	1 oz:28.4|1 piece (1/8 of 9" dia):92|1 piece (1/6 of 8" pie):123
sr:175014	Pie, chocolate creme, commercially prepared	usda	353	4.15	38.44	22.41	1 serving .167 pie:120|1 oz:28.4|1 piece (1/4 of 6" pie):99|1 piece (1/6 of 8" pie):113
sr:175015	Pie, chocolate mousse, prepared from mix, no-bake type	usda	260	3.5	29.6	15.4	1 oz:28.4|1 piece (1/8 of 9" dia):95
sr:175016	Pie, coconut creme, commercially prepared	usda	298	2.1	37.3	16.6	1 oz:28.4|1 piece (1/6 of 7" pie):64|1 piece (1/8 of 7" pie):48
sr:175017	Pie, coconut cream, prepared from mix, no-bake type	usda	276	2.8	28.5	17.6	1 oz:28.4|1 piece (1/8 of 9" dia):94
sr:175018	Pie, lemon meringue, prepared from recipe	usda	285	3.8	39.1	12.9	1 oz:28.4|1 piece (1/8 of 9" dia):127
sr:175019	Pie, mince, prepared from recipe	usda	289	2.6	48	10.8	1 oz:28.4|1 piece (1/8 of 9" dia):165
sr:175020	Pie, peach	usda	224	1.9	32.9	10	1 oz:28.4|1 piece (1/6 of 8" pie):117
sr:175021	Pie, pecan, commercially prepared	usda	407	4.5	59.61	16.69	1 oz:28.4|1 slice:133|1 pie:833
sr:175022	Pie crust, standard-type, dry mix	usda	518	6.9	52.1	31.4	1 oz:28.4|1 package (10 oz):284
sr:175023	Pie crust, standard-type, dry mix, prepared, baked	usda	501	6.7	50.4	30.4	1 piece (1/8 of 9" crust):20|1 crust, single 9":160
sr:175024	Pie crust, standard-type, frozen, ready-to-bake, enriched	usda	457	6.16	48.62	26.07	1 piece (1/8 of 9" crust):18|1 pie crust (average weight of 1 frozen crust):173
sr:175025	Pie crust, standard-type, frozen, ready-to-bake, enriched, baked	usda	508	6.5	56.24	28.59	1 pie crust (average weight of 1 baked crust):154
sr:175026	Pie crust, standard-type, prepared from recipe, baked	usda	527	6.4	47.5	34.6	1 piece (1/8 of 9" crust):23|1 crust, single 9":180
sr:175027	Rolls, dinner, egg	usda	307	9.5	52	6.4	1 oz:28.4|1 roll (2-1/2" dia):35
sr:175028	Rolls, dinner, oat bran	usda	236	9.5	40.2	4.6	1 oz:28.4|1 roll:33
sr:175029	Rolls, dinner, rye	usda	286	10.3	53.1	3.4	1 large (approx 3-1/2" to 4" dia):43|1 medium:36|1 small (2-3/8" dia):28
sr:175030	Rolls, dinner, wheat	usda	273	8.6	46	6.3	1 roll (1 oz):28
sr:175031	Rolls, hard (includes kaiser)	usda	293	9.9	52.7	4.3	1 oz:28.4|1 roll (3-1/2" dia):57
sr:175032	Strudel, apple	usda	274	3.3	41.1	11.2	1 oz:28.4|1 piece:71
sr:175033	Sweet rolls, cheese	usda	360	7.1	43.7	18.3	1 oz:28.4|1 roll:66
sr:175034	Sweet rolls, cinnamon, commercially prepared with raisins	usda	372	6.2	50.9	16.4	1 oz:28.4|1 large:83|1 roll (2-3/4" square):60
sr:175035	Toaster pastries, fruit (includes apple, blueberry, cherry, strawberry)	usda	388	4.2	70.32	9.95	1 oz:28.4|1 pastry:54
sr:175036	Tortillas, ready-to-bake or -fry, corn	usda	218	5.7	44.64	2.85	1 oz:28.4|1 enchilada:19|1 tortilla:24
sr:175037	Tortillas, ready-to-bake or -fry, flour, refrigerated	usda	306	8.2	49.38	7.99	1 tortilla:48|1 oz:28.4|1 tortilla medium (approx 6" dia):30|1 package:407|1 tortilla (approx 10" dia):72|1 tortilla (approx 12" dia):117
sr:175038	Waffles, plain, frozen, ready-to-heat	usda	285	6.47	42.98	9.7	1 oz:28.4|1 waffle, square (4" square) (include frozen):35
sr:175039	Waffles, plain, prepared from recipe	usda	291	7.9	32.9	14.1	1 oz:28.4|1 waffle, round (7" dia):75
sr:175041	Leavening agents, cream of tartar	usda	258	0	61.5	0	1 tsp:3|0.5 tsp:1.5
sr:175042	Leavening agents, yeast, baker's, compressed	usda	105	8.4	18.1	1.9	1 cake (0.6 oz):17
sr:175043	Leavening agents, yeast, baker's, active dry	usda	325	40.44	41.22	7.61	1 tsp:4|1 tbsp:12|1 packet:7.2
sr:175044	Bread, rice bran, toasted	usda	264	9.7	47.3	5	1 oz:28.4|1 slice:25
sr:175045	Muffins, blueberry, toaster-type, toasted	usda	333	4.9	56.7	10.1	1 oz:28.4|1 muffin, toaster:31
sr:175046	Muffins, wheat bran, toaster-type with raisins, toasted	usda	313	5.5	55.5	9.4	1 oz:28.4|1 muffin, toaster:34
sr:175047	Pancakes, buttermilk, prepared from recipe	usda	227	6.8	28.7	9.3	1 oz:28.4|1 pancake (4" dia):38|1 pancake (6" dia):77
sr:175048	Waffles, plain, frozen, ready -to-heat, toasted	usda	312	7.19	49.29	9.61	1 oz:28.4|1 waffle, round (4" dia):33|1 waffle, square (4" square):33
sr:175049	Bagels, plain, enriched, without calcium propionate (includes onion, poppy, sesame)	usda	275	10.5	53.4	1.6	1 oz:28.4|1 mini bagel (2-1/2" dia):26|1 small bagel (3" dia):69|1 medium bagel (3-1/2" to 4" dia):105|1 large bagel (4-1/2" dia):131
sr:175050	Bagels, plain, unenriched, with calcium propionate (includes onion, poppy, sesame)	usda	275	10.5	53.4	1.6	1 oz:28.4|1 mini bagel (2-1/2" dia):26|1 small bagel (3" dia):69|1 medium bagel (3-1/2" to 4"):105|1 large bagel (4-1/2" dia):131
sr:175051	Bagels, plain, unenriched, without calcium propionate(includes onion, poppy, sesame)	usda	275	10.5	53.4	1.6	1 oz:28.4|1 mini bagel (2-1/2" dia):26|1 small bagel (3" dia):69|1 medium bagel (3-1/2" to 4" dia):105|1 large bagel (4-1/2" dia):131
sr:175052	Cake, coffeecake, cinnamon with crumb topping, commercially prepared, unenriched	usda	418	6.8	46.7	23.3	1 oz:28.4|1 individual cake:57|1 piece (1/9 of 20 oz cake):63
sr:175053	Cake, pound, commercially prepared, other than all butter, unenriched	usda	389	5.2	52.5	17.9	1 piece (1/10 of 10.6 oz cake):30|1 piece (1/12 of 12 oz cake):28|1 snack cake (2.5 oz):71
sr:175054	Cake, pudding-type, white, unenriched, dry mix	usda	423	3.9	81	9.5	1 oz:28.4|1 package (18.50 oz):524
sr:175055	Cake, yellow, unenriched, dry mix	usda	432	4.4	78.1	11.6	1 oz:28.4|1 package (18.50 oz):524
sr:175056	Crackers, saltines, low salt (includes oyster, soda, soup)	usda	421	9.5	74.34	8.85	0.5 oz:14.2|1 cup oyster crackers:45|1 cracker:3|1 cracker, round large:10|1 cracker, oyster:1|1 cracker, rectangle:6
sr:175057	Crackers, saltines, unsalted tops (includes oyster, soda, soup)	usda	434	9.2	71.5	11.8	0.5 oz:14.2|1 cracker:3
sr:175058	Crackers, standard snack-type, regular, low salt	usda	502	7.4	61	25.3	0.5 oz:14.2|1 cup, bite size:62|1 cup, crushed:72|1 cracker, rectangular:4|1 cracker, oval:3|1 cracker, round:3
sr:175059	Crackers, wheat, low salt	usda	473	8.6	64.9	20.6	0.5 oz:14.2|1 cup, crushed:83|1 cracker:2|1 cracker, thin square:2
sr:175060	Crackers, cheese, low sodium	usda	503	10.1	58.2	25.3	0.5 oz:14.2|1 cup Cheez-its:62|1 cup, crushed:72|1 gold fish:0.6|1 cracker (1" square):1
sr:175061	Danish pastry, raspberry, unenriched	usda	371	5.4	47.8	18.5	1 oz:28.4|1 pastry (4-1/4" dia):71
sr:175062	Doughnuts, yeast-leavened, glazed, unenriched (includes honey buns)	usda	403	6.4	44.3	22.8	1 oz:28.4|1 doughnut, medium (3-1/4" dia):60
sr:175063	English muffins, plain, enriched, without calcium propionate(includes sourdough)	usda	235	7.7	46	1.8	1 oz:28.4|1 muffin:57
sr:175064	Pie, fried pies, lemon	usda	316	3	42.6	16.1	1 oz:28.4|1 pie (5" x 3-3/4"):128
sr:175065	Pie crust, standard-type, frozen, ready-to-bake, unenriched	usda	457	3.9	44.1	29.2	1 crust, single 9":142|1 piece (1/8 of 9" crust):16
sr:175066	Popovers, dry mix, unenriched	usda	371	10.4	71	4.3	1 oz:28.4|1 package (6 oz):170
sr:175067	Taco shells, baked, without added salt	usda	468	7.2	62.4	22.6	1 oz:28.4|1 medium (approx 5" dia):13|1 miniature (3" dia):5
sr:175068	Crackers, saltines, fat-free, low-sodium	usda	393	10.5	82.3	1.6	3 saltines:15|6 saltines:30
sr:175069	Tart, breakfast, low fat	usda	372	3.99	76.8	5.99	1 tart:52
sr:175070	Archway Home Style Cookies, Sugar Free Oatmeal	usda	442	5.54	67.2	20.92	1 serving:24
sr:175071	Archway Home Style Cookies, Chocolate Chip Ice Box	usda	497	4.28	65.02	24.4	1 serving:24
sr:175072	Archway Home Style Cookies, Iced Oatmeal	usda	435	4.89	66.76	16.53	1 serving:28
sr:175073	Archway Home Style Cookies, Molasses	usda	403	4.25	69.41	12.06	1 serving:26
sr:175074	Archway Home Style Cookies, Oatmeal	usda	421	5.48	68.17	14.08	1 serving:25
sr:175075	Archway Home Style Cookies, Oatmeal Raisin	usda	406	5.17	69.27	12.08	1 serving:26
sr:175076	Archway Home Style Cookies, Strawberry Filled	usda	400	4.35	65.92	13.26	1 serving:25
sr:175077	Archway Home Style Cookies, Reduced Fat Ginger Snaps	usda	424	4.67	76.23	11.14	1 serving:32
sr:175078	Artificial Blueberry Muffin Mix, dry	usda	407	4.7	77.45	8.7	1 muffin:31
sr:175079	Kraft, Stove Top Stuffing Mix Chicken Flavor	usda	381	12.6	73.1	4.1	1 NLEA serving (makes 1/2 cup prepared):28
sr:175080	Martha White Foods, Martha White's Chewy Fudge Brownie Mix, dry	usda	407	4.42	83.58	6.16	1 serving:28
sr:175081	Martha White Foods, Martha White's Buttermilk Biscuit Mix, dry	usda	388	7.81	59.41	13.23	1 serving:41
sr:175082	Mission Foods, Mission Flour Tortillas, Soft Taco, 8 inch	usda	287	8.7	49.6	6	1 serving:51
sr:175083	Nabisco, Nabisco Grahams Crackers	usda	424	6.99	76.2	10	1 serving:28
sr:175084	Nabisco, Nabisco Oreo Crunchies, Cookie Crumb Topping	usda	476	4.78	70.23	21.5	1 serving:11
sr:175085	Game meat, deer, cooked, roasted	usda	158	30.21	0	3.19	3 oz:85|1 piece, cooked (yield from 1 lb raw meat, boneless):340
sr:175086	Game meat, horse, raw	usda	133	21.39	0	4.6	1 oz:28.4|1 lb:453.6
sr:175087	Game meat, horse, cooked, roasted	usda	175	28.14	0	6.05	3 oz:85|1 piece, cooked (yield from 1 lb raw meat, boneless):340
sr:175088	Beverages, tea, instant, lemon, unsweetened	usda	345	7.4	78.52	0.18	1 tsp, rounded:1.4|2 tbsp, rounded:11.3
sr:175089	Beverages, tea, instant, lemon, sweetened, powder	usda	401	0.12	98.55	0.73	1 serving (3 heaping tsp):23|1 cup:182
sr:175090	Beverages, tea, instant, lemon, sweetened, prepared with water	usda	35	0.01	8.61	0.06	1 cup (8 fl oz):259
sr:175091	Beverages, tea, instant, sweetened with sodium saccharin, lemon-flavored, powder	usda	338	3.3	85.4	0.6	2 tsp:1.6|4 tbsp (1/4 cup):14.4
sr:175092	Beverages, cocoa mix, with aspartame, powder, prepared with water	usda	29	1.21	5.61	0.23	1 fl oz:32.1|1 serving dry mix with 6 fl oz water:192
sr:175093	Beverages, carbonated, cola, fast-food cola	usda	37	0.07	9.56	0.02	1 serving child 12 fl oz, without ice:258|1 serving small 16 fl oz, without ice:347|1 serving medium 21 fl oz, without ice:486|1 serving large 32 fl oz, without ice:722
sr:175094	Beverages, fruit punch juice drink, frozen concentrate	usda	175	0.3	43.1	0.7	1 fl oz:35.2|1 can (12 fl oz):423
sr:175095	Beverages, fruit punch juice drink, frozen concentrate, prepared with water	usda	42	0.07	11.4	0.17	1 fl oz:29.3|8 fl oz:234
sr:175097	Alcoholic beverage, liqueur, coffee, 53 proof	usda	336	0.1	46.8	0.3	1 fl oz:34.8|1 serving 1.5 fl oz:52
sr:175098	Alcoholic beverage, liqueur, coffee with cream, 34 proof	usda	327	2.8	20.9	15.7	1 fl oz:31.1|1.5 fl oz:47
sr:175099	Beverages, carbonated, low calorie, cola or pepper-type, with aspartame, contains caffeine	usda	2	0.11	0.29	0.03	1 fl oz:29.6|1 can can 12 fl oz:355|1 bottle bottle 16 fl oz:473|1 serving child 12 fl oz:258|1 serving small 16 fl oz:347|1 serving medium 21 fl oz:486
sr:175100	Beverages, Orange drink, breakfast type, with juice and pulp, frozen concentrate	usda	153	0.4	39	0	1 fl oz:36.3|1 can:436
sr:175101	Beverages, Orange drink, breakfast type, with juice and pulp, frozen concentrate, prepared with water	usda	45	0.12	11.32	0	1 fl oz:31.3|8 fl oz:250
sr:175102	Beverages, shake, fast food, strawberry	usda	113	3.4	18.9	2.8	1 fl oz:23.5|1 serving small 12 fl oz:282|1 serving medium 16 fl oz:376|1 serving large 21 fl oz:494
sr:175105	Beverages, orange breakfast drink, ready-to-drink, with added nutrients	usda	53	0	13.2	0	1 fl oz:31.6|1 cup (8 fl oz):253
sr:175108	Beverages, COCA-COLA, POWERADE, lemon-lime flavored, ready-to-drink	usda	32	0	7.84	0.05	1 fl oz:30.5|8 fl oz:244|12 fl oz:365
sr:175109	Beverages, Propel Zero, fruit-flavored, non-carbonated	usda	5	0	1.14	0	1 fl oz:29.6|1 bottle 16.9 fl oz:501|1 bottle 12 fl oz:356|1 bottle 23.7 fl oz:703
sr:175110	Beverages, ARIZONA, tea, ready-to-drink, lemon	usda	39	0	9.77	0	1 fl oz:30.6|8 bottle 8 fl oz:227|1 bottle 12 fl oz:368|1 bottle 20 fl oz:613
sr:175111	Beverages, LIPTON BRISK, tea, black, ready-to-drink, lemon	usda	35	0	8.81	0	1 fl oz:30.6|1 bottle 8 fl oz:245|1 bottle 12 fl oz:367
sr:175112	Alcoholic beverage, wine, dessert, dry	usda	152	0.2	11.67	0	1 fl oz:29.5|1 glass (3.5 fl oz):103
sr:175114	Beverages, Cocoa mix, low calorie, powder, with added calcium, phosphorus, aspartame, without added sodium or vitamin A	usda	359	25.1	58	3	1 envelope Swiss Miss (.53 oz):15|1 packet (0.675 oz):19
sr:175115	Beverages, fruit punch-flavor drink, powder, without added sodium, prepared with water	usda	37	0	9.47	0.01	1 fl oz:32.7|8 fl oz:262
sr:175116	Fish, herring, Atlantic, raw	usda	158	17.96	0	9.04	1 oz, boneless:28.4|1 fillet:184|3 oz:85
sr:175117	Fish, herring, Atlantic, cooked, dry heat	usda	203	23.03	0	11.59	1 fillet:143|3 oz:85
sr:175118	Fish, herring, Atlantic, pickled	usda	262	14.19	9.64	18	1 cup:140|1 oz, boneless:28.4|1 cubic inch:20|1 piece (1-3/4" x 7/8" x 1/2"):15
sr:175119	Fish, mackerel, Atlantic, raw	usda	205	18.6	0	13.89	1 fillet:112|3 oz:85
sr:175120	Fish, mackerel, Atlantic, cooked, dry heat	usda	262	23.85	0	17.81	1 fillet:88|3 oz:85
sr:175121	Fish, mackerel, jack, canned, drained solids	usda	156	23.19	0	6.3	1 oz, boneless:28.4|1 cup:190|1 cubic inch:16|1 can (15 oz):361
sr:175122	Fish, mackerel, king, raw	usda	105	20.28	0	2	3 oz:85|0.5 fillet:198
sr:175123	Fish, mullet, striped, raw	usda	117	19.35	0	3.79	1 oz:28.4|1 fillet:119|3 oz:85
sr:175124	Fish, mullet, striped, cooked, dry heat	usda	150	24.81	0	4.86	1 fillet:93|3 oz:85
sr:175125	Fish, ocean perch, Atlantic, raw	usda	79	15.31	0	1.54	1 oz, boneless:28.4|1 fillet:64|3 oz:85
sr:175126	Fish, ocean perch, Atlantic, cooked, dry heat	usda	96	18.51	0	1.87	1 fillet:50|3 oz:85
sr:175127	Fish, pike, northern, cooked, dry heat	usda	113	24.69	0	0.88	3 oz:85|0.5 fillet:155
sr:175128	Fish, pike, walleye, raw	usda	93	19.14	0	1.22	3 oz:85|1 fillet:159
sr:175129	Fish, pollock, Atlantic, raw	usda	92	19.44	0	0.98	3 oz:85|0.5 fillet:193
sr:175130	Fish, pollock, Alaska, raw (may contain additives to retain moisture)	usda	56	12.19	0	0.41	1 fillet:77|3 oz:85
sr:175131	Fish, rockfish, Pacific, mixed species, cooked, dry heat	usda	109	22.23	0	1.62	1 fillet:149|3 oz:85
sr:175132	Fish, roe, mixed species, raw	usda	143	22.32	1.5	6.42	1 tbsp:14|1 oz:28.4|1 can (8 oz), solids and liquid:227|3 oz:85
sr:175133	Fish, roughy, orange, raw	usda	76	16.41	0	0.7	3 oz:85
sr:175134	Fish, sablefish, raw	usda	195	13.41	0	15.3	3 oz:85|0.5 fillet:193
sr:175135	Fish, salmon, chum, canned, drained solids with bone	usda	141	21.43	0	5.5	3 oz:85|1 can:369
sr:175136	Fish, salmon, coho, wild, raw	usda	146	21.62	0	5.93	3 oz:85|0.5 fillet:198
sr:175137	Fish, salmon, coho, wild, cooked, moist heat	usda	184	27.36	0	7.5	3 oz:85|0.5 fillet:155
sr:175138	Fish, salmon, pink, raw	usda	127	20.5	0	4.4	3 oz:85|0.5 fillet:159
sr:175139	Fish, sardine, Atlantic, canned in oil, drained solids with bone	usda	208	24.62	0	11.45	1 cup, drained:149|1 oz:28.4|1 cubic inch:16|1 can (3.75 oz):92|1 small (2-2/3" x 1/2" x 1/4"):12|2 sardines:24
sr:175140	Fish, sardine, Pacific, canned in tomato sauce, drained solids with bone	usda	185	20.86	0.54	10.45	1 cup:89|1 can:370|1 sardine:38
sr:175141	Fish, scup, raw	usda	105	18.88	0	2.73	3 oz:85|1 oz, boneless:28.4|1 fillet:64|1 cup:166
sr:175142	Fish, sea bass, mixed species, raw	usda	97	18.43	0	2	1 fillet:129|3 oz:85
sr:175143	Fish, shark, mixed species, cooked, batter-dipped and fried	usda	228	18.62	6.39	13.82	3 oz:85
sr:175144	Fish, sheepshead, raw	usda	108	20.21	0	2.41	3 oz:85|1 fillet:238
sr:175145	Fish, sheepshead, cooked, dry heat	usda	126	26.02	0	1.63	3 oz:85|1 fillet:186
sr:175146	Fish, smelt, rainbow, raw	usda	97	17.63	0	2.42	3 oz:85
sr:175147	Fish, smelt, rainbow, cooked, dry heat	usda	124	22.6	0	3.1	3 oz:85
sr:175148	Fish, sturgeon, mixed species, cooked, dry heat	usda	135	20.7	0	5.18	3 oz:85|1 cup, cooked:136|1 piece (4-1/2" x 2-1/8" x 7/8"):145|1 oz, boneless:28.4|1 cubic inch, boneless:17
sr:175149	Fish, sturgeon, mixed species, smoked	usda	173	31.2	0	4.4	1 oz:28.4|3 oz:85
sr:175150	Fish, sucker, white, raw	usda	92	16.76	0	2.32	3 oz:85|1 fillet:159
sr:175151	Fish, sunfish, pumpkin seed, raw	usda	89	19.4	0	0.7	1 fillet:48|3 oz:85
sr:175152	Fish, tilefish, cooked, dry heat	usda	147	24.49	0	4.69	0.5 fillet:150|3 oz:85
sr:175153	Fish, trout, mixed species, raw	usda	148	20.77	0	6.61	1 fillet:79|3 oz:85
sr:175154	Fish, trout, rainbow, wild, raw	usda	119	20.48	0	3.46	3 oz:85|1 fillet:159
sr:175155	Fish, trout, rainbow, wild, cooked, dry heat	usda	150	22.92	0	5.82	1 fillet:143|3 oz:85
sr:175156	Fish, tuna, fresh, skipjack, raw	usda	103	22	0	1.01	3 oz:85|0.5 fillet:198
sr:175157	Fish, tuna, white, canned in oil, drained solids	usda	186	26.53	0	8.08	3 oz:85|1 can:178
sr:175158	Fish, tuna, white, canned in water, drained solids	usda	128	23.62	0	2.97	3 oz:85|1 can:172
sr:175159	Fish, tuna, fresh, yellowfin, raw	usda	109	24.4	0	0.49	1 oz, boneless:28.4|1 cubic inch, boneless:16|3 oz:85
sr:175160	Fish, tuna salad	usda	187	16.04	9.41	9.26	3 oz:85|1 cup:205
sr:175161	Fish, whiting, mixed species, cooked, dry heat	usda	116	23.48	0	1.69	1 fillet:72|3 oz:85
sr:175162	Fish, wolffish, Atlantic, raw	usda	96	17.5	0	2.39	3 oz:85|0.5 fillet:153
sr:175163	Fish, yellowtail, mixed species, raw	usda	146	23.14	0	5.24	3 oz:85|0.5 fillet:187
sr:175164	Crustaceans, crab, alaska king, raw	usda	84	18.29	0	0.6	3 oz:85|1 leg:172
sr:175165	Fish, catfish, channel, farmed, raw	usda	119	15.23	0	5.94	3 oz:85|1 fillet:159
sr:175166	Fish, catfish, channel, farmed, cooked, dry heat	usda	144	18.44	0	7.19	1 fillet:143|3 oz:85
sr:175167	Fish, salmon, Atlantic, farmed, raw	usda	208	20.42	0	13.42	3 oz:85|0.5 fillet:198
sr:175168	Fish, salmon, Atlantic, farmed, cooked, dry heat	usda	206	22.1	0	12.35	3 oz:85|0.5 fillet:178
sr:175169	Crustaceans, crayfish, mixed species, farmed, raw	usda	72	14.85	0	0.97	3 oz:85|8 crayfish:27
sr:175170	Crustaceans, crayfish, mixed species, farmed, cooked, moist heat	usda	87	17.52	0	1.3	3 oz:85
sr:175171	Mollusks, oyster, eastern, wild, cooked, dry heat	usda	79	8.87	4.23	2.65	3 oz:85|6 medium:59
sr:175172	Mollusks, oyster, eastern, farmed, raw	usda	59	5.22	5.53	1.55	3 oz:85|6 medium:84
sr:175173	Mollusks, oyster, eastern, farmed, cooked, dry heat	usda	79	7	7.28	2.12	3 oz:85|6 medium:59
sr:175174	Salmon, sockeye, canned, total can contents	usda	153	20.63	0	7.17	3 oz:85|1 can total can contents:417
sr:175175	Fish, salmon, pink, canned, drained solids	usda	138	23.1	0	5.02	3 oz:85|1 can drained solids (total):315
sr:175176	Fish, tilapia, raw	usda	96	20.08	0	1.7	1 fillet:116
sr:175177	Fish, tilapia, cooked, dry heat	usda	128	26.15	0	2.65	1 fillet:87
sr:175178	Fish, cod, Pacific, cooked	usda	84	20.42	0	0.25	3 oz:85
sr:175179	Crustaceans, shrimp, raw	usda	85	20.1	0	0.51	3 oz:85
sr:175180	Crustaceans, shrimp, cooked	usda	99	23.98	0.2	0.28	3 oz:85
sr:175181	Fish, trout, brook, raw, New York State	usda	110	21.23	0	2.73	1 filet:149|1 fish:332
sr:175182	Beans, baked, canned, plain or vegetarian	usda	94	4.75	21.14	0.37	1 cup:254
sr:175183	Beans, baked, canned, with beef	usda	121	6.38	16.91	3.45	1 cup:266
sr:175184	Beans, baked, canned, with franks	usda	142	6.75	15.39	6.57	1 cup:259
sr:175185	Beans, baked, canned, with pork	usda	106	5.19	19.99	1.55	1 cup:253
sr:175186	Beans, black turtle, mature seeds, raw	usda	339	21.25	63.25	0.9	1 cup:184
sr:175187	Beans, black turtle, mature seeds, cooked, boiled, without salt	usda	130	8.18	24.35	0.35	1 cup:185
sr:175188	Beans, black turtle, mature seeds, canned	usda	91	6.03	16.55	0.29	1 cup:240
sr:175189	Beans, cranberry (roman), mature seeds, raw	usda	335	23.03	60.05	1.23	1 cup:195
sr:175190	Beans, great northern, mature seeds, raw (Includes foods for USDA's Food Distribution Program)	usda	339	21.86	62.37	1.14	1 cup:183
sr:175191	Beans, great northern, mature seeds, cooked, boiled, without salt	usda	118	8.33	21.09	0.45	1 cup:177
sr:175192	Beans, great northern, mature seeds, canned	usda	114	7.37	21.02	0.39	1 cup:262
sr:175193	Beans, kidney, all types, mature seeds, raw	usda	333	23.58	60.01	0.83	1 cup:184
sr:175194	Beans, kidney, red, mature seeds, cooked, boiled, without salt	usda	127	8.67	22.8	0.5	1 cup:177|1 tbsp:11
sr:175195	Beans, kidney, red, mature seeds, canned, solids and liquids	usda	81	5.22	14.83	0.36	1 cup:256|1 tbsp:16|1 can:436
sr:175196	Beans, kidney, royal red, mature seeds, raw	usda	329	25.33	58.33	0.45	1 cup:184
sr:175197	Beans, kidney, royal red, mature seeds, cooked, boiled, without salt	usda	123	9.49	21.85	0.17	1 cup:177
sr:175198	Beans, pink, mature seeds, cooked, boiled, without salt	usda	149	9.06	27.91	0.49	1 cup:169
sr:175199	Beans, pinto, mature seeds, raw (Includes foods for USDA's Food Distribution Program)	usda	347	21.42	62.55	1.23	1 cup:193|1 tbsp:12
sr:175200	Beans, pinto, mature seeds, cooked, boiled, without salt	usda	143	9.01	26.22	0.65	1 cup:171|1 tbsp:10.6
sr:175201	Beans, pinto, mature seeds, canned, solids and liquids	usda	82	4.6	15.18	0.56	1 cup:240|1 can:442
sr:175202	Beans, white, mature seeds, raw	usda	333	23.36	60.27	0.85	1 cup:202|1 tbsp:12.6
sr:175203	Beans, white, mature seeds, cooked, boiled, without salt	usda	139	9.73	25.09	0.35	1 cup:179|1 tbsp:11.2
sr:175204	Beans, white, mature seeds, canned	usda	114	7.26	21.2	0.29	1 cup:262
sr:175205	Broadbeans (fava beans), mature seeds, raw	usda	341	26.12	58.29	1.53	1 cup:150|1 tbsp:9.4
sr:175206	Chickpeas (garbanzo beans, bengal gram), mature seeds, canned, solids and liquids	usda	88	4.92	13.49	1.95	1 cup:240|1 can (total can contents):448
sr:175207	Chili with beans, canned	usda	103	6.12	13.24	3.76	1 cup:256|1 tbsp:16
sr:175208	Cowpeas, catjang, mature seeds, raw	usda	343	23.85	59.64	2.07	1 cup:167
sr:175209	Cowpeas, catjang, mature seeds, cooked, boiled, without salt	usda	117	8.13	20.32	0.71	1 cup:171
sr:175210	Hyacinth beans, mature seeds, raw	usda	344	23.9	60.74	1.69	1 cup:210
sr:175211	Hyacinth beans, mature seeds, cooked, boiled, without salt	usda	117	8.14	20.69	0.58	1 cup:194
sr:175212	Vitasoy USA, Vitasoy Organic Creamy Original Soymilk	usda	44	2.9	4.5	1.6	1 cup:243|1 serving:243
sr:175213	Vitasoy USA, Vitasoy Organic Classic Original Soymilk	usda	47	3.2	4.5	1.8	1 cup:243|1 serving:243
sr:175214	Vitasoy USA, Vitasoy Light Vanilla Soymilk	usda	30	1.6	4.1	0.82	1 cup:243|1 serving:243
sr:175215	Soymilk (all flavors), unsweetened, with added calcium, vitamins A and D	usda	33	2.86	1.74	1.61	1 cup:243
sr:175216	Soymilk (all flavors), nonfat, with added calcium, vitamins A and D	usda	28	2.47	4.14	0.04	1 cup:243
sr:175217	Soymilk, chocolate, nonfat, with added calcium, vitamins A and D	usda	44	2.47	8.51	0.04	1 cup:243
sr:175218	SILK Plain, soymilk	usda	41	2.88	3.29	1.65	1 cup:243
sr:175219	SILK Vanilla, soymilk	usda	41	2.47	4.12	1.44	1 cup:243
sr:175220	SILK Plus Omega-3 DHA, soymilk	usda	45	2.88	3.29	2.06	1 cup:243
sr:175221	SILK Plus for Bone Health, soymilk	usda	41	2.47	4.53	1.44	1 cup:243
sr:175222	SILK Plus Fiber, soymilk	usda	41	2.47	5.76	1.44	1 cup:243
sr:175223	SILK Unsweetened, soymilk	usda	33	2.88	1.65	1.65	1 cup:243
sr:175224	SILK Coffee, soymilk	usda	62	2.06	10.29	1.44	1 cup:243
sr:175225	SILK Vanilla soy yogurt (family size)	usda	79	2.64	13.66	1.76	1 container:227
sr:175226	SILK Vanilla soy yogurt (single serving size)	usda	88	2.94	14.71	1.76	1 container:170
sr:175227	SILK Plain soy yogurt	usda	66	2.64	9.69	1.76	1 container:227
sr:175228	SILK Strawberry soy yogurt	usda	94	2.35	18.24	1.18	1 container:170
sr:175229	SILK Key Lime soy yogurt	usda	88	2.35	17.65	1.18	1 container:170
sr:175230	SILK Banana-Strawberry soy yogurt	usda	88	2.35	17.06	1.18	1 container:170
sr:175231	SILK Original Creamer	usda	100	0	6.67	6.67	1 tbsp:15
sr:175232	SILK French Vanilla Creamer	usda	133	0	20	6.67	1 tbsp:15
sr:175233	Vitasoy USA Organic Nasoya, Tofu Plus Firm	usda	74	9.19	1.71	3.4	3 oz:85
sr:175234	Vitasoy USA Organic Nasoya Sprouted, Tofu Plus Super Firm	usda	115	13.24	2.16	5.9	3 oz:85
sr:175235	Vitasoy USA Azumaya, Extra Firm Tofu	usda	88	10.07	1.53	4.6	0.2 package:79
sr:175236	Vitasoy USA Azumaya, Firm Tofu	usda	80	9.08	1.52	4.2	0.2 package:79
sr:175237	Beans, black, mature seeds, cooked, boiled, with salt	usda	132	8.86	23.71	0.54	1 cup:172
sr:175238	Beans, black, mature seeds, canned, low sodium	usda	91	6.03	16.55	0.29	1 cup:240
sr:175239	Beans, black turtle, mature seeds, cooked, boiled, with salt	usda	130	8.18	24.35	0.35	1 cup:185
sr:175240	Beans, cranberry (roman), mature seeds, cooked, boiled, with salt	usda	136	9.34	24.46	0.46	1 cup:177
sr:175241	Beans, french, mature seeds, cooked, boiled, with salt	usda	129	7.05	24.02	0.76	1 cup:177
sr:175242	Beans, kidney, red, mature seeds, cooked, boiled, with salt	usda	127	8.67	22.8	0.5	1 cup:177
sr:175243	Beans, kidney, red, mature seeds, canned, drained solids, rinsed in tap water	usda	121	8.12	20.8	0.93	1 cup cup rinsed solids:158
sr:175244	Beans, kidney, royal red, mature seeds, cooked, boiled with salt	usda	123	9.49	21.85	0.17	1 cup:177
sr:175245	Beans, kidney, red, mature seeds, canned, solids and liquid, low sodium	usda	81	5.22	14.83	0.36	1 cup:256|1 can total can contents:436
sr:175246	Beans, small white, mature seeds, cooked, boiled, with salt	usda	142	8.97	25.81	0.64	1 cup:179
sr:175247	Beans, pinto, mature seeds, canned, solids and liquids, low sodium	usda	82	4.6	15.18	0.56	1 cup:240|1 can total can contents:442
sr:175248	Beans, yellow, mature seeds, cooked, boiled, with salt	usda	144	9.16	25.28	1.08	1 cup:177
sr:175249	Beans, white, mature seeds, cooked, boiled, with salt	usda	139	9.73	25.09	0.35	1 cup:179
sr:175250	Chickpeas (garbanzo beans, bengal gram), mature seeds, canned, solids and liquids, low sodium	usda	88	4.92	13.49	1.95	1 cup:240|1 can total can contents:448
sr:175251	Cowpeas, catjang, mature seeds, cooked, boiled, with salt	usda	117	8.13	20.32	0.71	1 cup:171
sr:175252	Cowpeas, common (blackeyes, crowder, southern), mature seeds, cooked, boiled, with salt	usda	116	7.73	20.76	0.53	1 cup:171
sr:175253	Hyacinth beans, mature seeds, cooked, boiled, with salt	usda	117	8.14	20.7	0.58	1 cup:194
sr:175254	Lentils, mature seeds, cooked, boiled, with salt	usda	114	9.02	19.54	0.38	1 cup:198
sr:175255	Mung beans, mature seeds, cooked, boiled, with salt	usda	105	7.02	19.15	0.38	1 cup:202
sr:175256	Mungo beans, mature seeds, cooked, boiled, with salt	usda	105	7.54	18.34	0.55	1 cup:180
sr:175257	Peas, split, mature seeds, cooked, boiled, with salt	usda	116	8.34	20.51	0.39	1 cup:196
sr:175258	Peanuts, all types, oil-roasted, without salt	usda	599	28.03	15.26	52.5	1 cup,:144|1 oz shelled (32 nuts):28.4
sr:175259	Lamb, New Zealand, imported, frozen, loin, separable lean and fat, cooked, broiled	usda	315	23.43	0	23.88	3 oz:85|1 chop, excluding refuse (yield from 1 raw chop, with refuse, weighing 85 g):43
sr:175260	Lamb, New Zealand, imported, rack - partly frenched, separable lean only, raw	usda	160	20.65	0	8.61	4 oz:113|1 serving:115
sr:175261	Lamb, New Zealand, imported, rack - partly frenched, separable lean only, cooked, fast roasted	usda	193	24.43	0	10.63	3 oz:85|1 serving:85
sr:175262	Lamb, New Zealand, imported, square-cut shoulder, separable lean and fat, raw	usda	272	16.16	0.24	22.89	4 oz:113|1 serving:115
sr:175263	Lamb, New Zealand, imported, frozen, shoulder, whole (arm and blade), separable lean and fat, cooked, braised	usda	357	28.21	0	26.27	3 oz:85|1 piece, cooked, excluding refuse (yield from 1 lb raw meat with refuse):206
sr:175264	Lamb, New Zealand, imported, square-cut shoulder, separable lean only, raw	usda	154	19.72	0	8.3	4 oz:113|1 serving:115
sr:175265	Veal, composite of trimmed retail cuts, separable lean only, cooked	usda	196	31.9	0	6.58	3 oz:85|1 piece, cooked, excluding refuse (yield from 1 lb raw meat with refuse):192
sr:175266	Veal, composite of trimmed retail cuts, separable fat, raw	usda	638	6.02	0	67.83	1 oz:28.4|1 lb:453.6
sr:175267	Veal, composite of trimmed retail cuts, separable fat, cooked	usda	642	9.42	0	66.74	3 oz:85|1 unit, cooked (yield from 1 lb raw meat):290
sr:175268	Veal, leg (top round), separable lean and fat, raw	usda	117	20.98	0	3.08	4 oz:113|1 lb:453.6
sr:175269	Veal, leg (top round), separable lean only, raw	usda	107	21.28	0	1.76	4 oz:113|1 lb:453.6
sr:175270	Veal, leg (top round), separable lean only, cooked, braised	usda	203	36.71	0	5.09	3 oz:85|1 piece, cooked, excluding refuse (yield from 1 lb raw meat with refuse):267
sr:175271	Veal, leg (top round), separable lean only, cooked, pan-fried, breaded	usda	216	28.41	9.84	6.27	3 oz:85|1 unit, cooked (yield from 1 lb raw meat):295
sr:175272	Veal, leg (top round), separable lean only, cooked, pan-fried, not breaded	usda	183	33.17	0	4.62	3 oz:85|1 piece, cooked, excluding refuse (yield from 1 lb raw meat with refuse):289
sr:175273	Veal, loin, separable lean only, cooked, braised	usda	226	33.57	0	9.15	3 oz:85|1 chop, excluding refuse (yield from 1 raw chop, with refuse, weighing 195 g):69
sr:175274	Veal, loin, separable lean only, cooked, roasted	usda	175	26.32	0	6.94	3 oz:85|1 piece, cooked, excluding refuse (yield from 1 lb raw meat with refuse):208
sr:175275	Veal, rib, separable lean and fat, raw	usda	162	18.86	0	9.01	1 oz:28.4|1 lb:453.6
sr:175276	Veal, rib, separable lean and fat, cooked, braised	usda	251	32.43	0	12.53	3 oz:85|1 piece, cooked, excluding refuse (yield from 1 lb raw meat with refuse):177
sr:175277	Veal, shoulder, whole (arm and blade), separable lean and fat, raw	usda	130	19.27	0	5.28	1 oz:28.4|1 lb:453.6
sr:175278	Veal, shoulder, whole (arm and blade), separable lean and fat, cooked, braised	usda	228	32.06	0	10.14	3 oz:85|1 piece, cooked, excluding refuse (yield from 1 lb raw meat with refuse):191
sr:175279	Veal, shoulder, whole (arm and blade), separable lean and fat, cooked, roasted	usda	184	25.32	0	8.42	3 oz:85|1 piece, cooked, excluding refuse (yield from 1 lb raw meat with refuse):258
sr:175280	Veal, shoulder, whole (arm and blade), separable lean only, raw	usda	112	19.79	0	3	1 oz:28.4|1 lb:453.6
sr:175281	Veal, shoulder, arm, separable lean and fat, cooked, roasted	usda	183	25.46	0	8.25	3 oz:85|1 piece, cooked, excluding refuse (yield from 1 lb raw meat with refuse):283
sr:175282	Veal, shoulder, arm, separable lean only, raw	usda	105	20.04	0	2.16	1 oz:28.4|1 steak, excluding refuse (yield from 1 raw steak, with refuse, weighing 385 g):289
sr:175283	Veal, shoulder, arm, separable lean only, cooked, braised	usda	201	35.73	0	5.33	3 oz:85|1 steak, excluding refuse (yield from 1 raw steak, with refuse, weighing 385 g):160
sr:175284	Veal, shoulder, arm, separable lean only, cooked, roasted	usda	164	26.13	0	5.81	3 oz:85|1 piece, cooked, excluding refuse (yield from 1 lb raw meat with refuse):272
sr:175285	Veal, shoulder, blade, separable lean only, cooked, roasted	usda	171	25.64	0	6.88	3 oz:85|1 piece, cooked, excluding refuse (yield from 1 lb raw meat with refuse):236
sr:175286	Veal, sirloin, separable lean and fat, raw	usda	152	19.07	0	7.81	1 oz:28.4|1 lb:453.6
sr:175287	Veal, sirloin, separable lean and fat, cooked, braised	usda	252	31.26	0	13.14	3 oz:85|1 piece, cooked, excluding refuse (yield from 1 lb raw meat with refuse):205
sr:175288	Veal, sirloin, separable lean and fat, cooked, roasted	usda	202	25.14	0	10.45	3 oz:85|1 piece, cooked, excluding refuse (yield from 1 lb raw meat with refuse):269
sr:175289	Veal, cubed for stew (leg and shoulder), separable lean only, cooked, braised	usda	188	34.94	0	4.31	3 oz:85|1 unit, cooked (yield from 1 lb raw meat):263
sr:175290	Veal, ground, raw	usda	197	18.58	0	13.06	3 oz:85|1 oz:28.4|4 oz:113
sr:175291	Veal, ground, cooked, broiled	usda	172	24.38	0	7.56	3 oz:85|1 unit, cooked (yield from 1 lb raw meat):299
sr:175292	Game meat, antelope, raw	usda	114	22.38	0	2.03	1 oz:28.4|1 lb:453.6
sr:175293	Bison, ground, grass-fed, raw	usda	146	20.23	0.05	7.21	1 patty (cooked from 4 oz raw):85|1 oz:28.4
sr:175294	Game meat, beaver, raw	usda	146	24.05	0	4.8	4 oz:113|1 lb:453.6
sr:175295	Game meat, beaver, cooked, roasted	usda	212	34.85	0	6.96	3 oz:85|1 piece, cooked (yield from 1 lb raw meat, boneless):313
sr:175296	Game meat, beefalo, composite of cuts, raw	usda	143	23.3	0	4.8	1 oz:28.4|1 lb:453.6
sr:175297	Game meat, boar, wild, raw	usda	122	21.51	0	3.33	1 oz:28.4|1 lb:453.6
sr:175298	Game meat, boar, wild, cooked, roasted	usda	160	28.3	0	4.38	3 oz:85|1 piece, cooked (yield from 1 lb raw meat, boneless):340
sr:175299	Game meat, buffalo, water, raw	usda	99	20.39	0	1.37	1 oz:28.4|1 lb:453.6
sr:175300	Game meat, buffalo, water, cooked, roasted	usda	131	26.83	0	1.8	3 oz:85|1 piece, cooked (yield from 1 lb raw meat, boneless):340
sr:175301	Game meat, elk, raw	usda	111	22.95	0	1.45	1 oz:28.4|1 lb:453.6
sr:175302	Game meat, elk, cooked, roasted	usda	146	30.19	0	1.9	3 oz:85|1 piece, cooked (yield from 1 lb raw meat, boneless):340
sr:175303	Game meat, goat, raw	usda	109	20.6	0	2.31	1 oz:28.4|1 lb:453.6
sr:175304	Game meat, goat, cooked, roasted	usda	143	27.1	0	3.03	3 oz:85|1 piece, cooked (yield from 1 lb raw meat, boneless):340
